figureId,book,chapter,topic,sourcePage,assetPath,sourceHash,assetHash,width,height,cropStatus,validationStatus
FIG_KEBO101_1_1,kebo101,1,1.1,8,/extracted_figures/kebo101_fig_1_1.png,SOURCE_kebo101_1_1.1,acb4cc6c01efc502a4cf26672efb31d65594f9ac2358323a0e53136a3112c3fc,276,63,TIGHT_CROP,VALID
FIG_KEBO102_2_1,kebo102,2,2.1,3,/extracted_figures/kebo102_fig_2_1.png,SOURCE_kebo102_2_2.1,b1fc533ffba8237b8580f230c8e17c96b2d307cde9db3ed105624a41ba9ee559,276,159,TIGHT_CROP,VALID
FIG_KEBO102_2_2,kebo102,2,2.2,4,/extracted_figures/kebo102_fig_2_2.png,SOURCE_kebo102_2_2.2,8c7385dd04553c5729ea8f17bd9d12bdbb2d2d8b3c64e5eebed4fab42f6eb5eb,276,49,TIGHT_CROP,VALID
FIG_KEBO102_2_3,kebo102,2,2.3,5,/extracted_figures/kebo102_fig_2_3.png,SOURCE_kebo102_2_2.3,6bccc53462c53a375d5432505c0b9d07180f53084bed2462e31ab12fac1e4cc5,276,225,TIGHT_CROP,VALID
FIG_KEBO102_2_4b,kebo102,2,2.4b,6,/extracted_figures/kebo102_fig_2_4b.png,SOURCE_kebo102_2_2.4b,0b9695a4d0b531b5eda6508d24e6b253f9caf8c68a90ed3665b87a2c07b5db7c,492,426,TIGHT_CROP,VALID
FIG_KEBO102_2_4,kebo102,2,2.4,6,/extracted_figures/kebo102_fig_2_4.png,SOURCE_kebo102_2_2.4,bfa2c76adc7d98ccb13c6a36e8eefa263a58aaf41ec8c9afd5cd74abe5e07220,276,75,TIGHT_CROP,VALID
FIG_KEBO102_2_4d,kebo102,2,2.4d,7,/extracted_figures/kebo102_fig_2_4d.png,SOURCE_kebo102_2_2.4d,4c7577e2e532e9d9571b2747d083e42e88e7c1f810d51e7af905fd01c87e7541,506,230,TIGHT_CROP,VALID
FIG_KEBO102_2_5a,kebo102,2,2.5a,8,/extracted_figures/kebo102_fig_2_5a.png,SOURCE_kebo102_2_2.5a,82d6b828bc17b368f4cf31475d44006baded8a6ca0fb1142ea98ea7ec8e4c4b4,506,708,TIGHT_CROP,VALID
FIG_KEBO102_2_5,kebo102,2,2.5,8,/extracted_figures/kebo102_fig_2_5.png,SOURCE_kebo102_2_2.5,2b6efa99c8fdd9a439f57364758727223eeae190334af3ba30653ad77616bf49,276,74,TIGHT_CROP,VALID
FIG_KEBO102_2_5b,kebo102,2,2.5b,9,/extracted_figures/kebo102_fig_2_5b.png,SOURCE_kebo102_2_2.5b,97715e295682dcdbe0616abad0cff8d37968a01f1f85343ad57fd16e76a9e396,506,188,TIGHT_CROP,VALID
FIG_KEBO102_2_5c,kebo102,2,2.5c,9,/extracted_figures/kebo102_fig_2_5c.png,SOURCE_kebo102_2_2.5c,3974a7b3978a42f35b85b54e3f9388fae419cbc0b6e6fbc1b34c3c3881f1f2c2,506,416,TIGHT_CROP,VALID
FIG_KEBO102_2_6a,kebo102,2,2.6a,11,/extracted_figures/kebo102_fig_2_6a.png,SOURCE_kebo102_2_2.6a,93edb487cf7b3505e137dc50a58d4f139f4727d51932ef2f753b816bc0779c5f,506,491,TIGHT_CROP,VALID
FIG_KEBO102_2_6b,kebo102,2,2.6b,11,/extracted_figures/kebo102_fig_2_6b.png,SOURCE_kebo102_2_2.6b,7a3c26c349f7cf744f7d825b007e06f386133dd8d83091408a5f36b034895b79,576,714,TIGHT_CROP,VALID
FIG_KEBO102_2_6,kebo102,2,2.6,11,/extracted_figures/kebo102_fig_2_6.png,SOURCE_kebo102_2_2.6,01096b74783e3a1acc5067ba33dd6642371e75d51c46de497b5da3581d625339,506,321,TIGHT_CROP,VALID
FIG_KEBO103_P1_1,kebo103,3,on,1,/extracted_figures/kebo103_p1_img1.jpx,SOURCE_kebo103_3_on,b113e7b4e730633255dc8f5b60e0125543a4a871eab704e0e38c1b037af0f9c6,1275,750,TIGHT_CROP,VALID
FIG_KEBO103_P1_2,kebo103,3,on,1,/extracted_figures/kebo103_p1_img2.jpx,SOURCE_kebo103_3_on,9c490718522acc293ba7f519cac59b7d45dd8e32513800f9b3a53ef49b01086c,177,177,TIGHT_CROP,VALID
FIG_KEBO103_P3_1,kebo103,3,3.1,3,/extracted_figures/kebo103_p3_img1.jpx,SOURCE_kebo103_3_3.1,b8427f63cd09a2435f77b7b8177578b0d4df27d726ee056d18496c5a7125a6e6,886,1189,TIGHT_CROP,VALID
FIG_KEBO103_3_1,kebo103,3,3.1,3,/extracted_figures/kebo103_fig_3_1.png,SOURCE_kebo103_3_3.1,38f0d5fd335b86a835e30436e649fe8bce04c3fc4bd4172b276abe4183c04db3,506,666,TIGHT_CROP,VALID
FIG_KEBO103_3_1a,kebo103,3,3.1a,4,/extracted_figures/kebo103_fig_3_1a.png,SOURCE_kebo103_3_3.1a,3dcedf32a89c6c8a706e1b287b65847439e30f690714bae56ffd910bed50ab03,506,491,TIGHT_CROP,VALID
FIG_KEBO103_3_1b,kebo103,3,3.1b,5,/extracted_figures/kebo103_fig_3_1b.png,SOURCE_kebo103_3_3.1b,b14b9f3f1e4c3b54e9f13f607d22e6853c718091e6b06088046f136e2dc2aef9,506,264,TIGHT_CROP,VALID
FIG_KEBO103_3_1c,kebo103,3,3.1c,6,/extracted_figures/kebo103_fig_3_1c.png,SOURCE_kebo103_3_3.1c,1ed98df995eadf9d1bb99d3569ac298d7813ca582ce8b7b49559bf80f9fdfaca,506,110,TIGHT_CROP,VALID
FIG_KEBO103_3_2,kebo103,3,3.2,6,/extracted_figures/kebo103_fig_3_2.png,SOURCE_kebo103_3_3.2,e584efc1368f57177cb429d3408d3eb0f4dc692bbc2200bc875626e09de9941a,506,495,TIGHT_CROP,VALID
FIG_KEBO103_P9_1,kebo103,3,3.3,9,/extracted_figures/kebo103_p9_img1.jpx,SOURCE_kebo103_3_3.3,4c3e43bacef2f6cf4f6c01f6eba5c6949eb83d9821863826c2b421f41cdf9d8f,320,427,TIGHT_CROP,VALID
FIG_KEBO103_P9_2,kebo103,3,on,9,/extracted_figures/kebo103_p9_img2.jpx,SOURCE_kebo103_3_on,1fb176bc1ad3b52a2b883e11c272247572a3cbb99052437b6ba719a6fe60979a,291,504,TIGHT_CROP,VALID
FIG_KEBO103_3_3,kebo103,3,3.3,9,/extracted_figures/kebo103_fig_3_3.png,SOURCE_kebo103_3_3.3,e79c0de843e00794a629012eb49ca189ef557406733a1656d0b8e761324b0dd2,506,662,TIGHT_CROP,VALID
FIG_KEBO103_P11_1,kebo103,3,3.4,11,/extracted_figures/kebo103_p11_img1.jpx,SOURCE_kebo103_3_3.4,aef641a618a76cdf36545be6ddd3b5202405d6dbe2ff83b4fbeb439968723d6f,332,442,TIGHT_CROP,VALID
FIG_KEBO103_P11_2,kebo103,3,on,11,/extracted_figures/kebo103_p11_img2.jpx,SOURCE_kebo103_3_on,1663a168b1a057e8488386f71b4a20e99982c3c826bbdb4bedea24aeb1c65eeb,415,311,TIGHT_CROP,VALID
FIG_KEBO103_3_4,kebo103,3,3.4,11,/extracted_figures/kebo103_fig_3_4.png,SOURCE_kebo103_3_3.4,3376fc978fe6c8af519b8eec70e0687a4c7b0e7ea9165c3096f2e3cc289632fd,276,188,TIGHT_CROP,VALID
FIG_KEBO103_P12_1,kebo103,3,3.5),12,/extracted_figures/kebo103_p12_img1.jpx,SOURCE_kebo103_3_3.5),ccb7137e9c0338d4a861b00235905ba88ab151c7f56c788fd78fa5d1495b2167,257,376,TIGHT_CROP,VALID
FIG_KEBO103_P12_2,kebo103,3,3.5,12,/extracted_figures/kebo103_p12_img2.jpx,SOURCE_kebo103_3_3.5,87e8ba236cdb5a4f036eae8e3e537d33e16f810ea20699dd6eaa51ae9776ca73,228,378,TIGHT_CROP,VALID
FIG_KEBO103_3_5,kebo103,3,3.5,12,/extracted_figures/kebo103_fig_3_5.png,SOURCE_kebo103_3_3.5,7aa653c4565707823849ad33e04a11935ce05a9ea697cd5f68277e9e0c5c7dc9,506,491,TIGHT_CROP,VALID
FIG_KEBO104_P1_1,kebo104,4,on,1,/extracted_figures/kebo104_p1_img1.jpx,SOURCE_kebo104_4_on,1db9e499390cbee0941f2df1e3fd1cd06cf1feaf3c7eb99fc492a21814847b4d,1275,750,TIGHT_CROP,VALID
FIG_KEBO104_4_1a,kebo104,4,4.1a,2,/extracted_figures/kebo104_fig_4_1a.png,SOURCE_kebo104_4_4.1a,1b84873f859132910df172568bd24a43d9fd96b99114fdc53994e206524c18d1,504,491,TIGHT_CROP,VALID
FIG_KEBO104_4_1b,kebo104,4,4.1b,2,/extracted_figures/kebo104_fig_4_1b.png,SOURCE_kebo104_4_4.1b,1b84873f859132910df172568bd24a43d9fd96b99114fdc53994e206524c18d1,504,491,TIGHT_CROP,VALID
FIG_KEBO104_4_2a,kebo104,4,4.2a,2,/extracted_figures/kebo104_fig_4_2a.png,SOURCE_kebo104_4_4.2a,69c65fcb11900c5773f94c294ed4dc975063ddbcf1831008f4b03cafed16c098,576,714,TIGHT_CROP,VALID
FIG_KEBO104_4_2,kebo104,4,4.2,2,/extracted_figures/kebo104_fig_4_2.png,SOURCE_kebo104_4_4.2,69c65fcb11900c5773f94c294ed4dc975063ddbcf1831008f4b03cafed16c098,576,714,TIGHT_CROP,VALID
FIG_KEBO104_4_1,kebo104,4,4.1,2,/extracted_figures/kebo104_fig_4_1.png,SOURCE_kebo104_4_4.1,34ae387293358a114207ef44110d6c9c4d0328af46a9efa479ce98c2c814bdc1,276,236,TIGHT_CROP,VALID
FIG_KEBO104_4_3a,kebo104,4,4.3a,3,/extracted_figures/kebo104_fig_4_3a.png,SOURCE_kebo104_4_4.3a,f2c5a1370264d0fa6010957d5e7b1be28512f6764201c6e836e147f01729b31a,281,395,TIGHT_CROP,VALID
FIG_KEBO104_4_3b,kebo104,4,4.3b,3,/extracted_figures/kebo104_fig_4_3b.png,SOURCE_kebo104_4_4.3b,f2c5a1370264d0fa6010957d5e7b1be28512f6764201c6e836e147f01729b31a,281,395,TIGHT_CROP,VALID
FIG_KEBO104_4_3c,kebo104,4,4.3c,3,/extracted_figures/kebo104_fig_4_3c.png,SOURCE_kebo104_4_4.3c,f2c5a1370264d0fa6010957d5e7b1be28512f6764201c6e836e147f01729b31a,281,395,TIGHT_CROP,VALID
FIG_KEBO104_4_3,kebo104,4,4.3,3,/extracted_figures/kebo104_fig_4_3.png,SOURCE_kebo104_4_4.3,2ae27de8314b2f8fe2b71f5aecd14d495e4dcd212e78f6f6a8824c62ee3a5c1f,276,272,TIGHT_CROP,VALID
FIG_KEBO104_4_2b,kebo104,4,4.2b,3,/extracted_figures/kebo104_fig_4_2b.png,SOURCE_kebo104_4_4.2b,b8e77c67ee839ac2e669261c4ff9c12373630e33224b5aeefef92b8e80cb2bc4,506,112,TIGHT_CROP,VALID
FIG_KEBO104_P4_1,kebo104,4,4.5),4,/extracted_figures/kebo104_p4_img1.jpx,SOURCE_kebo104_4_4.5),c55dcd7fefca034d1ba4e4c19244bf2f426c553060139ea6d5656e2651ffe8c1,945,483,TIGHT_CROP,VALID
FIG_KEBO104_4_4,kebo104,4,4.4,4,/extracted_figures/kebo104_fig_4_4.png,SOURCE_kebo104_4_4.4,0e083f97f9fc7f7e53b318a041eeae9c83c5dd46295262e7c0ca087fbbb579ce,506,195,TIGHT_CROP,VALID
FIG_KEBO104_4_5,kebo104,4,4.5,4,/extracted_figures/kebo104_fig_4_5.png,SOURCE_kebo104_4_4.5,777fe4bba5e54186a138162b8d06cebb4460f57decb681d45b168d08fdd54901,276,356,TIGHT_CROP,VALID
FIG_KEBO104_P5_1,kebo104,4,4.7),5,/extracted_figures/kebo104_p5_img1.jpx,SOURCE_kebo104_4_4.7),54b3ff5c6c1d15933cf57f55c6b1c0c4d6a3fed4ad586283f8ba00cba92d3e72,129,267,TIGHT_CROP,VALID
FIG_KEBO104_P5_2,kebo104,4,on,5,/extracted_figures/kebo104_p5_img2.jpx,SOURCE_kebo104_4_on,8ee2b46429b6f34f7df7e6778a7ff4033b7db24cbe65d59d46333af38442941d,244,188,TIGHT_CROP,VALID
FIG_KEBO104_4_7,kebo104,4,4.7,5,/extracted_figures/kebo104_fig_4_7.png,SOURCE_kebo104_4_4.7,9f1aff745791682ccdb982af1b115482643721a48e7537fa2641e3705a8e2a87,276,460,TIGHT_CROP,VALID
FIG_KEBO104_4_6,kebo104,4,4.6,5,/extracted_figures/kebo104_fig_4_6.png,SOURCE_kebo104_4_4.6,f237fbf557bdd9daf4236eafe6f4a908ba4a5df25748cf1c6f8216a67f1d5d96,506,275,TIGHT_CROP,VALID
FIG_KEBO104_4_8,kebo104,4,4.8,6,/extracted_figures/kebo104_fig_4_8.png,SOURCE_kebo104_4_4.8,2256c5471a6de14790d5e1fe20b281ad2ad3c5ec9868f0fe0d09c5e079301eb4,276,123,TIGHT_CROP,VALID
FIG_KEBO104_4_9,kebo104,4,4.9,6,/extracted_figures/kebo104_fig_4_9.png,SOURCE_kebo104_4_4.9,da756d60eb684b70c9ace28ff9619befc47f8d58b4e9a7ec2756098185e02252,506,246,TIGHT_CROP,VALID
FIG_KEBO104_4_11,kebo104,4,4.11,7,/extracted_figures/kebo104_fig_4_11.png,SOURCE_kebo104_4_4.11,b542b5acdeac7ebbdd250e2c3d71e589a8f93f6423706065a754982bd6e90ef9,276,654,TIGHT_CROP,VALID
FIG_KEBO104_4_10,kebo104,4,4.10,7,/extracted_figures/kebo104_fig_4_10.png,SOURCE_kebo104_4_4.10,aa38902a343c991f7948e581040f799d559b5906749404f31f812550e0fa56ed,276,297,TIGHT_CROP,VALID
FIG_KEBO104_P8_1,kebo104,4,on,8,/extracted_figures/kebo104_p8_img1.jpx,SOURCE_kebo104_4_on,90a6350aad21e695a93724960ec160df8906c636df4e2b4aa693086cba9fbd19,205,182,TIGHT_CROP,VALID
FIG_KEBO104_P8_2,kebo104,4,on,8,/extracted_figures/kebo104_p8_img2.jpx,SOURCE_kebo104_4_on,96aaa2ceef08621498a39fc76646cf2c6b4f49b79998757095bd94ba9e7f8cdb,220,339,TIGHT_CROP,VALID
FIG_KEBO104_P8_3,kebo104,4,on,8,/extracted_figures/kebo104_p8_img3.jpx,SOURCE_kebo104_4_on,6c87f4241341589c4bf14296453afe5ab46e0cec7011ba219f7142790f936678,244,252,TIGHT_CROP,VALID
FIG_KEBO104_4_12,kebo104,4,4.12,8,/extracted_figures/kebo104_fig_4_12.png,SOURCE_kebo104_4_4.12,b0f5ae0a07cce84046ca32a90c4350fced38a6502f3ff4b9fd3a827be1dc6efe,276,345,TIGHT_CROP,VALID
FIG_KEBO104_4_13,kebo104,4,4.13,8,/extracted_figures/kebo104_fig_4_13.png,SOURCE_kebo104_4_4.13,e2c5082ca71fdb627dc99b74242e774ef7c63363524ec779e5cd3c0d87741c49,276,654,TIGHT_CROP,VALID
FIG_KEBO104_P9_1,kebo104,4,4.14),9,/extracted_figures/kebo104_p9_img1.jpx,SOURCE_kebo104_4_4.14),08f823a6d62d4811f65bee8ebd8f71465e1b50bda8ad256454b83c07e59d30f1,284,225,TIGHT_CROP,VALID
FIG_KEBO104_P9_2,kebo104,4,4.15),9,/extracted_figures/kebo104_p9_img2.jpx,SOURCE_kebo104_4_4.15),71c0d2c24a039f30c93e327ab60f07df00d004cf097b0349bdd348b11e5a06e3,194,257,TIGHT_CROP,VALID
FIG_KEBO104_4_14,kebo104,4,4.14,9,/extracted_figures/kebo104_fig_4_14.png,SOURCE_kebo104_4_4.14,b983defbfd56c8b5d5837a2242afc7591f286f3aae33299ec913bb4cfc445f78,276,176,TIGHT_CROP,VALID
FIG_KEBO104_4_15,kebo104,4,4.15,9,/extracted_figures/kebo104_fig_4_15.png,SOURCE_kebo104_4_4.15,405b5ac78c5f0910b0354c76b760ad892252288a84b4ad8fd34f1c08669bc24d,276,67,TIGHT_CROP,VALID
FIG_KEBO104_P10_1,kebo104,4,4.16),10,/extracted_figures/kebo104_p10_img1.jpx,SOURCE_kebo104_4_4.16),3e0a48e70389b56ebe19a0ae985ad716113aa88bcca2f985274490258f1d354a,459,150,TIGHT_CROP,VALID
FIG_KEBO104_P10_2,kebo104,4,4.17),10,/extracted_figures/kebo104_p10_img2.jpx,SOURCE_kebo104_4_4.17),8d48e876a3d4cf3d705d9889f4a2eebdd876fb2e45c8211639011272a62b615e,165,443,TIGHT_CROP,VALID
FIG_KEBO104_4_16,kebo104,4,4.16,10,/extracted_figures/kebo104_fig_4_16.png,SOURCE_kebo104_4_4.16,e0108b4c13a78e494ac4a48806fd08bbb533f72a5c61d600a0b8c5281bfc6972,276,180,TIGHT_CROP,VALID
FIG_KEBO104_4_17,kebo104,4,4.17,10,/extracted_figures/kebo104_fig_4_17.png,SOURCE_kebo104_4_4.17,6f2c6ef5b08d2f0c310a531fb8cc5d225e3c160d32ddc02a44a446b842bf25c1,276,281,TIGHT_CROP,VALID
FIG_KEBO104_P11_1,kebo104,4,4.19),11,/extracted_figures/kebo104_p11_img1.jpx,SOURCE_kebo104_4_4.19),c5146ff747b74005ce22f977cbc8602cb73e5208df6bb71763e6491c3db39dc9,489,141,TIGHT_CROP,VALID
FIG_KEBO104_P11_2,kebo104,4,4.18,11,/extracted_figures/kebo104_p11_img2.jpx,SOURCE_kebo104_4_4.18,d03e6527ce12a066a74e662f3ac64eebeb04454312d1a165ff1bafe8f0cfe8c9,321,1051,TIGHT_CROP,VALID
FIG_KEBO104_4_18,kebo104,4,4.18,11,/extracted_figures/kebo104_fig_4_18.png,SOURCE_kebo104_4_4.18,7109125a5dd9c6c44aeb31af2854c5ef4dd93dd96f1cbe7bbbf184209567e05c,276,362,TIGHT_CROP,VALID
FIG_KEBO104_4_19,kebo104,4,4.19,11,/extracted_figures/kebo104_fig_4_19.png,SOURCE_kebo104_4_4.19,4dac375719694c0ae04b1b8cf981eb5cb99426962d65b3f918b0b1fb8fb07ac7,276,582,TIGHT_CROP,VALID
FIG_KEBO104_P12_1,kebo104,4,4.20),12,/extracted_figures/kebo104_p12_img1.jpx,SOURCE_kebo104_4_4.20),87fa2b61c6817bdee288ae9e053537c0e8518ccf1903e6dda67ea113a32a48fd,218,495,TIGHT_CROP,VALID
FIG_KEBO104_P12_2,kebo104,4,4.21),12,/extracted_figures/kebo104_p12_img2.jpx,SOURCE_kebo104_4_4.21),1310d48bcd90d3ff62aa4c24afb1b7f1a5fc23bfe45d01714fdb002e1b0718e7,218,452,TIGHT_CROP,VALID
FIG_KEBO104_P12_3,kebo104,4,4.21,12,/extracted_figures/kebo104_p12_img3.jpx,SOURCE_kebo104_4_4.21,9d9a0f7cf21d13223562b535b6173c9f99ab51583898c996e2c9303afc7ee11f,278,234,TIGHT_CROP,VALID
FIG_KEBO104_4_21,kebo104,4,4.21,12,/extracted_figures/kebo104_fig_4_21.png,SOURCE_kebo104_4_4.21,44883c11ff79036ac4e4db143eed408818230c44fc91e021d568e4baf58c2f52,276,195,TIGHT_CROP,VALID
FIG_KEBO104_4_20,kebo104,4,4.20,12,/extracted_figures/kebo104_fig_4_20.png,SOURCE_kebo104_4_4.20,f55a2ff9922d6d16c7cf23ad65e9f3c7c38aab8a6202d7119b2483e3bc6e453a,276,120,TIGHT_CROP,VALID
FIG_KEBO104_P13_1,kebo104,4,4.23),13,/extracted_figures/kebo104_p13_img1.jpx,SOURCE_kebo104_4_4.23),d636929df204aa04ec2d044df349cd0b6c26e97c33d268c8734cf1926bb64c4a,309,220,TIGHT_CROP,VALID
FIG_KEBO104_P13_2,kebo104,4,4.22,13,/extracted_figures/kebo104_p13_img2.jpx,SOURCE_kebo104_4_4.22,dc43684d0360133232a492a60f53100518c33101fc6bc0935d987c223c56e10c,247,264,TIGHT_CROP,VALID
FIG_KEBO104_P13_3,kebo104,4,on,13,/extracted_figures/kebo104_p13_img3.jpx,SOURCE_kebo104_4_on,926bb9289530ec4724c5c395f5369bb3fc3e532643930f74565c50e0f5015437,251,328,TIGHT_CROP,VALID
FIG_KEBO104_4_22,kebo104,4,4.22,13,/extracted_figures/kebo104_fig_4_22.png,SOURCE_kebo104_4_4.22,4ee604cec18b31274d1f466e1d74b08fa22d07717aedca9d327c1e5f9ea95bf7,506,265,TIGHT_CROP,VALID
FIG_KEBO104_P14_1,kebo104,4,4.24),14,/extracted_figures/kebo104_p14_img1.jpx,SOURCE_kebo104_4_4.24),1a3ade331b646bcc139b32b00e6df440dca5cdd65f94c7e8ad4dd6803b636fe4,443,335,TIGHT_CROP,VALID
FIG_KEBO104_P14_2,kebo104,4,4.23,14,/extracted_figures/kebo104_p14_img2.jpx,SOURCE_kebo104_4_4.23,b4b9075f2d2fedfa4103047976188f41c581ea82d71ca441ae59d2c13937b7ce,402,982,TIGHT_CROP,VALID
FIG_KEBO104_P14_3,kebo104,4,on,14,/extracted_figures/kebo104_p14_img3.jpx,SOURCE_kebo104_4_on,7c8abf8d5a7137b981e086fe389932f60b1b0a09963ed3e87859e89819402a47,475,182,TIGHT_CROP,VALID
FIG_KEBO104_4_23,kebo104,4,4.23,14,/extracted_figures/kebo104_fig_4_23.png,SOURCE_kebo104_4_4.23,16a98ca3acf47f00e47e31b2466e01d1a5ce909ee241660885eeb98b476a289f,506,263,TIGHT_CROP,VALID
FIG_KEBO104_4_24,kebo104,4,4.24,14,/extracted_figures/kebo104_fig_4_24.png,SOURCE_kebo104_4_4.24,44ab13db3ba3f991dbb85ef343a101625ca6630785475ed3496b29c0aa4ffbf9,506,199,TIGHT_CROP,VALID
FIG_KEBO105_P1_1,kebo105,5,on,1,/extracted_figures/kebo105_p1_img1.jpx,SOURCE_kebo105_5_on,0c9a2394a9ef794d20f605f0c66b747ed098b02edbedd8846ff947176523103e,1238,1635,FULL_PAGE_LIKE,VALID
FIG_KEBO105_P2_1,kebo105,5,on,2,/extracted_figures/kebo105_p2_img1.jpx,SOURCE_kebo105_5_on,57022250ba6aa24e6f1ec00b9a02ccac12c982c0c9987da099664e11d7402d3d,1275,750,TIGHT_CROP,VALID
FIG_KEBO105_P2_2,kebo105,5,on,2,/extracted_figures/kebo105_p2_img2.jpx,SOURCE_kebo105_5_on,5ff0638972d270529a116a021f1d9b0072f48600bd107d1ee398c5f2c8d027c8,340,386,TIGHT_CROP,VALID
FIG_KEBO105_P3_1,kebo105,5,on,3,/extracted_figures/kebo105_p3_img1.jpx,SOURCE_kebo105_5_on,1db9e499390cbee0941f2df1e3fd1cd06cf1feaf3c7eb99fc492a21814847b4d,1275,750,TIGHT_CROP,VALID
FIG_KEBO105_P4_1,kebo105,5,5.2,4,/extracted_figures/kebo105_p4_img1.jpx,SOURCE_kebo105_5_5.2,498951232946bb10050a389c302dcb08e570fa0b21ca155153ad64ea4624d37c,254,184,TIGHT_CROP,VALID
FIG_KEBO105_P4_2,kebo105,5,5.1,4,/extracted_figures/kebo105_p4_img2.jpx,SOURCE_kebo105_5_5.1,58cd61eb71c17b5b382fc0423e066197d90179587dec44f43ccacad8bc50096f,427,320,TIGHT_CROP,VALID
FIG_KEBO105_P4_3,kebo105,5,5.2a),4,/extracted_figures/kebo105_p4_img3.jpx,SOURCE_kebo105_5_5.2a),ce104df7744c0d68f30f0067935ccf856f3187cccc618550e49a2cc3f2b4cada,113,355,TIGHT_CROP,VALID
FIG_KEBO105_5_2,kebo105,5,5.2,4,/extracted_figures/kebo105_fig_5_2.png,SOURCE_kebo105_5_5.2,bdf28e8e4b6c40dc5b3461648f5c8bf53555c5feaa120b743126f26cc5b8c5dc,506,326,TIGHT_CROP,VALID
FIG_KEBO105_5_1,kebo105,5,5.1,4,/extracted_figures/kebo105_fig_5_1.png,SOURCE_kebo105_5_5.1,ad5b5cb6234a3fb3b3096fd4d9b320244dc163689a7e62b8dc0718bdc3df7ddd,276,376,TIGHT_CROP,VALID
FIG_KEBO105_5_2a,kebo105,5,5.2a,4,/extracted_figures/kebo105_fig_5_2a.png,SOURCE_kebo105_5_5.2a,660e4968429b79efc6569341dced354277583bdad65ea6a86edd2ab3ea526547,301,337,TIGHT_CROP,VALID
FIG_KEBO105_5_2b,kebo105,5,5.2b,4,/extracted_figures/kebo105_fig_5_2b.png,SOURCE_kebo105_5_5.2b,660e4968429b79efc6569341dced354277583bdad65ea6a86edd2ab3ea526547,301,337,TIGHT_CROP,VALID
FIG_KEBO105_5_2c,kebo105,5,5.2c,4,/extracted_figures/kebo105_fig_5_2c.png,SOURCE_kebo105_5_5.2c,660e4968429b79efc6569341dced354277583bdad65ea6a86edd2ab3ea526547,301,337,TIGHT_CROP,VALID
FIG_KEBO105_5_3,kebo105,5,5.3,5,/extracted_figures/kebo105_fig_5_3.png,SOURCE_kebo105_5_5.3,ba54b5e961d612114cb1d1e785ad1c6bfe78e246aa22faaad6d591eb35a899cb,276,303,TIGHT_CROP,VALID
FIG_KEBO105_P6_1,kebo105,5,5.4,6,/extracted_figures/kebo105_p6_img1.jpx,SOURCE_kebo105_5_5.4,f238ee4dacf828c314cafe1fbc9527fae3c12b2e038195654380d9e812f51e28,265,345,TIGHT_CROP,VALID
FIG_KEBO105_P6_2,kebo105,5,5.4,6,/extracted_figures/kebo105_p6_img2.jpx,SOURCE_kebo105_5_5.4,80bd5015b4db4c90dcfd9a0ad8b10f649ea4420f442ac3fc8e12085c397f53b3,403,278,TIGHT_CROP,VALID
FIG_KEBO105_P6_3,kebo105,5,5.4,6,/extracted_figures/kebo105_p6_img3.jpx,SOURCE_kebo105_5_5.4,042d09998bc64d8b7c680f3df296c1a98d36d8d880e49ec3de908d31fdbe495a,144,392,TIGHT_CROP,VALID
FIG_KEBO105_5_4,kebo105,5,5.4,6,/extracted_figures/kebo105_fig_5_4.png,SOURCE_kebo105_5_5.4,7492b514e1c69317e127f0e4d6d0403e246debf282a58638119afbff2c6087c3,276,136,TIGHT_CROP,VALID
FIG_KEBO105_5_5,kebo105,5,5.5,6,/extracted_figures/kebo105_fig_5_5.png,SOURCE_kebo105_5_5.5,f575800d8f4072c9c38c725b890f910b41c14e9937b5a2c87b179aa939a80c0d,276,183,TIGHT_CROP,VALID
FIG_KEBO105_P7_1,kebo105,5,5.6),7,/extracted_figures/kebo105_p7_img1.jpx,SOURCE_kebo105_5_5.6),ef95a90c91ea44164017ad31027c98b35fbc9e16ebed86b1b11cd52fd54ae450,129,222,TIGHT_CROP,VALID
FIG_KEBO105_P7_2,kebo105,5,5.7),7,/extracted_figures/kebo105_p7_img2.jpx,SOURCE_kebo105_5_5.7),233faa020ae0846740a6c241efb9f3cd8fcf2d4d23212f1b8061f00dc6a41876,196,224,TIGHT_CROP,VALID
FIG_KEBO105_P7_3,kebo105,5,5.8),7,/extracted_figures/kebo105_p7_img3.jpx,SOURCE_kebo105_5_5.8),53498c647e15cc003d633017eef30728f7abb3f4c33f4053d94f1a921e72177e,210,254,TIGHT_CROP,VALID
FIG_KEBO105_5_6,kebo105,5,5.6,7,/extracted_figures/kebo105_fig_5_6.png,SOURCE_kebo105_5_5.6,dec26c0ba416cbf8a2906047db7b73dd2948fc1ef0e25991feb595be652f6c50,276,301,TIGHT_CROP,VALID
FIG_KEBO105_5_7,kebo105,5,5.7,7,/extracted_figures/kebo105_fig_5_7.png,SOURCE_kebo105_5_5.7,ad5af5639364464c9f9d0012bbc7ccd4b2882ccb9220e2c55c5fbb300d0e208d,276,655,TIGHT_CROP,VALID
FIG_KEBO105_P8_1,kebo105,5,5.8,8,/extracted_figures/kebo105_p8_img1.jpx,SOURCE_kebo105_5_5.8,00d3ae483622f5e8d1e7c9439bb6a2ad7d48e0daf81c2a80b6681dbf45a0b4a2,900,320,TIGHT_CROP,VALID
FIG_KEBO105_5_8,kebo105,5,5.8,8,/extracted_figures/kebo105_fig_5_8.png,SOURCE_kebo105_5_5.8,ad0484afa282e5c2d713288ab79d547cba07574f82a0c764fa13ac0699aecdd2,276,207,TIGHT_CROP,VALID
FIG_KEBO105_5_9,kebo105,5,5.9,8,/extracted_figures/kebo105_fig_5_9.png,SOURCE_kebo105_5_5.9,79e52efbbd78baad191f740fa3296519b6b47427cefb99a4d7120303b4de3d2b,506,234,TIGHT_CROP,VALID
FIG_KEBO105_P9_1,kebo105,5,5.9),9,/extracted_figures/kebo105_p9_img1.jpx,SOURCE_kebo105_5_5.9),070a3f4d96c86558abb86ad6375c5047a93276e50479bb6efae719e548fc89c4,975,227,TIGHT_CROP,VALID
FIG_KEBO105_5_10,kebo105,5,5.10,9,/extracted_figures/kebo105_fig_5_10.png,SOURCE_kebo105_5_5.10,dd77390d4888e3098cbf69233b707e49b339e214f45e576ba02ac773f20db299,276,141,TIGHT_CROP,VALID
FIG_KEBO105_P10_1,kebo105,5,5.11),10,/extracted_figures/kebo105_p10_img1.jpx,SOURCE_kebo105_5_5.11),c7f4e1ba7c70f0af47ac1cb336ecbc6e8785509be37f225ef36e5687f3aa1054,867,513,TIGHT_CROP,VALID
FIG_KEBO105_5_11,kebo105,5,5.11,10,/extracted_figures/kebo105_fig_5_11.png,SOURCE_kebo105_5_5.11,373b7cce480d294a7b9efa456a1da20c447dc7ea37be65b8ec42cfa8addf1dbf,506,277,TIGHT_CROP,VALID
FIG_KEBO105_P11_1,kebo105,5,5.12),11,/extracted_figures/kebo105_p11_img1.jpx,SOURCE_kebo105_5_5.12),a3a0d2d2fb11567754d1b3dbe55f3e3c0729d2b19c99a8503d356690d6e78172,147,222,TIGHT_CROP,VALID
FIG_KEBO105_P11_2,kebo105,5,5.13),11,/extracted_figures/kebo105_p11_img2.jpx,SOURCE_kebo105_5_5.13),761bc98c506318a9e075ddcd248eeb5871b021716f7239392c090b787ef40f67,249,143,TIGHT_CROP,VALID
FIG_KEBO105_P11_3,kebo105,5,5.12,11,/extracted_figures/kebo105_p11_img3.jpx,SOURCE_kebo105_5_5.12,4ba1195e986f38686c8cd68f08878705e0b14d2f9513b25f2e3876ba380f1c8a,149,227,TIGHT_CROP,VALID
FIG_KEBO105_5_12,kebo105,5,5.12,11,/extracted_figures/kebo105_fig_5_12.png,SOURCE_kebo105_5_5.12,9194e2721b9b47473d585d1659b70dad15c07c1a484aa85fc63e57301e2a02fa,276,38,TIGHT_CROP,VALID
FIG_KEBO105_P12_1,kebo105,5,5.14,12,/extracted_figures/kebo105_p12_img1.jpx,SOURCE_kebo105_5_5.14,9d4572499e017da3c0064af615726a19b4e96fd1eb9a96751b36b8afbce3ef99,302,243,TIGHT_CROP,VALID
FIG_KEBO105_5_14,kebo105,5,5.14,12,/extracted_figures/kebo105_fig_5_14.png,SOURCE_kebo105_5_5.14,0759f6881f626e2bc1afa73f4572b0429c9e384edacec5c92967dfcdfbfa9d69,276,167,TIGHT_CROP,VALID
FIG_KEBO105_5_13,kebo105,5,5.13,12,/extracted_figures/kebo105_fig_5_13.png,SOURCE_kebo105_5_5.13,cf556a82a9156d278ebc4788df39443d06e369722d6c2e53ba7ee9e94ddbb44e,276,212,TIGHT_CROP,VALID
FIG_KEBO105_P13_1,kebo105,5,5.15,13,/extracted_figures/kebo105_p13_img1.jpx,SOURCE_kebo105_5_5.15,f95ab551b4b7f52f74d400ff7da88f6c6641aa8546d1977e25573de6bc20d801,168,247,TIGHT_CROP,VALID
FIG_KEBO105_P13_2,kebo105,5,5.15),13,/extracted_figures/kebo105_p13_img2.jpx,SOURCE_kebo105_5_5.15),e1db65c48da424f3d918067ed1a1e2e1fd34a4b3442987b33e98ade66e280f41,185,294,TIGHT_CROP,VALID
FIG_KEBO105_5_15,kebo105,5,5.15,13,/extracted_figures/kebo105_fig_5_15.png,SOURCE_kebo105_5_5.15,cb059383100723fb7fc09ee6680289766d07a8f358ff98bcb109f36df81c6728,506,276,TIGHT_CROP,VALID
FIG_KEBO105_5_16,kebo105,5,5.16,14,/extracted_figures/kebo105_fig_5_16.png,SOURCE_kebo105_5_5.16,d5d2843736b8a1307621eb7de94d026f80c0533445e51dc506741d5407ab557f,506,224,TIGHT_CROP,VALID
FIG_KEBO105_5_17,kebo105,5,5.17,14,/extracted_figures/kebo105_fig_5_17.png,SOURCE_kebo105_5_5.17,b137440a17161266bcea0c018852969e4f709d30bddef552765ed97798fc5457,506,255,TIGHT_CROP,VALID
FIG_KEBO106_P1_1,kebo106,6,on,1,/extracted_figures/kebo106_p1_img1.jpx,SOURCE_kebo106_6_on,1db9e499390cbee0941f2df1e3fd1cd06cf1feaf3c7eb99fc492a21814847b4d,1275,750,TIGHT_CROP,VALID
FIG_KEBO106_P2_1,kebo106,6,6.1),2,/extracted_figures/kebo106_p2_img1.jpx,SOURCE_kebo106_6_6.1),1e67a9ae263eb8d75a3924e618680a95c9082fa5ef762ac6f170744b620debcf,377,214,TIGHT_CROP,VALID
FIG_KEBO106_P2_2,kebo106,6,6.1,2,/extracted_figures/kebo106_p2_img2.jpx,SOURCE_kebo106_6_6.1,38265c3d0f98377e28a621094187732825aac0ff8b37235c4cb46285dd7f2e5b,344,216,TIGHT_CROP,VALID
FIG_KEBO106_6_1,kebo106,6,6.1,2,/extracted_figures/kebo106_fig_6_1.png,SOURCE_kebo106_6_6.1,ecd8056b42985ed958e55678484260f814d57afe57f11819918ac909d79c9156,506,141,TIGHT_CROP,VALID
FIG_KEBO106_6_2,kebo106,6,6.2,3,/extracted_figures/kebo106_fig_6_2.png,SOURCE_kebo106_6_6.2,6e3ada45f8d8191ca3222958b31ce713bf587b227caa3a44706822c83a62ce8a,276,484,TIGHT_CROP,VALID
FIG_KEBO106_P4_1,kebo106,6,6.3,4,/extracted_figures/kebo106_p4_img1.jpx,SOURCE_kebo106_6_6.3,86342b0a6095dd6371ed6ebef2ddced5a171a3454e81761662059077862ce1a4,406,468,TIGHT_CROP,VALID
FIG_KEBO106_P4_2,kebo106,6,6.3,4,/extracted_figures/kebo106_p4_img2.jpx,SOURCE_kebo106_6_6.3,ca2cae63c25d3bec187a04a9838630126bc4ef6e760d66c332afcf66b12b56f5,416,457,TIGHT_CROP,VALID
FIG_KEBO106_6_3,kebo106,6,6.3,4,/extracted_figures/kebo106_fig_6_3.png,SOURCE_kebo106_6_6.3,d5a3edb2ee39402a7654675e0c4120bb94585eba5d9e6dcf37e24b92cbd9f724,276,540,TIGHT_CROP,VALID
FIG_KEBO106_P5_1,kebo106,6,6.4,5,/extracted_figures/kebo106_p5_img1.jpx,SOURCE_kebo106_6_6.4,662ea7970bf0544539b3919cd09da0e8e62e758ab8c3b20be4f9a87f117f30cc,879,590,TIGHT_CROP,VALID
FIG_KEBO106_P5_2,kebo106,6,6.4,5,/extracted_figures/kebo106_p5_img2.jpx,SOURCE_kebo106_6_6.4,9f1d2679a70721c90f9f7d405444f69f9b5a2930d4f72e52ae11b87f0b5839e6,919,351,TIGHT_CROP,VALID
FIG_KEBO106_6_4,kebo106,6,6.4,5,/extracted_figures/kebo106_fig_6_4.png,SOURCE_kebo106_6_6.4,ad6f9319b277da841cbe0a192a24b6a8aaa212281f39accb2a97839d4a5a7590,506,483,TIGHT_CROP,VALID
FIG_KEBO106_P6_1,kebo106,6,6.5,6,/extracted_figures/kebo106_p6_img1.jpx,SOURCE_kebo106_6_6.5,eb92619cccd6523d5ba331c7e2e2154201911d17774eb92e848294056a8695ba,360,277,TIGHT_CROP,VALID
FIG_KEBO106_P6_2,kebo106,6,on,6,/extracted_figures/kebo106_p6_img2.jpx,SOURCE_kebo106_6_on,044f9dc4386865a569dd35bb18f5a826be65035fc4a6d789f8dfc6377f6291db,389,181,TIGHT_CROP,VALID
FIG_KEBO106_6_5,kebo106,6,6.5,6,/extracted_figures/kebo106_fig_6_5.png,SOURCE_kebo106_6_6.5,4fba9c3e3b386291a0cb30b896e23975af7a7c29b188b19d03010e21b8a6c030,276,437,TIGHT_CROP,VALID
FIG_KEBO107_P1_1,kebo107,7,on,1,/extracted_figures/kebo107_p1_img1.jpx,SOURCE_kebo107_7_on,1db9e499390cbee0941f2df1e3fd1cd06cf1feaf3c7eb99fc492a21814847b4d,1275,750,TIGHT_CROP,VALID
FIG_KEBO107_P2_1,kebo107,7,7.1),2,/extracted_figures/kebo107_p2_img1.jpx,SOURCE_kebo107_7_7.1),403c839fb88a3169f87a1127a56462cd9eaef54def50ff0b097385d40c00caf0,326,259,TIGHT_CROP,VALID
FIG_KEBO107_7_1,kebo107,7,7.1,2,/extracted_figures/kebo107_fig_7_1.png,SOURCE_kebo107_7_7.1,62f5f7d00a1aa178590cd88c29b5ee098b33fdd631af57fb332a85ae85528638,576,714,TIGHT_CROP,VALID
FIG_KEBO107_7_2,kebo107,7,7.2,3,/extracted_figures/kebo107_fig_7_2.png,SOURCE_kebo107_7_7.2,c82093d6a2771000b9c9618ab775796dcaaee49d5d67c782473b7714af735477,506,366,TIGHT_CROP,VALID
FIG_KEBO107_P5_1,kebo107,7,"7.3),",5,/extracted_figures/kebo107_p5_img1.jpx,"SOURCE_kebo107_7_7.3),",951dd4449b34d506df76c1191b338e31e1e2951d115fcb05be87409dda3182f0,369,383,TIGHT_CROP,VALID
FIG_KEBO107_P5_2,kebo107,7,7.3,5,/extracted_figures/kebo107_p5_img2.jpx,SOURCE_kebo107_7_7.3,2cd992f98690f3c7fb4f559be51c74293538eab6c2f3e05f0b008f85226f1d11,397,437,TIGHT_CROP,VALID
FIG_KEBO107_7_3,kebo107,7,7.3,5,/extracted_figures/kebo107_fig_7_3.png,SOURCE_kebo107_7_7.3,7e0e6a79c6c3f908041effb73ea82b9bfc4b670ac8e6429e76cf1e47a84b21e2,276,265,TIGHT_CROP,VALID
FIG_KEBO107_7_4,kebo107,7,7.4,5,/extracted_figures/kebo107_fig_7_4.png,SOURCE_kebo107_7_7.4,ad3edcea0681b974dd6a88c5c0b81e9d6537a30e457050dd608d6cbc93288b3c,276,255,TIGHT_CROP,VALID
FIG_KEBO108_P1_1,kebo108,8,on,1,/extracted_figures/kebo108_p1_img1.jpx,SOURCE_kebo108_8_on,f1ecb06470dde7dddb131b30f4ac4170b7131b9572f0065892dfc2706a7a53ee,1285,1698,FULL_PAGE_LIKE,VALID
FIG_KEBO108_P2_1,kebo108,8,on,2,/extracted_figures/kebo108_p2_img1.jpx,SOURCE_kebo108_8_on,57022250ba6aa24e6f1ec00b9a02ccac12c982c0c9987da099664e11d7402d3d,1275,750,TIGHT_CROP,VALID
FIG_KEBO108_P2_2,kebo108,8,on,2,/extracted_figures/kebo108_p2_img2.jpx,SOURCE_kebo108_8_on,3cc85c976b86daab07245f513eaa2f2779787d1b24b146273f741aa03a0b4100,313,492,TIGHT_CROP,VALID
FIG_KEBO108_P3_1,kebo108,8,on,3,/extracted_figures/kebo108_p3_img1.jpx,SOURCE_kebo108_8_on,b113e7b4e730633255dc8f5b60e0125543a4a871eab704e0e38c1b037af0f9c6,1275,750,TIGHT_CROP,VALID
FIG_KEBO108_P3_2,kebo108,8,on,3,/extracted_figures/kebo108_p3_img2.jpx,SOURCE_kebo108_8_on,af2e5e2f5efdc6ceb2cb19d0c24e6edf0ef58bc15e2b04c2799b249f0f58940c,177,177,TIGHT_CROP,VALID
FIG_KEBO108_P5_1,kebo108,8,on,5,/extracted_figures/kebo108_p5_img1.jpx,SOURCE_kebo108_8_on,a6eb27e9f2cd88cc2b208cbe7a1781c051685782e9bbd0ba8ba028de92b4b8bc,152,239,TIGHT_CROP,VALID
FIG_KEBO108_8_1,kebo108,8,8.1,5,/extracted_figures/kebo108_fig_8_1.png,SOURCE_kebo108_8_8.1,f5b53e40440cabcbdc40456b534d1fce21c76c0d4abede96e96d6004e3cf0750,506,195,TIGHT_CROP,VALID
FIG_KEBO108_8_2,kebo108,8,8.2,6,/extracted_figures/kebo108_fig_8_2.png,SOURCE_kebo108_8_8.2,fcae12d119986d8cf3331e08bbb9ab0c9132f10182dcf9cf5dd7240c1c338731,276,285,TIGHT_CROP,VALID
FIG_KEBO108_8_3,kebo108,8,8.3,8,/extracted_figures/kebo108_fig_8_3.png,SOURCE_kebo108_8_8.3,bddf3005daeb0a61fb91d92b5e826d3a20c3934304f222a10b3d24d56c7b1854,506,665,TIGHT_CROP,VALID
FIG_KEBO108_P9_1,kebo108,8,8.4),9,/extracted_figures/kebo108_p9_img1.jpx,SOURCE_kebo108_8_8.4),e57aaaf27c3e81a3eaba536973353efdd7f0e86cf5ca3410d1699bd8355fe43e,873,529,TIGHT_CROP,VALID
FIG_KEBO108_8_4,kebo108,8,8.4,9,/extracted_figures/kebo108_fig_8_4.png,SOURCE_kebo108_8_8.4,a0b280b27fbf2488fe7a5429d7aea7ac39424bebd49c7ac658f8dde0fdb0d301,506,283,TIGHT_CROP,VALID
FIG_KEBO108_P11_1,kebo108,8,8.5),11,/extracted_figures/kebo108_p11_img1.jpx,SOURCE_kebo108_8_8.5),71cd6e5313f58989494bfb87323ccb09bedf5840ecc27a80374f6ad15c018956,159,353,TIGHT_CROP,VALID
FIG_KEBO108_8_5,kebo108,8,8.5,11,/extracted_figures/kebo108_fig_8_5.png,SOURCE_kebo108_8_8.5,5d1a23e84e56a95037817b5e708bd18675253fe7ef8018d1946f73a6dea2ba4b,276,413,TIGHT_CROP,VALID
FIG_KEBO108_8_6,kebo108,8,8.6,11,/extracted_figures/kebo108_fig_8_6.png,SOURCE_kebo108_8_8.6,55702649b8ba518a50c3c1a0bd4c841b04d69ecad5d907bbb6349996b013af29,276,666,TIGHT_CROP,VALID
FIG_KEBO108_P13_1,kebo108,8,8.7),13,/extracted_figures/kebo108_p13_img1.jpx,SOURCE_kebo108_8_8.7),37e867511d9b41d7051a680765ae0a65eed400fc76431684edf8909056210e46,702,347,TIGHT_CROP,VALID
FIG_KEBO108_8_7,kebo108,8,8.7,13,/extracted_figures/kebo108_fig_8_7.png,SOURCE_kebo108_8_8.7,986c7ea5e6f02579237bda4031de22c748bd3226913695f5ed2f59e5780343da,276,259,TIGHT_CROP,VALID
FIG_KEBO108_P14_1,kebo108,8,8.8),14,/extracted_figures/kebo108_p14_img1.jpx,SOURCE_kebo108_8_8.8),c6ab3f49703e3cfbc9320010369e88fc7b87126412e18d8cb3d30d852a4834b7,403,235,TIGHT_CROP,VALID
FIG_KEBO108_8_8,kebo108,8,8.8,14,/extracted_figures/kebo108_fig_8_8.png,SOURCE_kebo108_8_8.8,e0279a955af63bb8b2707d101a7b3f0ccb0d724c977f8bbbda4c7f187a9c8f35,276,222,TIGHT_CROP,VALID
FIG_KEBO108_8_9,kebo108,8,8.9,14,/extracted_figures/kebo108_fig_8_9.png,SOURCE_kebo108_8_8.9,7207df7311b5cda4a9855c90c9d89a9d0d65f0e342b6b2c0692dd6eadd9c4305,276,95,TIGHT_CROP,VALID
FIG_KEBO108_P15_1,kebo108,8,8.10),15,/extracted_figures/kebo108_p15_img1.jpx,SOURCE_kebo108_8_8.10),459833160ddaa692a1648e5d903540484102dbc1c94f7679bf0e44eaeda759dc,246,219,TIGHT_CROP,VALID
FIG_KEBO108_8_10,kebo108,8,8.10,15,/extracted_figures/kebo108_fig_8_10.png,SOURCE_kebo108_8_8.10,ac5e5aa4ed5ac5231fe78c6e5f3fe28b6f62bbaeedf139d0fbeb339fb75d9284,506,276,TIGHT_CROP,VALID
FIG_KEBO108_P16_1,kebo108,8,8.11),16,/extracted_figures/kebo108_p16_img1.jpx,SOURCE_kebo108_8_8.11),b6a46c0f2dd7e0cf10418180a63b486a0928ccb3e2e250ff1c1553d6a695a608,376,342,TIGHT_CROP,VALID
FIG_KEBO108_8_11,kebo108,8,8.11,16,/extracted_figures/kebo108_fig_8_11.png,SOURCE_kebo108_8_8.11,6aa8028e0d9d4c70cc817911255a052a095990839d0373b420a1dac6a310d25d,276,202,TIGHT_CROP,VALID
FIG_KEBO108_P17_1,kebo108,8,on,17,/extracted_figures/kebo108_p17_img1.jpx,SOURCE_kebo108_8_on,f00cc96f310956508974385e4b1fea4f8de0c5d44d17566e356ec262494e219d,859,467,TIGHT_CROP,VALID
FIG_KEBO108_8_12,kebo108,8,8.12,17,/extracted_figures/kebo108_fig_8_12.png,SOURCE_kebo108_8_8.12,a51be9f342b513f826b9276cde52a62c6b1554f0eafa361ae20e732f30cbb75d,276,145,TIGHT_CROP,VALID
FIG_KEBO108_8_13,kebo108,8,8.13,17,/extracted_figures/kebo108_fig_8_13.png,SOURCE_kebo108_8_8.13,56657b67e2ae12a632c71a5782afcbc735b802a4e29320bdb6d26005e673d0cd,506,257,TIGHT_CROP,VALID
FIG_KEBO109_P1_1,kebo109,9,on,1,/extracted_figures/kebo109_p1_img1.jpeg,SOURCE_kebo109_9_on,a41686fc534b6acbdbb7402ba91899582d342dc7e57289495a4f734809507ff2,956,562,TIGHT_CROP,VALID
FIG_KEBO109_9_1,kebo109,9,9.1,4,/extracted_figures/kebo109_fig_9_1.png,SOURCE_kebo109_9_9.1,e309ace6c117e1a794bfab61aacb03e66ed4c7c28c252c81e06f1679c0efffe2,501,373,TIGHT_CROP,VALID
FIG_KEBO109_9_2,kebo109,9,9.2,7,/extracted_figures/kebo109_fig_9_2.png,SOURCE_kebo109_9_9.2,e052f4dc2759fb7abb50d838cce3d0f90202f974f1c9e6082b838ff43d894e02,501,317,TIGHT_CROP,VALID
FIG_KEBO109_P9_1,kebo109,9,9.3,9,/extracted_figures/kebo109_p9_img1.jpeg,SOURCE_kebo109_9_9.3,f3f96b4ee029cf0bd4f8dc8832b60add1d13dc855ce12c203634285a35300f02,375,468,TIGHT_CROP,VALID
FIG_KEBO109_9_3,kebo109,9,9.3,9,/extracted_figures/kebo109_fig_9_3.png,SOURCE_kebo109_9_9.3,ad3e46502c24ca77e85da71749b7595941ce40a245a151bb4c219de5bcb39e26,273,384,TIGHT_CROP,VALID
FIG_KEBO109_9_4,kebo109,9,9.4,12,/extracted_figures/kebo109_fig_9_4.png,SOURCE_kebo109_9_9.4,89099010ce6dd3c5d31caf5c9cc9788b0e8ca6cc9b75071420dff71833d3b0fd,273,285,TIGHT_CROP,VALID
FIG_KEBO109_9_5,kebo109,9,9.5,13,/extracted_figures/kebo109_fig_9_5.png,SOURCE_kebo109_9_9.5,2548b67dde82529c1ef40f1012545be8703318febeac8e6a9d653e71035fc9e6,501,193,TIGHT_CROP,VALID
FIG_KEBO110_P1_1,kebo110,10,on,1,/extracted_figures/kebo110_p1_img1.jpx,SOURCE_kebo110_10_on,1db9e499390cbee0941f2df1e3fd1cd06cf1feaf3c7eb99fc492a21814847b4d,1275,750,TIGHT_CROP,VALID
FIG_KEBO110_P2_1,kebo110,10,10.1),2,/extracted_figures/kebo110_p2_img1.jpx,SOURCE_kebo110_10_10.1),f4146dd1733e09d0d2132ad8f319bef6c0c10c51ca912a16271b4f0e8b5616c8,371,408,TIGHT_CROP,VALID
FIG_KEBO110_10_1,kebo110,10,10.1,2,/extracted_figures/kebo110_fig_10_1.png,SOURCE_kebo110_10_10.1,4aab2664e8c33756be08ab7bd7f0d0186d742ff79b3956d15ff0618334526fdf,276,298,TIGHT_CROP,VALID
FIG_KEBO110_10_2,kebo110,10,10.2,4,/extracted_figures/kebo110_fig_10_2.png,SOURCE_kebo110_10_10.2,54040723cec2a7a2e2824183ae4489849db13488ca87df9ce2b251c6865b2665,276,164,TIGHT_CROP,VALID
FIG_KEBO110_10_3,kebo110,10,10.3,8,/extracted_figures/kebo110_fig_10_3.png,SOURCE_kebo110_10_10.3,7d9e917e30593f044bb9dc9e5b4dccded929cbc098355288adceff822e20e41a,276,300,TIGHT_CROP,VALID
FIG_KEBO110_10_4,kebo110,10,10.4,9,/extracted_figures/kebo110_fig_10_4.png,SOURCE_kebo110_10_10.4,1d27cdf3335f53cb25acfb0dc6d6edb284cd1a7aae535d6249f90ec843fdbaac,276,330,TIGHT_CROP,VALID
FIG_KEBO111_P1_1,kebo111,11,on,1,/extracted_figures/kebo111_p1_img1.jpx,SOURCE_kebo111_11_on,d001a82fce6cce9a56d6c09fc9d791f79fb5b1e2a3bf535d2b4c7bbfc4dfe232,1238,1635,FULL_PAGE_LIKE,VALID
FIG_KEBO111_P2_1,kebo111,11,on,2,/extracted_figures/kebo111_p2_img1.jpx,SOURCE_kebo111_11_on,57022250ba6aa24e6f1ec00b9a02ccac12c982c0c9987da099664e11d7402d3d,1275,750,TIGHT_CROP,VALID
FIG_KEBO111_P2_2,kebo111,11,on,2,/extracted_figures/kebo111_p2_img2.jpx,SOURCE_kebo111_11_on,9aa7ca4fdb52d2db3d1a84d4e8350fa572676fe8fb0a633af83506a2ed10fb4e,365,450,TIGHT_CROP,VALID
FIG_KEBO111_P3_1,kebo111,11,on,3,/extracted_figures/kebo111_p3_img1.jpx,SOURCE_kebo111_11_on,b113e7b4e730633255dc8f5b60e0125543a4a871eab704e0e38c1b037af0f9c6,1275,750,TIGHT_CROP,VALID
FIG_KEBO111_P3_2,kebo111,11,on,3,/extracted_figures/kebo111_p3_img2.jpx,SOURCE_kebo111_11_on,7e09f6f20d083013b32b7832702a79698f1af86c7305fec5fb08637dd5323798,177,177,TIGHT_CROP,VALID
FIG_KEBO111_11_1,kebo111,11,11.1,4,/extracted_figures/kebo111_fig_11_1.png,SOURCE_kebo111_11_11.1,cd28f6bb8ac4bfe056598577ab49c3eaf75dd78ae46794b4895ea379a39ca8ac,488,491,TIGHT_CROP,VALID
FIG_KEBO111_11_2,kebo111,11,11.2,6,/extracted_figures/kebo111_fig_11_2.png,SOURCE_kebo111_11_11.2,69421932d3e308f7a7a071e60d919497d87a10500c46a692128df1f338e638b0,506,212,TIGHT_CROP,VALID
FIG_KEBO111_11_3,kebo111,11,11.3,7,/extracted_figures/kebo111_fig_11_3.png,SOURCE_kebo111_11_11.3,8caf58cb2ac414b59c640abb6dfc5284c28c45dc7d6d43142c6d11f5d5003fd3,281,368,TIGHT_CROP,VALID
FIG_KEBO111_11_3a,kebo111,11,11.3a,7,/extracted_figures/kebo111_fig_11_3a.png,SOURCE_kebo111_11_11.3a,0edec6fa1a0df7a9f96877125cbb505aaf027c5c098bd2a55c483a8651f93891,276,566,TIGHT_CROP,VALID
FIG_KEBO111_11_3b,kebo111,11,11.3b,7,/extracted_figures/kebo111_fig_11_3b.png,SOURCE_kebo111_11_11.3b,5e8fc7dd6bb6ba045fd4967bab2a96bde2cc8279b555760e35dd179062d2f0d4,576,714,TIGHT_CROP,VALID
FIG_KEBO111_11_3c,kebo111,11,11.3c,7,/extracted_figures/kebo111_fig_11_3c.png,SOURCE_kebo111_11_11.3c,5e8fc7dd6bb6ba045fd4967bab2a96bde2cc8279b555760e35dd179062d2f0d4,576,714,TIGHT_CROP,VALID
FIG_KEBO111_11_4,kebo111,11,11.4,8,/extracted_figures/kebo111_fig_11_4.png,SOURCE_kebo111_11_11.4,6a3d09a8b816bbd623d0de9d3bc9db5eb1631d26d8dec45ad606abc6fb9f94be,276,280,TIGHT_CROP,VALID
FIG_KEBO111_11_5,kebo111,11,11.5,9,/extracted_figures/kebo111_fig_11_5.png,SOURCE_kebo111_11_11.5,1c48ea8d55e2a64fe0282dd47d446414a616b2ef7ae6dc9952657028eba70f86,276,299,TIGHT_CROP,VALID
FIG_KEBO111_11_6,kebo111,11,11.6,10,/extracted_figures/kebo111_fig_11_6.png,SOURCE_kebo111_11_11.6,038e95705a7dedd9aa74081ade89f7d478be9602a6b857215b92141a8b82b414,276,278,TIGHT_CROP,VALID
FIG_KEBO111_P11_1,kebo111,11,11.7,11,/extracted_figures/kebo111_p11_img1.jpx,SOURCE_kebo111_11_11.7,53ec5dbb711f25ccb9e32f1fe732ce02847d1f3667219cc8352890166977ef9a,792,608,TIGHT_CROP,VALID
FIG_KEBO111_11_7,kebo111,11,11.7,11,/extracted_figures/kebo111_fig_11_7.png,SOURCE_kebo111_11_11.7,1f9e3caa4145cb18a604d493c02b9fdaa5d72fcd316cf0ce23486c602d0a0b6d,506,369,TIGHT_CROP,VALID
FIG_KEBO111_P14_1,kebo111,11,11.8,14,/extracted_figures/kebo111_p14_img1.jpx,SOURCE_kebo111_11_11.8,3f9f567cc19fe3d3d21714481837ee436948788e3197eafedb11da0fbafb48c8,708,773,TIGHT_CROP,VALID
FIG_KEBO111_11_8,kebo111,11,11.8,14,/extracted_figures/kebo111_fig_11_8.png,SOURCE_kebo111_11_11.8,b735a7b430fdc8b08441522a8e79917127941053e0aaae809323fbc37436fdeb,506,482,TIGHT_CROP,VALID
FIG_KEBO111_P16_1,kebo111,11,11.9,16,/extracted_figures/kebo111_p16_img1.jpx,SOURCE_kebo111_11_11.9,543c2d8786f485930b132eda689de6a35cd52ef9de254b466cad9e273a6fc85b,615,765,TIGHT_CROP,VALID
FIG_KEBO111_11_9,kebo111,11,11.9,16,/extracted_figures/kebo111_fig_11_9.png,SOURCE_kebo111_11_11.9,608e82c10d545e7c02724cb0c5fbbf1dd65fcc8643a0eb0bb61b426833cbda2b,506,393,TIGHT_CROP,VALID
FIG_KEBO111_11_10,kebo111,11,11.10,19,/extracted_figures/kebo111_fig_11_10.png,SOURCE_kebo111_11_11.10,039d38da6d3a6a3bec519d766e6e538344964fb3540ae724230cc11b8a2dc00a,276,265,TIGHT_CROP,VALID
FIG_KEBO112_P1_1,kebo112,12,on,1,/extracted_figures/kebo112_p1_img1.jpeg,SOURCE_kebo112_12_on,a014253324bb61166d113ade09d97db582b77e4b6c50a9b8b115a5ae982d397b,956,562,TIGHT_CROP,VALID
FIG_KEBO112_P1_2,kebo112,12,on,1,/extracted_figures/kebo112_p1_img2.jpeg,SOURCE_kebo112_12_on,dacb0784c9a920e0985bbad3dd305395336ec852ea70a88a3e31bee7218eb1e1,132,132,TIGHT_CROP,VALID
FIG_KEBO112_P4_1,kebo112,12,12.1,4,/extracted_figures/kebo112_p4_img1.jpeg,SOURCE_kebo112_12_12.1,f04e9a79193485fc96e0aacdc1c8bea4a280d8bd8bf07372b534030be190d47c,362,659,TIGHT_CROP,VALID
FIG_KEBO112_12_1,kebo112,12,12.1,4,/extracted_figures/kebo112_fig_12_1.png,SOURCE_kebo112_12_12.1,6d8aaa3ae1a2802fa6bbb57e518fee6a79ae0b13290c78c2ec36c86d0b808823,273,234,TIGHT_CROP,VALID
FIG_KEBO112_12_2,kebo112,12,12.2,5,/extracted_figures/kebo112_fig_12_2.png,SOURCE_kebo112_12_12.2,5673291397b7f0095620bfc66aa9bd046fff2866e8c72d46399610a4df8bf650,273,284,TIGHT_CROP,VALID
FIG_KEBO112_P7_1,kebo112,12,12.4),7,/extracted_figures/kebo112_p7_img1.jpeg,SOURCE_kebo112_12_12.4),be29110361f67d93cb492407f368b69130e05bb6c9d4da43b150afcc5da87d60,360,314,TIGHT_CROP,VALID
FIG_KEBO112_12_3,kebo112,12,12.3,7,/extracted_figures/kebo112_fig_12_3.png,SOURCE_kebo112_12_12.3,60f997e2c024b0ff8e7c0c7904a2e0eb44267187bfede7ee9341f34ff78f8a11,273,312,TIGHT_CROP,VALID
FIG_KEBO112_P8_1,kebo112,12,12.4,8,/extracted_figures/kebo112_p8_img1.jpeg,SOURCE_kebo112_12_12.4,deda759e2a11d0283e4fe28239c383ffd168a15450bf2f4135dae6e8dfa048d6,410,683,TIGHT_CROP,VALID
FIG_KEBO112_12_4,kebo112,12,12.4,8,/extracted_figures/kebo112_fig_12_4.png,SOURCE_kebo112_12_12.4,8cae6d0e73b1ee5a09cdcdbf74f06cdc689faa05c162853a859edfb6f06df184,273,511,TIGHT_CROP,VALID
FIG_KEBO112_P9_1,kebo112,12,12.5),9,/extracted_figures/kebo112_p9_img1.jpeg,SOURCE_kebo112_12_12.5),3e8aed5305dd25d7d19c96244b4a9dbd433aca7eaca99ed264690bdfb1f9e45a,345,258,TIGHT_CROP,VALID
FIG_KEBO112_12_5,kebo112,12,12.5,9,/extracted_figures/kebo112_fig_12_5.png,SOURCE_kebo112_12_12.5,d69606533ba6bd87ae573bc0a353c261618b6c4772933e65bbdbd0bd45643b96,273,269,TIGHT_CROP,VALID
FIG_KEBO112_12_6,kebo112,12,12.6,11,/extracted_figures/kebo112_fig_12_6.png,SOURCE_kebo112_12_12.6,b0ffd09f3b2fb31ca5a854ecacaa8fdcffc5d232389185ecdecd961d37408300,501,434,TIGHT_CROP,VALID
FIG_KEBO113_P1_1,kebo113,13,13.1),1,/extracted_figures/kebo113_p1_img1.jpx,SOURCE_kebo113_13_13.1),1db9e499390cbee0941f2df1e3fd1cd06cf1feaf3c7eb99fc492a21814847b4d,1275,750,TIGHT_CROP,VALID
FIG_KEBO113_13_1,kebo113,13,13.1,2,/extracted_figures/kebo113_fig_13_1.png,SOURCE_kebo113_13_13.1,fc95dac046d821ab328d60b790fd52cca3481df564a705fa4e914491e2d5a825,506,344,TIGHT_CROP,VALID
FIG_KEBO113_13_2,kebo113,13,13.2,3,/extracted_figures/kebo113_fig_13_2.png,SOURCE_kebo113_13_13.2,0a39ec65b0264669f603dc9e5ed87b144f6a0c4a7d1dca04d83b175b4bced14e,276,344,TIGHT_CROP,VALID
FIG_KEBO113_13_3,kebo113,13,13.3,3,/extracted_figures/kebo113_fig_13_3.png,SOURCE_kebo113_13_13.3,f5fde07abc4b1c244e8cdde4064e1fa2eba5e26f7e115aa3a3f021a646684c9f,276,232,TIGHT_CROP,VALID
FIG_KEBO113_P4_1,kebo113,13,on,4,/extracted_figures/kebo113_p4_img1.jpx,SOURCE_kebo113_13_on,bb9085f3d8aa972b00c7fc63758d377a6fbb63b5f7ac2767f64e9f362e8c9c02,752,701,TIGHT_CROP,VALID
FIG_KEBO113_13_4,kebo113,13,13.4,4,/extracted_figures/kebo113_fig_13_4.png,SOURCE_kebo113_13_13.4,642c2fa051bf4410a483c6c3d9a63449de9b0839cccb59861aaa20ec561d182a,506,405,TIGHT_CROP,VALID
FIG_KEBO113_13_5,kebo113,13,13.5,5,/extracted_figures/kebo113_fig_13_5.png,SOURCE_kebo113_13_13.5,5a90a0ab8dfaffd000e8540fe978d8abe72864b4c7825fca648c2ae73523abb7,276,135,TIGHT_CROP,VALID
FIG_KEBO113_13_6,kebo113,13,13.6,5,/extracted_figures/kebo113_fig_13_6.png,SOURCE_kebo113_13_13.6,dac6a9888cacd6283682fc105519590718985e8babf324d110559ed46f9e7b83,276,132,TIGHT_CROP,VALID
FIG_KEBO113_13_7,kebo113,13,13.7,6,/extracted_figures/kebo113_fig_13_7.png,SOURCE_kebo113_13_13.7,5ac8130f28df1bddf6a57fe86f8966557c5733444276fb3c8f0ee701b38cd4ea,506,299,TIGHT_CROP,VALID
FIG_KEBO113_13_8,kebo113,13,13.8,8,/extracted_figures/kebo113_fig_13_8.png,SOURCE_kebo113_13_13.8,0038ae51bcf35499d8f032c3756c8298cd3c76ff7cb57f01ce6aa61248df77c8,506,256,TIGHT_CROP,VALID
FIG_KEBO113_13_9,kebo113,13,13.9,8,/extracted_figures/kebo113_fig_13_9.png,SOURCE_kebo113_13_13.9,8987b382b0edf270cd55c493699ead2d0927f837104601f23449495f08ec72a5,506,291,TIGHT_CROP,VALID
FIG_KEBO113_P9_1,kebo113,13,13.10),9,/extracted_figures/kebo113_p9_img1.jpx,SOURCE_kebo113_13_13.10),843421e3359a11d15a24e72bd2a87c443d6f99daccfaffc03ca146449ea3cbc9,478,179,TIGHT_CROP,VALID
FIG_KEBO113_13_10,kebo113,13,13.10,9,/extracted_figures/kebo113_fig_13_10.png,SOURCE_kebo113_13_13.10,d2268d543a22f8932269e316231cdc1b49e030a27e400e359312aaf0b1605773,276,182,TIGHT_CROP,VALID
FIG_KEBO113_13_11,kebo113,13,13.11,11,/extracted_figures/kebo113_fig_13_11.png,SOURCE_kebo113_13_13.11,b52fd0ca37fd757099ac4eb290848189a39185fcfe1b4827f741b1604a5f4c8b,276,256,TIGHT_CROP,VALID
FIG_KEBO114_P1_1,kebo114,14,on,1,/extracted_figures/kebo114_p1_img1.jpx,SOURCE_kebo114_14_on,c4df739f3d5e4ee94b4746e19e718b2297035dd657c3aacc94d937267c53c012,1238,1635,FULL_PAGE_LIKE,VALID
FIG_KEBO114_P2_1,kebo114,14,on,2,/extracted_figures/kebo114_p2_img1.jpx,SOURCE_kebo114_14_on,57022250ba6aa24e6f1ec00b9a02ccac12c982c0c9987da099664e11d7402d3d,1275,750,TIGHT_CROP,VALID
FIG_KEBO114_P2_2,kebo114,14,on,2,/extracted_figures/kebo114_p2_img2.jpx,SOURCE_kebo114_14_on,50346254c09882312c828d1923b5f9adab29d239dc8fb13e8d722f5013c86746,340,413,TIGHT_CROP,VALID
FIG_KEBO114_P3_1,kebo114,14,on,3,/extracted_figures/kebo114_p3_img1.jpx,SOURCE_kebo114_14_on,1db9e499390cbee0941f2df1e3fd1cd06cf1feaf3c7eb99fc492a21814847b4d,1275,750,TIGHT_CROP,VALID
FIG_KEBO114_14_1,kebo114,14,14.1,4,/extracted_figures/kebo114_fig_14_1.png,SOURCE_kebo114_14_14.1,8d33f263324a35594389808fadedf93dbd3a3efa00bd662870de3251cdf18477,506,305,TIGHT_CROP,VALID
FIG_KEBO114_14_2a,kebo114,14,14.2a,6,/extracted_figures/kebo114_fig_14_2a.png,SOURCE_kebo114_14_14.2a,43077bd0ec25d16c6aaf779e5438e65db0a5d14542fa5ad4fd747697e2ec2240,301,431,TIGHT_CROP,VALID
FIG_KEBO114_14_2b,kebo114,14,14.2b,6,/extracted_figures/kebo114_fig_14_2b.png,SOURCE_kebo114_14_14.2b,43077bd0ec25d16c6aaf779e5438e65db0a5d14542fa5ad4fd747697e2ec2240,301,431,TIGHT_CROP,VALID
FIG_KEBO114_14_2,kebo114,14,14.2,6,/extracted_figures/kebo114_fig_14_2.png,SOURCE_kebo114_14_14.2,21fb9f9035cb7a12baa9e6f0d92880dfef7c5a0c9adfe2cf1fb30983c79fa724,276,538,TIGHT_CROP,VALID
FIG_KEBO114_14_3,kebo114,14,14.3,8,/extracted_figures/kebo114_fig_14_3.png,SOURCE_kebo114_14_14.3,601b6ff57d862dd208acded268a0e5fd786f47e18284a78dc07b21fdaaa79603,506,389,TIGHT_CROP,VALID
FIG_KEBO114_14_4,kebo114,14,14.4,8,/extracted_figures/kebo114_fig_14_4.png,SOURCE_kebo114_14_14.4,0408c4e1a8e72804d7fe93ebd9b9b762bdfd0e8f8e0fbd3dc9f2902cf2cf95e4,276,203,TIGHT_CROP,VALID
FIG_KEBO114_14_5,kebo114,14,14.5,9,/extracted_figures/kebo114_fig_14_5.png,SOURCE_kebo114_14_14.5,75f80ce48e15cd03014b28b62ceab5767ebf326415ae54620a9a8d7e3eca9255,276,111,TIGHT_CROP,VALID
FIG_KEBO115_P1_1,kebo115,15,on,1,/extracted_figures/kebo115_p1_img1.jpx,SOURCE_kebo115_15_on,b113e7b4e730633255dc8f5b60e0125543a4a871eab704e0e38c1b037af0f9c6,1275,750,TIGHT_CROP,VALID
FIG_KEBO115_P1_2,kebo115,15,on,1,/extracted_figures/kebo115_p1_img2.jpx,SOURCE_kebo115_15_on,aacc19c9bf092ddfababa7704d4477267ff87ec5603a4bb71807cc367c7f2671,177,177,TIGHT_CROP,VALID
FIG_KEBO115_15_1,kebo115,15,15.1,2,/extracted_figures/kebo115_fig_15_1.png,SOURCE_kebo115_15_15.1,d7744d51e3eaf151daed923f9fab3dc872f3cec63b1dc4b5eba7cd44bd0695d6,506,138,TIGHT_CROP,VALID
FIG_KEBO115_15_2,kebo115,15,15.2,6,/extracted_figures/kebo115_fig_15_2.png,SOURCE_kebo115_15_15.2,8b1e13ebbb189843766240574845de0bab051c4cff672e64d11ed0b16c125643,276,322,TIGHT_CROP,VALID
FIG_KEBO115_15_3,kebo115,15,15.3,9,/extracted_figures/kebo115_fig_15_3.png,SOURCE_kebo115_15_15.3,e40d51f18fe1ec947268c472bb4d1c08827ae9dc22d2c8fe695d7a267a56cfc9,276,179,TIGHT_CROP,VALID
FIG_KEBO115_15_4,kebo115,15,15.4,10,/extracted_figures/kebo115_fig_15_4.png,SOURCE_kebo115_15_15.4,5318ddcfe04ef1d83405785cf20ed1d32826200c0bc648cd06be2f265bdbb187,506,268,TIGHT_CROP,VALID
FIG_KEBO116_P1_1,kebo116,16,on,1,/extracted_figures/kebo116_p1_img1.jpx,SOURCE_kebo116_16_on,1db9e499390cbee0941f2df1e3fd1cd06cf1feaf3c7eb99fc492a21814847b4d,1275,750,TIGHT_CROP,VALID
FIG_KEBO116_16_1,kebo116,16,16.1,2,/extracted_figures/kebo116_fig_16_1.png,SOURCE_kebo116_16_16.1,7e83e7f5780287ee65171ffc02b224057c4f675a2b14cf63bd9d8c2df48f7b82,276,347,TIGHT_CROP,VALID
FIG_KEBO116_16_3,kebo116,16,16.3,3,/extracted_figures/kebo116_fig_16_3.png,SOURCE_kebo116_16_16.3,b4abf762b3492707baf0e919a97fa7c200c9188dd71e8263b76336d1dba5d467,506,341,TIGHT_CROP,VALID
FIG_KEBO116_16_2,kebo116,16,16.2,3,/extracted_figures/kebo116_fig_16_2.png,SOURCE_kebo116_16_16.2,da4d584798c0f4bd62c761238b9c84a967c5b037b38bc87a820058e91dbbaa8b,276,285,TIGHT_CROP,VALID
FIG_KEBO116_16_4,kebo116,16,16.4,4,/extracted_figures/kebo116_fig_16_4.png,SOURCE_kebo116_16_16.4,de7d3471f45ebdea0643c08465604904dd9bcb679642ed43e41fd88008398e1d,276,304,TIGHT_CROP,VALID
FIG_KEBO116_16_5,kebo116,16,16.5,6,/extracted_figures/kebo116_fig_16_5.png,SOURCE_kebo116_16_16.5,e10f1fb0a40cd114631bee6f215b2ccfbef6dec20adea8c53ef62814983bc67e,506,464,TIGHT_CROP,VALID
FIG_KEBO116_16_6,kebo116,16,16.6,7,/extracted_figures/kebo116_fig_16_6.png,SOURCE_kebo116_16_16.6,d02b67ab29d3901ef9da23db6c5f958bb16cb3a5e635965e2c64dc93b5f1d590,506,431,TIGHT_CROP,VALID
FIG_KEBO117_P1_1,kebo117,17,on,1,/extracted_figures/kebo117_p1_img1.jpeg,SOURCE_kebo117_17_on,a014253324bb61166d113ade09d97db582b77e4b6c50a9b8b115a5ae982d397b,956,562,TIGHT_CROP,VALID
FIG_KEBO117_P1_2,kebo117,17,on,1,/extracted_figures/kebo117_p1_img2.jpeg,SOURCE_kebo117_17_on,eab06cdef2d69ffe97def4b6a080d219f2d2bd781a88f46931d576519d10b072,132,132,TIGHT_CROP,VALID
FIG_KEBO117_17_1,kebo117,17,17.1,3,/extracted_figures/kebo117_fig_17_1.png,SOURCE_kebo117_17_17.1,04e4765aeb8c88006abbe9a6b4e7e519bfa98c844dbb1beff5e332f655fdf718,501,291,TIGHT_CROP,VALID
FIG_KEBO117_P4_1,kebo117,17,17.2),4,/extracted_figures/kebo117_p4_img1.jpeg,SOURCE_kebo117_17_17.2),78a5131cd02f261cdd1c07000454f8c6ea7353b659c054955c073b42e07c43f9,603,508,TIGHT_CROP,VALID
FIG_KEBO117_17_2,kebo117,17,17.2,4,/extracted_figures/kebo117_fig_17_2.png,SOURCE_kebo117_17_17.2,51dd7b91eb10e301f2fe25fa46dff56a9684d88aeca8a53284e1472c57c06aad,501,376,TIGHT_CROP,VALID
FIG_KEBO117_17_3a,kebo117,17,17.3a,5,/extracted_figures/kebo117_fig_17_3a.png,SOURCE_kebo117_17_17.3a,e3ab0cc2e44ab3f77dfb6c585fb91c4edbca28ce68f37bad740d012578633794,502,188,TIGHT_CROP,VALID
FIG_KEBO117_17_3b,kebo117,17,17.3b,5,/extracted_figures/kebo117_fig_17_3b.png,SOURCE_kebo117_17_17.3b,c7240773f094821590b15f0c5fb18b4dbbb75982db3c8d7404a077edfd570c72,502,318,TIGHT_CROP,VALID
FIG_KEBO117_17_3,kebo117,17,17.3,5,/extracted_figures/kebo117_fig_17_3.png,SOURCE_kebo117_17_17.3,8c1c11f6b61eb94e53009121ffbd1518c3f369756c6275eb9a5d69baebc86158,501,261,TIGHT_CROP,VALID
FIG_KEBO117_17_4,kebo117,17,17.4,6,/extracted_figures/kebo117_fig_17_4.png,SOURCE_kebo117_17_17.4,cd94d5f0d03257b85076ddc1ce1053d3c78c2f8cfd5003ab6fcea151fdec73c5,501,288,TIGHT_CROP,VALID
FIG_KEBO117_17_5,kebo117,17,17.5,7,/extracted_figures/kebo117_fig_17_5.png,SOURCE_kebo117_17_17.5,08e6883a9097a2000481e729071e5d05bffe5c9b53b1990ff2bd6103d3eed094,501,398,TIGHT_CROP,VALID
FIG_KEBO117_17_6,kebo117,17,17.6,8,/extracted_figures/kebo117_fig_17_6.png,SOURCE_kebo117_17_17.6,e3a781ffd901ebed921ae646ad5d7b5cdebc82262d75a9e4c542bf0110693a3d,501,304,TIGHT_CROP,VALID
FIG_KEBO117_P9_1,kebo117,17,on,9,/extracted_figures/kebo117_p9_img1.jpeg,SOURCE_kebo117_17_on,0fa95870f20eb3bcc583ed79a08628ba45aa03ea9e9bf3294b31e5af3f7d1d48,386,346,TIGHT_CROP,VALID
FIG_KEBO117_17_7,kebo117,17,17.7,9,/extracted_figures/kebo117_fig_17_7.png,SOURCE_kebo117_17_17.7,be3fdd4786b10f247cc65a189775237de8b40fb7b9d52504dcfe79c4f7e1dcb7,273,334,TIGHT_CROP,VALID
FIG_KEBO117_17_8,kebo117,17,17.8,9,/extracted_figures/kebo117_fig_17_8.png,SOURCE_kebo117_17_17.8,5b119f4c663edbdca8178aa1c70fc85fd381c486eda0f357977ccf531c4133bf,273,649,TIGHT_CROP,VALID
FIG_KEBO117_17_9,kebo117,17,17.9,10,/extracted_figures/kebo117_fig_17_9.png,SOURCE_kebo117_17_17.9,dc9fe1e6d64d2cc918279af7d2d9d3a3ca5f2febd01e8f81e87baa0f8b673d3c,273,352,TIGHT_CROP,VALID
FIG_KEBO117_17_10,kebo117,17,17.10,10,/extracted_figures/kebo117_fig_17_10.png,SOURCE_kebo117_17_17.10,aa870dcc05a95d425fc82ae734abb5b9060adb34c8165d5863b4b3d62e8b8b91,572,710,TIGHT_CROP,VALID
FIG_KEBO118_P1_1,kebo118,18,on,1,/extracted_figures/kebo118_p1_img1.jpx,SOURCE_kebo118_18_on,b113e7b4e730633255dc8f5b60e0125543a4a871eab704e0e38c1b037af0f9c6,1275,750,TIGHT_CROP,VALID
FIG_KEBO118_P1_2,kebo118,18,on,1,/extracted_figures/kebo118_p1_img2.jpx,SOURCE_kebo118_18_on,23a461b764289b308414717690625a7fb86702b698314f9e3b90cff41fa1800a,177,177,TIGHT_CROP,VALID
FIG_KEBO118_18_1,kebo118,18,18.1,3,/extracted_figures/kebo118_fig_18_1.png,SOURCE_kebo118_18_18.1,9f9b0d15bcc0b7132301953b6fdcaba733e969b4a3edf0c71968195297621d77,276,37,TIGHT_CROP,VALID
FIG_KEBO118_18_2,kebo118,18,18.2,4,/extracted_figures/kebo118_fig_18_2.png,SOURCE_kebo118_18_18.2,7e45d3702524db809b2c4937a8eb6ad08bd09c7a14989fd35875c0def829535f,506,282,TIGHT_CROP,VALID
FIG_KEBO118_18_3,kebo118,18,18.3,5,/extracted_figures/kebo118_fig_18_3.png,SOURCE_kebo118_18_18.3,826647007796a7c4f09488c47ac6a13d8b4ad981c9099fcae3861d766769647b,506,291,TIGHT_CROP,VALID
FIG_KEBO118_P6_1,kebo118,18,18.4),6,/extracted_figures/kebo118_p6_img1.jpx,SOURCE_kebo118_18_18.4),39a87961992178e3ec44d5db447804d7f0a1b62e39763ba75dd28a4f53cd8506,827,528,TIGHT_CROP,VALID
FIG_KEBO118_18_4,kebo118,18,18.4,6,/extracted_figures/kebo118_fig_18_4.png,SOURCE_kebo118_18_18.4,2b3844a1d1efde7d230ef665fd84dcf9c52ffdc59acf1b620420176bf6a06f69,506,294,TIGHT_CROP,VALID
FIG_KEBO119_P1_1,kebo119,19,on,1,/extracted_figures/kebo119_p1_img1.jpeg,SOURCE_kebo119_19_on,a41686fc534b6acbdbb7402ba91899582d342dc7e57289495a4f734809507ff2,956,562,TIGHT_CROP,VALID
FIG_KEBO119_19_1,kebo119,19,19.1,2,/extracted_figures/kebo119_fig_19_1.png,SOURCE_kebo119_19_19.1,55e5d29f7398109a8c037aa82dbc02c5a061a95f916407e13363b04d3f910735,273,414,TIGHT_CROP,VALID
FIG_KEBO119_19_2,kebo119,19,19.2,3,/extracted_figures/kebo119_fig_19_2.png,SOURCE_kebo119_19_19.2,ff6d542ef0396657efa0eb001c8e453692d0c684387a6708967fa56ba215fe2e,273,338,TIGHT_CROP,VALID
FIG_KEBO119_19_3,kebo119,19,19.3,4,/extracted_figures/kebo119_fig_19_3.png,SOURCE_kebo119_19_19.3,20ffe396bd23388078afe7b2570dff56f1cd8f18888dcad2bb4a2db8c8d4ee36,273,214,TIGHT_CROP,VALID
FIG_KEBO119_P6_1,kebo119,19,19.4,6,/extracted_figures/kebo119_p6_img1.jpeg,SOURCE_kebo119_19_19.4,87aa20cdd9455c40f41e81e0ef17e819731a757eaed1d2f07bc30599bfebab84,702,480,TIGHT_CROP,VALID
FIG_KEBO119_19_4,kebo119,19,19.4,6,/extracted_figures/kebo119_fig_19_4.png,SOURCE_kebo119_19_19.4,72ea6f1323581d3ddd663b01ec95f5e1ceb5f90fd9e290aeb34cea9dc0f78689,501,312,TIGHT_CROP,VALID
FIG_KEBO119_19_5a,kebo119,19,19.5a,10,/extracted_figures/kebo119_fig_19_5a.png,SOURCE_kebo119_19_19.5a,f07196e6a9e32cff77a1ee01410f6646542b4696f14ce51287c76d5f4ecc9eb5,502,296,TIGHT_CROP,VALID
FIG_KEBO119_19_5b,kebo119,19,19.5b,10,/extracted_figures/kebo119_fig_19_5b.png,SOURCE_kebo119_19_19.5b,f07196e6a9e32cff77a1ee01410f6646542b4696f14ce51287c76d5f4ecc9eb5,502,296,TIGHT_CROP,VALID
FIG_KEBO119_19_5,kebo119,19,19.5,11,/extracted_figures/kebo119_fig_19_5.png,SOURCE_kebo119_19_19.5,25a4da0130af7072642d8feaf7ecd7683fcc172e5ad86ab320b69790b6a571f3,501,419,TIGHT_CROP,VALID
FIG_KECH101_P5_1,kech101,1,on,5,/extracted_figures/kech101_p5_img1.jpeg,SOURCE_kech101_1_on,42205ff68e4662143aba2aaab611fdb5bc79f6ee2eea514f129621b672e95155,360,186,TIGHT_CROP,VALID
FIG_KECH101_1_2,kech101,1,1.2,5,/extracted_figures/kech101_fig_1_2.png,SOURCE_kech101_1_1.2,8e838197b11414e29318f15995f785786d2e33f078f9be156348b6b456865ce4,524,198,TIGHT_CROP,VALID
FIG_KECH101_1_1,kech101,1,1.1,5,/extracted_figures/kech101_fig_1_1.png,SOURCE_kech101_1_1.1,8233eff8f797a81ac00a8cfcffb03a97e71f6b547513ab3ab85ec01ea91a0309,524,173,TIGHT_CROP,VALID
FIG_KECH101_1_4,kech101,1,1.4,6,/extracted_figures/kech101_fig_1_4.png,SOURCE_kech101_1_1.4,51b7d9e2329f2b1e392af7dde3fa03f556e150e81c221187ea03e55feb3c10b0,285,164,TIGHT_CROP,VALID
FIG_KECH101_1_3,kech101,1,1.3,6,/extracted_figures/kech101_fig_1_3.png,SOURCE_kech101_1_1.3,1fd31cf26e5895ca025d1cfe317e6998c90995c68092a04cc9f8c2d2254940fe,285,225,TIGHT_CROP,VALID
FIG_KECH101_P9_2,kech101,1,on,9,/extracted_figures/kech101_p9_img2.jpeg,SOURCE_kech101_1_on,ef37c9432ce6d57cd2f487924dee99ad5c3e5196eb78de0744b1519e6c3069f6,294,261,TIGHT_CROP,VALID
FIG_KECH101_P9_3,kech101,1,on,9,/extracted_figures/kech101_p9_img3.jpeg,SOURCE_kech101_1_on,72bc3307b5fb9253e41db99dcb86ab626060198ce5f41fa6a2a05c9101970fdf,151,69,TIGHT_CROP,VALID
FIG_KECH101_1_5,kech101,1,1.5,9,/extracted_figures/kech101_fig_1_5.png,SOURCE_kech101_1_1.5,1e7fc6499562956eb658e82fde026ab02f6f31fc0fbbd7b10e1c575aceb4e216,285,306,TIGHT_CROP,VALID
FIG_KECH101_1_6,kech101,1,1.6,9,/extracted_figures/kech101_fig_1_6.png,SOURCE_kech101_1_1.6,67777d6ef211f85d6a93a18239aab72c62ea4a57bef2165e9ec21e1fe23e7819,285,242,TIGHT_CROP,VALID
FIG_KECH101_P10_1,kech101,1,on,10,/extracted_figures/kech101_p10_img1.jpeg,SOURCE_kech101_1_on,7ede19d285ed8458f675dfa129a152ed07030f2ea8c1e9bd14e2e28b33f6831c,328,265,TIGHT_CROP,VALID
FIG_KECH101_P10_2,kech101,1,on,10,/extracted_figures/kech101_p10_img2.jpeg,SOURCE_kech101_1_on,71594fe858d4541510a224be47b3c7a083934dff4ba3beec0a86800f1cd8be47,72,144,TIGHT_CROP,VALID
FIG_KECH101_P10_3,kech101,1,on,10,/extracted_figures/kech101_p10_img3.jpeg,SOURCE_kech101_1_on,22769926ba4365b06482c22b41c0730ff908b73e7fd5407d425f604af1a53307,322,338,TIGHT_CROP,VALID
FIG_KECH101_1_7,kech101,1,1.7,10,/extracted_figures/kech101_fig_1_7.png,SOURCE_kech101_1_1.7,1abaf14dd52171b7759c3814923c4860e7a8c2a312e1d84dcf6b7043feafe6fe,285,210,TIGHT_CROP,VALID
FIG_KECH101_1_8,kech101,1,1.8,10,/extracted_figures/kech101_fig_1_8.png,SOURCE_kech101_1_1.8,c5cd6053758dfa62fa3ee7944ce2645c3f78fccf5be9e127f2db4029bdcc98db,285,259,TIGHT_CROP,VALID
FIG_KECH101_P14_1,kech101,1,on,14,/extracted_figures/kech101_p14_img1.jpeg,SOURCE_kech101_1_on,996d05647e6290ef3266a151200ef2527690edef972c4e218e285a6ed8c5571d,115,175,TIGHT_CROP,VALID
FIG_KECH101_P15_1,kech101,1,on,15,/extracted_figures/kech101_p15_img1.jpeg,SOURCE_kech101_1_on,396c8aa6b0c73e1c7403406f60a82893e31969e596ce44f3beffa8d0fae94932,108,127,TIGHT_CROP,VALID
FIG_KECH101_P15_2,kech101,1,on,15,/extracted_figures/kech101_p15_img2.jpeg,SOURCE_kech101_1_on,f1cdf28901ab5de0b2613e2a9fa888a00c3edfc7f6eb796c9006da47cfb99d63,117,127,TIGHT_CROP,VALID
FIG_KECH101_P15_3,kech101,1,on,15,/extracted_figures/kech101_p15_img3.jpeg,SOURCE_kech101_1_on,a200b8af2e20036538d2ffb88979379ce78d748bfdb089e56701469e85e7ebdd,114,131,TIGHT_CROP,VALID
FIG_KECH101_P16_1,kech101,1,on,16,/extracted_figures/kech101_p16_img1.jpeg,SOURCE_kech101_1_on,b0b960d3efbfe813f86660c6a2a8e57827f34f9932fa7e8acc48b1aca3e3abf7,114,150,TIGHT_CROP,VALID
FIG_KECH101_P16_2,kech101,1,on,16,/extracted_figures/kech101_p16_img2.jpeg,SOURCE_kech101_1_on,e881e33a30f46e3236bdc9ad733268f02ed6d9334fe22b94753777d89970a8b5,738,188,TIGHT_CROP,VALID
FIG_KECH101_1_9,kech101,1,1.9,16,/extracted_figures/kech101_fig_1_9.png,SOURCE_kech101_1_1.9,52eea7dd7d8d9ee1637ba075ddd980e5d959a7874af7104c4da7d9fb5f697644,524,186,TIGHT_CROP,VALID
FIG_KECH101_P17_1,kech101,1,on,17,/extracted_figures/kech101_p17_img1.jpeg,SOURCE_kech101_1_on,ba65eaa701ee49c11fee52b95e523277febd684e7ea4fb09529d587557ea9e38,177,180,TIGHT_CROP,VALID
FIG_KECH101_1_10,kech101,1,1.10,17,/extracted_figures/kech101_fig_1_10.png,SOURCE_kech101_1_1.10,37186035cea80af62f138185198a9b1dbc6ab1523e788798f98f469218b86640,285,154,TIGHT_CROP,VALID
FIG_KECH101_P18_1,kech101,1,on,18,/extracted_figures/kech101_p18_img1.jpeg,SOURCE_kech101_1_on,2884362ed38311428aabdfe70e786915d8ee4d30542c1453e6a718618f185f81,595,321,TIGHT_CROP,VALID
FIG_KECH101_1_11,kech101,1,1.11,18,/extracted_figures/kech101_fig_1_11.png,SOURCE_kech101_1_1.11,fcded7ac2728c4a92eccab06028d1ec45e008e514e16837422b7bcb911978008,285,181,TIGHT_CROP,VALID
FIG_KECH102_2_1,kech102,2,2.1,2,/extracted_figures/kech102_fig_2_1.png,SOURCE_kech102_2_2.1,109c06256d98bbee65c1b37f5209b6cb0df3c4aad6ab028d57f8a59e64511743,285,320,TIGHT_CROP,VALID
FIG_KECH102_2_2,kech102,2,2.2,3,/extracted_figures/kech102_fig_2_2.png,SOURCE_kech102_2_2.2,d846b155a5615a1a3799a2712f0e190d037b6c901681b5c709dfec59e7975e00,524,208,TIGHT_CROP,VALID
FIG_KECH102_2_3,kech102,2,2.3,4,/extracted_figures/kech102_fig_2_3.png,SOURCE_kech102_2_2.3,95e574cd321315410435407af44816a4d77028932dc6e8d0ad5431ece71c497c,285,232,TIGHT_CROP,VALID
FIG_KECH102_2_4,kech102,2,2.4,5,/extracted_figures/kech102_fig_2_4.png,SOURCE_kech102_2_2.4,3cbae87e913305e7c1bc839eed3ed7a99c5fec9e20062304c64a99de6b341883,285,117,TIGHT_CROP,VALID
FIG_KECH102_2_5,kech102,2,2.5,6,/extracted_figures/kech102_fig_2_5.png,SOURCE_kech102_2_2.5,2195f72aa78bce282e526842ef253c0f3e8c2c79caa893687e47caa1e57f30cb,285,449,TIGHT_CROP,VALID
FIG_KECH102_2_6,kech102,2,2.6,9,/extracted_figures/kech102_fig_2_6.png,SOURCE_kech102_2_2.6,3f11d92b1dce6dd675f3e4cd96e9cba5512a6d27a132fda7f7f087a7989cafa2,285,213,TIGHT_CROP,VALID
FIG_KECH102_2_7,kech102,2,2.7,10,/extracted_figures/kech102_fig_2_7.png,SOURCE_kech102_2_2.7,4e2dcaad10b41e4e93c199b26eac80922d0d8aedaa1e08106f2074a895ecad53,524,257,TIGHT_CROP,VALID
FIG_KECH102_2_8,kech102,2,2.8,12,/extracted_figures/kech102_fig_2_8.png,SOURCE_kech102_2_2.8,97e1860e1dfabfb6c35ca1ee1a17a3f2c6469dec8baeb256714848dcd7391bdd,285,182,TIGHT_CROP,VALID
FIG_KECH102_P13_1,kech102,2,on,13,/extracted_figures/kech102_p13_img1.jpeg,SOURCE_kech102_2_on,7cc56234d4f694c292be1f105250a48f343c808ab3f0aba3731da40d70f73c4d,108,143,TIGHT_CROP,VALID
FIG_KECH102_2_9,kech102,2,2.9,13,/extracted_figures/kech102_fig_2_9.png,SOURCE_kech102_2_2.9,6779a94c3d8014103c11f60dfb6fa19f1eeaef623f4d14f2b56a15e42c558860,285,222,TIGHT_CROP,VALID
FIG_KECH102_P14_1,kech102,2,on,14,/extracted_figures/kech102_p14_img1.jpeg,SOURCE_kech102_2_on,8a13fcce0ff06a675d47683d671385fbd740d96a8b22fa6a6cb81aa01a45d3eb,109,142,TIGHT_CROP,VALID
FIG_KECH102_2_10,kech102,2,2.10,17,/extracted_figures/kech102_fig_2_10.png,SOURCE_kech102_2_2.10,15f48ed552a609bea96010cee47eaffd54485e98e34207e0e55945fa4e258080,524,357,TIGHT_CROP,VALID
FIG_KECH102_P19_1,kech102,2,on,19,/extracted_figures/kech102_p19_img1.jpeg,SOURCE_kech102_2_on,8e8f1b8a96cdd4714a8ae2d1bc68250dcb4d1364bdbec6ebc182c7c4d688152d,109,147,TIGHT_CROP,VALID
FIG_KECH102_2_11,kech102,2,2.11,19,/extracted_figures/kech102_fig_2_11.png,SOURCE_kech102_2_2.11,dc264b9b674c3b4ca27ad229ba1adb63844338f6f8aa93bd90cfe324b92b15f2,285,236,TIGHT_CROP,VALID
FIG_KECH102_P22_1,kech102,2,on,22,/extracted_figures/kech102_p22_img1.jpeg,SOURCE_kech102_2_on,aa751dead8d8283e4d7e307dc28b1d5347ec0dd73916023b78095dbcdac80575,131,175,TIGHT_CROP,VALID
FIG_KECH102_P23_1,kech102,2,on,23,/extracted_figures/kech102_p23_img1.jpeg,SOURCE_kech102_2_on,14100d7951994d556a5b8fe6dade6195f2f4313cb8556cbab6d99d16dbba8858,117,144,TIGHT_CROP,VALID
FIG_KECH102_P25_1,kech102,2,on,25,/extracted_figures/kech102_p25_img1.jpeg,SOURCE_kech102_2_on,a036e398cbebadfccce1649de245599ff019e76a6c267efd4b57e0821f274fe5,142,180,TIGHT_CROP,VALID
FIG_KECH102_2_12,kech102,2,2.12,29,/extracted_figures/kech102_fig_2_12.png,SOURCE_kech102_2_2.12,c53093d1a6e8932217d3b72866801be089d81fe472f7c781b4d2ee8bd461a1cb,285,276,TIGHT_CROP,VALID
FIG_KECH102_P30_3,kech102,2,on,30,/extracted_figures/kech102_p30_img3.jpeg,SOURCE_kech102_2_on,8b0bef1417317584a1fca364775622b3b057a2909af482e7c8a4f03e83a6d311,152,132,TIGHT_CROP,VALID
FIG_KECH102_2_14,kech102,2,2.14,30,/extracted_figures/kech102_fig_2_14.png,SOURCE_kech102_2_2.14,f5478793ed5009194bcbcaf5e50a34788e68ac82760986c47beef8fba74f6b01,285,238,TIGHT_CROP,VALID
FIG_KECH102_2_13,kech102,2,2.13,30,/extracted_figures/kech102_fig_2_13.png,SOURCE_kech102_2_2.13,b09b9612599137e45622ae3ad365e9f91fba49ad3bdcd94e8afd0ef3870f99a8,285,245,TIGHT_CROP,VALID
FIG_KECH102_2_15,kech102,2,2.15,31,/extracted_figures/kech102_fig_2_15.png,SOURCE_kech102_2_2.15,865b58f2abff890c7057ff833ec216464bf7b885e0d396ce73e5baaac8843bfc,594,732,TIGHT_CROP,VALID
FIG_KECH102_2_16,kech102,2,2.16,32,/extracted_figures/kech102_fig_2_16.png,SOURCE_kech102_2_2.16,6a25387cf262a55c07cbca588d0464059c22eac8be7915cc4483436f9dbb0d32,285,300,TIGHT_CROP,VALID
FIG_KECH102_2_17,kech102,2,2.17,34,/extracted_figures/kech102_fig_2_17.png,SOURCE_kech102_2_2.17,7530afc232b6f8f024d1c5c4264e57020b12e82318bfc13217635104125d46c9,594,732,TIGHT_CROP,VALID
FIG_KECH102_2_18,kech102,2,2.18,37,/extracted_figures/kech102_fig_2_18.png,SOURCE_kech102_2_2.18,5b1adc1647dc69275889972b46ecd59611fa6a60be3fff16fd90ccfe4e5d3df7,285,450,TIGHT_CROP,VALID
FIG_KECH102_P38_1,kech102,2,on,38,/extracted_figures/kech102_p38_img1.jpeg,SOURCE_kech102_2_on,c4c724812411f5521a2c7cdb477510f9b912c21644093f7951ecd94a94093995,691,429,TIGHT_CROP,VALID
FIG_KECH102_P38_2,kech102,2,on,38,/extracted_figures/kech102_p38_img2.jpeg,SOURCE_kech102_2_on,22bf4c99151b9ad6a699fafa7e2037381218f90634a3b073dc1e8a6818dfca77,691,429,TIGHT_CROP,VALID
FIG_KECH103_3_1,kech103,3,3.1,4,/extracted_figures/kech103_fig_3_1.png,SOURCE_kech103_3_3.1,2e8fef7f52403370a1c4013e0b73347a8ad2524f5d1439267a5b7ecebce103e5,285,456,TIGHT_CROP,VALID
FIG_KECH103_3_2,kech103,3,3.2,6,/extracted_figures/kech103_fig_3_2.png,SOURCE_kech103_3_3.2,a8e13577301c8d9696bb078e7432a71570ebb710a2eb4c70ae1400ff1b150044,285,616,TIGHT_CROP,VALID
FIG_KECH103_3_3,kech103,3,3.3,10,/extracted_figures/kech103_fig_3_3.png,SOURCE_kech103_3_3.3,f5aebb176ff2840916731876ff94cecd913c78d9f63880f2be999333bc216dff,285,517,TIGHT_CROP,VALID
FIG_KECH103_3_4,kech103,3,3.4,14,/extracted_figures/kech103_fig_3_4.png,SOURCE_kech103_3_3.4,b656a9bb136bd138354c5c955761e3e76c231f587c3be9d7bd18343367763dd3,285,230,TIGHT_CROP,VALID
FIG_KECH103_3_5,kech103,3,3.5,15,/extracted_figures/kech103_fig_3_5.png,SOURCE_kech103_3_3.5,befb03bd8eac6f60911ba8917f0bb1d145e51ee1f798d9d6961267321458cc8a,285,246,TIGHT_CROP,VALID
FIG_KECH103_3_6,kech103,3,3.6,15,/extracted_figures/kech103_fig_3_6.png,SOURCE_kech103_3_3.6,5ae140a7531f5a85bafc15a4debd5a01f7b7d772c3fce4b19b4bb57b5ae98af6,524,223,TIGHT_CROP,VALID
FIG_KECH103_3_7,kech103,3,3.7,18,/extracted_figures/kech103_fig_3_7.png,SOURCE_kech103_3_3.7,54ec903bc8963dfd91270c0e64e9587603c2d3a4f5334051457b8bd4295e897e,285,200,TIGHT_CROP,VALID
FIG_KECH104_4_2,kech104,4,4.2,8,/extracted_figures/kech104_fig_4_2.png,SOURCE_kech104_4_4.2,25c0c3e9402bc0fd2b5c91e65d4790da75cce5db4e20666bf49c25958aac11c3,283,250,TIGHT_CROP,VALID
FIG_KECH104_4_1,kech104,4,4.1,8,/extracted_figures/kech104_fig_4_1.png,SOURCE_kech104_4_4.1,817ca02d2fec7e5dbf903158c64cc3b1dc4ffb37421f265b03c8127404702364,283,266,TIGHT_CROP,VALID
FIG_KECH104_4_3,kech104,4,4.3,10,/extracted_figures/kech104_fig_4_3.png,SOURCE_kech104_4_4.3,6dcb2d08cb5874bc32c4b33d89e1b34462bb6a1aa228d235fe0f4494d2796d32,283,245,TIGHT_CROP,VALID
FIG_KECH104_4_4,kech104,4,4.4,11,/extracted_figures/kech104_fig_4_4.png,SOURCE_kech104_4_4.4,5962ec7635d3ef25692497b97b9f61f0d52b1b702a4c5a2d37215de4b4c0df89,283,110,TIGHT_CROP,VALID
FIG_KECH104_4_5,kech104,4,4.5,11,/extracted_figures/kech104_fig_4_5.png,SOURCE_kech104_4_4.5,30803fce84b29afd267e8938626c293cfee9964d67383bd86415c742624599d0,283,133,TIGHT_CROP,VALID
FIG_KECH104_P12_1,kech104,4,on,12,/extracted_figures/kech104_p12_img1.jpeg,SOURCE_kech104_4_on,775e2522da9a95bc673acd925d6fbf69bfbc8db453174ad1782704a6b7d4d257,105,112,TIGHT_CROP,VALID
FIG_KECH104_4_6,kech104,4,4.6,14,/extracted_figures/kech104_fig_4_6.png,SOURCE_kech104_4_4.6,b389581d6ed9a469cd4b3b32f3ea06791de4b54ce64d055dc4dde8d9eea6ae6c,283,104,TIGHT_CROP,VALID
FIG_KECH104_4_7,kech104,4,4.7,19,/extracted_figures/kech104_fig_4_7.png,SOURCE_kech104_4_4.7,7db5edbbf634fe4cacd41825f2f46323f2108a3b5c804e2e7c52d9029ee92466,283,396,TIGHT_CROP,VALID
FIG_KECH104_4_8,kech104,4,4.8,19,/extracted_figures/kech104_fig_4_8.png,SOURCE_kech104_4_4.8,bae1737a09ecab233f4fc52c4fd40ff605eb4d2265d3a04d03d480e3b46da333,283,261,TIGHT_CROP,VALID
FIG_KECH104_4_9,kech104,4,4.9,20,/extracted_figures/kech104_fig_4_9.png,SOURCE_kech104_4_4.9,f3315d3919d2e16792918d3546c687783d588d0c28cad0e18e0c12e4d474e241,283,676,TIGHT_CROP,VALID
FIG_KECH104_4_10,kech104,4,4.10,22,/extracted_figures/kech104_fig_4_10.png,SOURCE_kech104_4_4.10,92e62eb606faf120e38425b3f683c120a16a9451a1cfa6ea288805711bade583,283,211,TIGHT_CROP,VALID
FIG_KECH104_4_11,kech104,4,4.11,22,/extracted_figures/kech104_fig_4_11.png,SOURCE_kech104_4_4.11,3efe6d36889816c21ba3f11a05584debd88c1e89298884cc97c9b5a949582aeb,283,212,TIGHT_CROP,VALID
FIG_KECH104_P23_1,kech104,4,on,23,/extracted_figures/kech104_p23_img1.jpeg,SOURCE_kech104_4_on,98640599efbeff5bcf09c1538768c2238f9a9edb2bef8e73905deef34e55f788,168,150,TIGHT_CROP,VALID
FIG_KECH104_P23_2,kech104,4,on,23,/extracted_figures/kech104_p23_img2.jpeg,SOURCE_kech104_4_on,1a7eea996ef3bb8ae13b0492c9c3a138c3f7855b884269fb05b8d779e6efa423,126,123,TIGHT_CROP,VALID
FIG_KECH104_P23_3,kech104,4,on,23,/extracted_figures/kech104_p23_img3.jpeg,SOURCE_kech104_4_on,f5c1993c47490898a1e8b7c5614dddb7b90e18df6382c3f20bde6c99d2e9f5f3,270,225,TIGHT_CROP,VALID
FIG_KECH104_4_12,kech104,4,4.12,23,/extracted_figures/kech104_fig_4_12.png,SOURCE_kech104_4_4.12,aec0e783680be33d93c0198b2a8ab7b032368d859139c9568707e621e10e1d9b,283,298,TIGHT_CROP,VALID
FIG_KECH104_4_13,kech104,4,4.13,23,/extracted_figures/kech104_fig_4_13.png,SOURCE_kech104_4_4.13,6a9d974f28955152e57dc89851ddfd35d7fadbd7a16818c06693b8f720397884,283,159,TIGHT_CROP,VALID
FIG_KECH104_4_14,kech104,4,4.14,23,/extracted_figures/kech104_fig_4_14.png,SOURCE_kech104_4_4.14,ab3fb98baf623a023d2a9e749876ca2cdf834c14c796670528ccbb0feb2fb210,283,137,TIGHT_CROP,VALID
FIG_KECH104_4_15,kech104,4,4.15,24,/extracted_figures/kech104_fig_4_15.png,SOURCE_kech104_4_4.15,599e74554ac062c9f0f9cebaf02c30bb9d978a9106827122c33334e3e9ab7994,519,380,TIGHT_CROP,VALID
FIG_KECH104_4_16,kech104,4,4.16,25,/extracted_figures/kech104_fig_4_16.png,SOURCE_kech104_4_4.16,8c0d35a2636d507dea02390d41f7433c903df729c0e469e4754453631e044dfa,283,406,TIGHT_CROP,VALID
FIG_KECH104_4_17,kech104,4,4.17,26,/extracted_figures/kech104_fig_4_17.png,SOURCE_kech104_4_4.17,a8c0b531dab2f4619bce3858e853b7b7af4ab691b2b48cc9a11dbb5ebba092a9,283,198,TIGHT_CROP,VALID
FIG_KECH104_4_18,kech104,4,4.18,26,/extracted_figures/kech104_fig_4_18.png,SOURCE_kech104_4_4.18,8b0e58ee03653ee27b881f084eca257d44aaa62658a71edf800da37512aadc7d,283,331,TIGHT_CROP,VALID
FIG_KECH104_4_19,kech104,4,4.19,27,/extracted_figures/kech104_fig_4_19.png,SOURCE_kech104_4_4.19,5e918259ec20a62be0a987a539615662444a5a1c7a65af612e6b27438943d461,283,286,TIGHT_CROP,VALID
FIG_KECH104_4_20,kech104,4,4.20,29,/extracted_figures/kech104_fig_4_20.png,SOURCE_kech104_4_4.20,13c6436cf1241df6dae76f53b72fa16eeb5fc50879a5a766f6550fa3014aa4bb,519,596,TIGHT_CROP,VALID
FIG_KECH104_4_21,kech104,4,4.21,32,/extracted_figures/kech104_fig_4_21.png,SOURCE_kech104_4_4.21,1d261e61e9a13361a0080e448bed9d1add38c8a6c6e09131d64da83f56335d38,519,417,TIGHT_CROP,VALID
FIG_KECH104_4_22,kech104,4,4.22,33,/extracted_figures/kech104_fig_4_22.png,SOURCE_kech104_4_4.22,853f99f55d98071bfff4ecced46eda01f5b907659feb2cd8def7115c19a1901d,283,145,TIGHT_CROP,VALID
FIG_KECH105_P1_1,kech105,5,on,1,/extracted_figures/kech105_p1_img1.jpx,SOURCE_kech105_5_on,6a6b5f4cf8356b08e899944a257e86b9d0e6e83f9b4d246065aa2fb91120afc6,177,177,TIGHT_CROP,VALID
FIG_KECH105_P2_1,kech105,5,on,2,/extracted_figures/kech105_p2_img1.jpx,SOURCE_kech105_5_on,02c5229a8c24e232fa93582590932ceb6d3dd7e6e50d98a7499d6801bbae69f8,430,511,TIGHT_CROP,VALID
FIG_KECH105_5_1,kech105,5,5.1,2,/extracted_figures/kech105_fig_5_1.png,SOURCE_kech105_5_5.1,f3eb62307c6e912b89c1cb4ae55027dce2fa606310e7ba8b861f372bf6cbfe52,285,120,TIGHT_CROP,VALID
FIG_KECH105_5_2,kech105,5,5.2,2,/extracted_figures/kech105_fig_5_2.png,SOURCE_kech105_5_5.2,526a0a5994576cac8fd0f5c878594e23d95c5bc787d4c8905618fa6db1ebe77c,285,278,TIGHT_CROP,VALID
FIG_KECH105_5_3,kech105,5,5.3,3,/extracted_figures/kech105_fig_5_3.png,SOURCE_kech105_5_5.3,c609d06fa566b1210197d422666fa2513deb8550cea7d8d5002b17e03fc3be68,285,274,TIGHT_CROP,VALID
FIG_KECH105_5_4,kech105,5,5.4,4,/extracted_figures/kech105_fig_5_4.png,SOURCE_kech105_5_5.4,71ce5c3ffcfc2e2ddc247bf518cad2b22652bbf49431f0ce3379bb65a5e08aba,285,168,TIGHT_CROP,VALID
FIG_KECH105_5_5,kech105,5,5.5,6,/extracted_figures/kech105_fig_5_5.png,SOURCE_kech105_5_5.5,8ddb36b7c6fdd5e5e6d6e8e57158d8447d69f0e02a89af17128c4b47680baee4,285,237,TIGHT_CROP,VALID
FIG_KECH105_5_6,kech105,5,5.6,9,/extracted_figures/kech105_fig_5_6.png,SOURCE_kech105_5_5.6,b7fd4ac3c3675b4710ae090d73ffb467146fa4606e09b4e8ed90b153a55709c7,285,244,TIGHT_CROP,VALID
FIG_KECH105_5_7,kech105,5,5.7,10,/extracted_figures/kech105_fig_5_7.png,SOURCE_kech105_5_5.7,adb5cec5b46fdb131972116775f102bf67cbcd67c41dd6cab39c54634ec33bc3,285,260,TIGHT_CROP,VALID
FIG_KECH105_P11_1,kech105,5,on,11,/extracted_figures/kech105_p11_img1.jpx,SOURCE_kech105_5_on,add9ed1b32a1c5c99fd665ca46ade8f75d6b46ea981cbcb9875e413c63ad6f7d,304,532,TIGHT_CROP,VALID
FIG_KECH105_5_8,kech105,5,5.8,11,/extracted_figures/kech105_fig_5_8.png,SOURCE_kech105_5_5.8,ca3419905d6c929a96261ff7c1429a1e398f61602ea6fc452ddc045d2cee583a,285,299,TIGHT_CROP,VALID
FIG_KECH105_5_9,kech105,5,5.9,20,/extracted_figures/kech105_fig_5_9.png,SOURCE_kech105_5_5.9,025a1504ae3dda112aa507d329800b3a477843827b64ae302aac7aa5a2d52f8d,285,362,TIGHT_CROP,VALID
FIG_KECH105_5_10,kech105,5,5.10,23,/extracted_figures/kech105_fig_5_10.png,SOURCE_kech105_5_5.10,870a91e19b7faf176ba35688ca61a7f302de2a4bcc082abe2475114bdacec369,285,181,TIGHT_CROP,VALID
FIG_KECH105_5_11,kech105,5,5.11,23,/extracted_figures/kech105_fig_5_11.png,SOURCE_kech105_5_5.11,146f79a8093d76d1730725654a77d6a9b019aa7e12a2dd2a8ea6e49896163bbe,285,320,TIGHT_CROP,VALID
FIG_KECH106_6_1,kech106,6,6.1,3,/extracted_figures/kech106_fig_6_1.png,SOURCE_kech106_6_6.1,1245413a3f4b051e7dc549f68e86b4510c25706d0711caf446c334829b6df223,524,201,TIGHT_CROP,VALID
FIG_KECH106_6_2,kech106,6,6.2,5,/extracted_figures/kech106_fig_6_2.png,SOURCE_kech106_6_6.2,92f6a42629ef016c8b0e82fe6d877e72a327fb9a1449f4e119d3ceb1330e3abe,285,249,TIGHT_CROP,VALID
FIG_KECH106_6_3,kech106,6,6.3,6,/extracted_figures/kech106_fig_6_3.png,SOURCE_kech106_6_6.3,ce01cd7153ba813a607dacbdf8523857323d27e851eaad9f11428308af90bc3a,524,321,TIGHT_CROP,VALID
FIG_KECH106_6_5,kech106,6,6.5,7,/extracted_figures/kech106_fig_6_5.png,SOURCE_kech106_6_6.5,0381dad71ce1c8bcc19cb66efbb90957618320bbc6f0e1d215e5f049a6fb6469,285,228,TIGHT_CROP,VALID
FIG_KECH106_6_4,kech106,6,6.4,7,/extracted_figures/kech106_fig_6_4.png,SOURCE_kech106_6_6.4,e522dfae4a0ca2e9f67c929c0af8124b75b01b0d27c17017c69fc08a40d53fc6,285,262,TIGHT_CROP,VALID
FIG_KECH106_6_6,kech106,6,6.6,15,/extracted_figures/kech106_fig_6_6.png,SOURCE_kech106_6_6.6,e0a0e094fcfcd624fb8ca188ef5b3eb46b3bdf1e2648e861594a6c3a4cf73560,524,502,TIGHT_CROP,VALID
FIG_KECH106_6_7,kech106,6,6.7,15,/extracted_figures/kech106_fig_6_7.png,SOURCE_kech106_6_6.7,3953bb7908c07e2fe2260e15a997eeecc35fca0ff29218603b33ca3838c5ce06,285,186,TIGHT_CROP,VALID
FIG_KECH106_6_8,kech106,6,6.8,18,/extracted_figures/kech106_fig_6_8.png,SOURCE_kech106_6_6.8,6961f0f81b400f5dd96576a30c883b9172b5e9a9990f7dd2d2b639b3a90bd484,285,281,TIGHT_CROP,VALID
FIG_KECH106_P20_1,kech106,6,on,20,/extracted_figures/kech106_p20_img1.jpeg,SOURCE_kech106_6_on,eafe4515c00aaa8a76c399628d93d5b46345bf4fb2b07355ff841a7994c22082,85,93,TIGHT_CROP,VALID
FIG_KECH106_6_9,kech106,6,6.9,20,/extracted_figures/kech106_fig_6_9.png,SOURCE_kech106_6_6.9,f9f647bbd70f1311a90e612402aaa2a107357470c7955ef457412f4088df465a,285,129,TIGHT_CROP,VALID
FIG_KECH106_P22_1,kech106,6,on,22,/extracted_figures/kech106_p22_img1.jpeg,SOURCE_kech106_6_on,ab4e6d0734b97670b7e97101d72da9d7e4c08fba84c91ab833495da53d9e8518,138,150,TIGHT_CROP,VALID
FIG_KECH106_6_10,kech106,6,6.10,22,/extracted_figures/kech106_fig_6_10.png,SOURCE_kech106_6_6.10,501c810c8ab7e638376e46327316cc1d00e663e84503700a5dd4aafc9cb50a21,285,178,TIGHT_CROP,VALID
FIG_KECH106_P24_1,kech106,6,on,24,/extracted_figures/kech106_p24_img1.jpeg,SOURCE_kech106_6_on,e3d0b5e498b6c6b24e6b7e912731aa2f2a340f8056164f207c63f03f46932873,126,159,TIGHT_CROP,VALID
FIG_KECH106_6_11,kech106,6,6.11,27,/extracted_figures/kech106_fig_6_11.png,SOURCE_kech106_6_6.11,a93546a73f4202d0d25fe9b8fa2100d84119c5fdde0919826b74927ca5574e56,285,106,TIGHT_CROP,VALID
FIG_KECH201_7_1,kech201,7,7.1,4,/extracted_figures/kech201_fig_7_1.png,SOURCE_kech201_7_7.1,1b12239d24118957989722c61710db70412fb15322f34170e052187cc32aaabb,524,195,TIGHT_CROP,VALID
FIG_KECH201_7_2,kech201,7,7.2,5,/extracted_figures/kech201_fig_7_2.png,SOURCE_kech201_7_7.2,59dde2f67618fd37d3e166e48d3583ddea4fbe696ffe92c1d81a7168b3c0245d,524,155,TIGHT_CROP,VALID
FIG_KECH201_7_3,kech201,7,7.3,16,/extracted_figures/kech201_fig_7_3.png,SOURCE_kech201_7_7.3,8f13452a38dbf6fa39a3001590d64cf834ce378ad0ed1ba256743dfdd9ab2f0c,285,295,TIGHT_CROP,VALID
FIG_KECH202_8_2,kech202,8,8.2,5,/extracted_figures/kech202_fig_8_2.png,SOURCE_kech202_8_8.2,dda4af1a1b30d36f7cbe847537e537f3243f5b0ca46b10eb336af3f96291da8e,285,289,TIGHT_CROP,VALID
FIG_KECH202_8_1,kech202,8,8.1,5,/extracted_figures/kech202_fig_8_1.png,SOURCE_kech202_8_8.1,c1da943d3703d33c5bcd9259cc6e91cacc6b8e64cfcb0a3aaae0c8609296ae7d,285,142,TIGHT_CROP,VALID
FIG_KECH202_8_3,kech202,8,8.3,17,/extracted_figures/kech202_fig_8_3.png,SOURCE_kech202_8_8.3,b97f896bf16f9b6d698944b8af69544673732e9864f1bdf55787e1b093198461,285,110,TIGHT_CROP,VALID
FIG_KECH202_8_4,kech202,8,8.4,23,/extracted_figures/kech202_fig_8_4.png,SOURCE_kech202_8_8.4,5cc0e3da44dba32eea15e1cd445d3bc0a39c68f78106fd11f1dac40deccfad30,285,138,TIGHT_CROP,VALID
FIG_KECH202_8_5,kech202,8,8.5,24,/extracted_figures/kech202_fig_8_5.png,SOURCE_kech202_8_8.5,3a2f7957706846549ed58903ef166556bf8a6a6e580894c09edb09734abc08f6,285,296,TIGHT_CROP,VALID
FIG_KECH202_8_7,kech202,8,8.7,25,/extracted_figures/kech202_fig_8_7.png,SOURCE_kech202_8_8.7,7174db11b054bf16aea94ef41a2e49151873e35e18cba841003f006d5d399cc2,524,553,TIGHT_CROP,VALID
FIG_KECH202_8_6,kech202,8,8.6,25,/extracted_figures/kech202_fig_8_6.png,SOURCE_kech202_8_8.6,e489483caaf441cdef9af0b6fcaad644224f5024b5f5c34e5a80de46a2277397,285,391,TIGHT_CROP,VALID
FIG_KECH202_8_8,kech202,8,8.8,26,/extracted_figures/kech202_fig_8_8.png,SOURCE_kech202_8_8.8,9276d7ee6e35884e292eebd7f25f67217b634c005fc4907dd3de4133dc017866,524,313,TIGHT_CROP,VALID
FIG_KECH202_8_10,kech202,8,8.10,27,/extracted_figures/kech202_fig_8_10.png,SOURCE_kech202_8_8.10,ee96140bde01da71c82612a5e2c35f9d331af5081d44102d55870f145b5e9125,285,209,TIGHT_CROP,VALID
FIG_KECH202_8_9,kech202,8,8.9,27,/extracted_figures/kech202_fig_8_9.png,SOURCE_kech202_8_8.9,7851ade940845db67d50bea6ae379124298cec01773d2c6bfd30071621fd184b,524,346,TIGHT_CROP,VALID
FIG_KECH202_8_11,kech202,8,8.11,28,/extracted_figures/kech202_fig_8_11.png,SOURCE_kech202_8_8.11,ba4f05072b12d7222309017eb937acc0d4e957ed2a158c7c2c938686ed94105a,285,240,TIGHT_CROP,VALID
FIG_KECH202_8_12,kech202,8,8.12,28,/extracted_figures/kech202_fig_8_12.png,SOURCE_kech202_8_8.12,82ff5242b4a0a7b60143b1a328c2988aa3a52cb8d2c3901783766561e24c58fe,285,174,TIGHT_CROP,VALID
FIG_KECH202_8_13,kech202,8,8.13,29,/extracted_figures/kech202_fig_8_13.png,SOURCE_kech202_8_8.13,0e7fcc390cb872ad1189db1b0e8a6ca95b3cedf2e12f5851523748eae0716e92,285,343,TIGHT_CROP,VALID
FIG_KECH202_8_14,kech202,8,8.14,31,/extracted_figures/kech202_fig_8_14.png,SOURCE_kech202_8_8.14,5778e77f19a8e0531e8e9c383a88444dd7688143495021ab11a3eabd3e2e038f,524,199,TIGHT_CROP,VALID
FIG_KECH202_8_15,kech202,8,8.15,32,/extracted_figures/kech202_fig_8_15.png,SOURCE_kech202_8_8.15,a3183afffa8547350c0b01d91cbf23af77174276619c16e891ac470d30511eee,524,307,TIGHT_CROP,VALID
FIG_KECH202_8_16,kech202,8,8.16,33,/extracted_figures/kech202_fig_8_16.png,SOURCE_kech202_8_8.16,dea71ca1309013800c2b2bad7d5a8ff3d3a20e7551c030a09eae471983b7379b,524,329,TIGHT_CROP,VALID
FIG_KECH202_8_17,kech202,8,8.17,34,/extracted_figures/kech202_fig_8_17.png,SOURCE_kech202_8_8.17,888d81a60aabda23c36f45dc6044360f91e04665cb328958d16649c38f2b9934,285,306,TIGHT_CROP,VALID
FIG_KECH203_9_1,kech203,9,9.1,2,/extracted_figures/kech203_fig_9_1.png,SOURCE_kech203_9_9.1,7848aa2b63b7b9658e72c49fb1532947c2433a3991462926475b705e651f0761,285,124,TIGHT_CROP,VALID
FIG_KECH203_9_2,kech203,9,9.2,11,/extracted_figures/kech203_fig_9_2.png,SOURCE_kech203_9_9.2,c4028c600c2fa3e1675da115996dd42104e811fc72570e9afc9cb66eb78812cb,285,121,TIGHT_CROP,VALID
FIG_KECH203_9_3,kech203,9,9.3,11,/extracted_figures/kech203_fig_9_3.png,SOURCE_kech203_9_9.3,a1fb5ab474cbb5296d2e439230801ecbdf078957e500b6014b88253938fea5ba,285,154,TIGHT_CROP,VALID
FIG_KECH203_9_4,kech203,9,9.4,12,/extracted_figures/kech203_fig_9_4.png,SOURCE_kech203_9_9.4,5fe757254aafb0999d23332bd37a85dc2edeee1298b472a76d18f60c2ce5cd70,285,153,TIGHT_CROP,VALID
FIG_KECH203_9_5,kech203,9,9.5,13,/extracted_figures/kech203_fig_9_5.png,SOURCE_kech203_9_9.5,02427516d932bfd106b362abdf1a0b133a1227cabf3a6db60d29c5459b5e9978,524,163,TIGHT_CROP,VALID
FIG_KECH203_9_6,kech203,9,9.6,21,/extracted_figures/kech203_fig_9_6.png,SOURCE_kech203_9_9.6,d5b9d7deaf366cba9182acf423d26927f9f36a6676b7c1171ac904937323b83d,285,339,TIGHT_CROP,VALID
FIG_KECH203_P25_1,kech203,9,on,25,/extracted_figures/kech203_p25_img1.jpeg,SOURCE_kech203_9_on,855bf8e32a95fac72d6f957f084101ea797901c1cf0d7001ad8e96d958fc7559,72,75,TIGHT_CROP,VALID
FIG_KECH203_9_7,kech203,9,9.7,27,/extracted_figures/kech203_fig_9_7.png,SOURCE_kech203_9_9.7,022e36e529627d0d2fe907492b8f709f7360bfc223a291c310be12bb18098ffe,285,146,TIGHT_CROP,VALID
FIG_KEPH101_P1_1,keph101,1,on,1,/extracted_figures/keph101_p1_img1.jpx,SOURCE_keph101_1_on,2951cbdb978910e491e1aa67bf4305195f7bbecaa9634b89757cce3a91c7e6a0,177,177,TIGHT_CROP,VALID
FIG_KEPH101_1_1,keph101,1,1.1,2,/extracted_figures/keph101_fig_1_1.png,SOURCE_keph101_1_1.1,3acd867f6da8baa6803ea1dfeb9af1e0adbd503d0b2f5b2d4d039c94fe39c405,328,215,TIGHT_CROP,VALID
FIG_KEPH102_P1_1,keph102,2,on,1,/extracted_figures/keph102_p1_img1.jpx,SOURCE_keph102_2_on,643c033056635349baa3325e98868e541cdf3c85729d10807470cd8c1da6d265,177,177,TIGHT_CROP,VALID
FIG_KEPH102_2_1,keph102,2,2.1,2,/extracted_figures/keph102_fig_2_1.png,SOURCE_keph102_2_2.1,f6b2f26f8ae97fe483f307008995cce292a511ebf3a5b6de9be3cc3a4e838593,290,66,TIGHT_CROP,VALID
FIG_KEPH102_2_2,keph102,2,2.2,4,/extracted_figures/keph102_fig_2_2.png,SOURCE_keph102_2_2.2,13ee41b730fdce62dc45dc19dd3992a66174e36efaf9c062653f129b236e14ba,290,183,TIGHT_CROP,VALID
FIG_KEPH102_2_3,keph102,2,2.3,4,/extracted_figures/keph102_fig_2_3.png,SOURCE_keph102_2_2.3,2f573c006ae57f6f58a3e9f73350365b22d7b5f68d310e6887029d0eac249e9d,290,277,TIGHT_CROP,VALID
FIG_KEPH102_2_4,keph102,2,2.4,5,/extracted_figures/keph102_fig_2_4.png,SOURCE_keph102_2_2.4,e9c6483d71dd23b366880a859d956b2e98010e2171a6f2eaefe4dc97625c9e6f,290,155,TIGHT_CROP,VALID
FIG_KEPH102_2_5,keph102,2,2.5,5,/extracted_figures/keph102_fig_2_5.png,SOURCE_keph102_2_2.5,667b6d19820ef4451bb9a6479dc4a82f7b33f8a9f33b0ddb9e4067e2a8a19864,290,224,TIGHT_CROP,VALID
FIG_KEPH102_2_6,keph102,2,2.6,7,/extracted_figures/keph102_fig_2_6.png,SOURCE_keph102_2_2.6,49132afde1d88e6ee72cb03c0b2758844418017cb8e3e55eaf5c3634ff0e255c,290,155,TIGHT_CROP,VALID
FIG_KEPH102_2_7,keph102,2,2.7,8,/extracted_figures/keph102_fig_2_7.png,SOURCE_keph102_2_2.7,313a7ac556c8e5b3ffbf3bb397e21b541df9f5ca2daa8cb5e6ffd6d7921dc396,290,345,TIGHT_CROP,VALID
FIG_KEPH102_P9_1,keph102,2,on,9,/extracted_figures/keph102_p9_img1.jpx,SOURCE_keph102_2_on,9a304473485f39232a4b7d19ea72b2c50642cfe49c80310f7c29cc74b9129254,257,406,TIGHT_CROP,VALID
FIG_KEPH102_2_8,keph102,2,2.8,9,/extracted_figures/keph102_fig_2_8.png,SOURCE_keph102_2_2.8,ff4d84f2b2fb489cb8cf5fe64955ba4eb5e7c67d18c4136536db0e4956eb2e9f,290,244,TIGHT_CROP,VALID
FIG_KEPH102_2_9,keph102,2,2.9,12,/extracted_figures/keph102_fig_2_9.png,SOURCE_keph102_2_2.9,1b5a2e0727e4f2c4dd09278a4a040fd085ddd54876f2ba4c7e209a93d2e22929,290,133,TIGHT_CROP,VALID
FIG_KEPH102_2_11s,keph102,2,2.11s,13,/extracted_figures/keph102_fig_2_11s.png,SOURCE_keph102_2_2.11s,91e00d01dcacf3a93c1b67809571d5a88d5797548e387b30a01819f561927212,533,619,TIGHT_CROP,VALID
FIG_KEPH102_2_10,keph102,2,2.10,13,/extracted_figures/keph102_fig_2_10.png,SOURCE_keph102_2_2.10,0e91ef836c4d110a1afc0ebd67e15bb934b07b398e2c151f1573a65aac205b83,290,112,TIGHT_CROP,VALID
FIG_KEPH102_2_11,keph102,2,2.11,13,/extracted_figures/keph102_fig_2_11.png,SOURCE_keph102_2_2.11,8d9d547a12190a9da792d7f3f3246d897acd7de3a76012c39b32ff3dc9f3ebd0,290,278,TIGHT_CROP,VALID
FIG_KEPH102_2_12,keph102,2,2.12,14,/extracted_figures/keph102_fig_2_12.png,SOURCE_keph102_2_2.12,dd1848b552850d9b715a7b8b9d369294c132dd29a50cf3bccc13d7e92adf8f13,290,153,TIGHT_CROP,VALID
FIG_KEPH102_2_13,keph102,2,2.13,14,/extracted_figures/keph102_fig_2_13.png,SOURCE_keph102_2_2.13,0083919c1b308819ac01b958a8be939e1708d990563c5e56f34b892bec77fc43,290,128,TIGHT_CROP,VALID
FIG_KEPH102_2_14,keph102,2,2.14,14,/extracted_figures/keph102_fig_2_14.png,SOURCE_keph102_2_2.14,19a7bcbe8b23886d67722177a35407c7037e4612977d43bbf4caa592f7a831ab,290,195,TIGHT_CROP,VALID
FIG_KEPH102_2_15,keph102,2,2.15,14,/extracted_figures/keph102_fig_2_15.png,SOURCE_keph102_2_2.15,e627f7bdcb63de05674fa688a4bca1b9ff9a4bff8f4863dcf3d970d2383ebf8d,290,156,TIGHT_CROP,VALID
FIG_KEPH103_P1_1,keph103,3,on,1,/extracted_figures/keph103_p1_img1.jpx,SOURCE_keph103_3_on,0430192ff8a1654d3a231b0b783b0e41c1fa7eb797d9d47997b5e64b2c63a37f,177,177,TIGHT_CROP,VALID
FIG_KEPH103_3_1,keph103,3,3.1,2,/extracted_figures/keph103_fig_3_1.png,SOURCE_keph103_3_3.1,413695782b7d331b4d65673da70613d330d4c76211edd5faf0950f0ac563f891,290,63,TIGHT_CROP,VALID
FIG_KEPH103_3_2,keph103,3,3.2,3,/extracted_figures/keph103_fig_3_2.png,SOURCE_keph103_3_3.2,dd90cb24bb50f34cebf1f354c7f46f2d4aaabb1d98b577b73ddfd4e643a404c1,290,180,TIGHT_CROP,VALID
FIG_KEPH103_3_4,keph103,3,3.4,3,/extracted_figures/keph103_fig_3_4.png,SOURCE_keph103_3_3.4,9196ddc26a6b71d50b29c60931138a9ce39e644637ed9ac4e60826a7c40a7b08,290,304,TIGHT_CROP,VALID
FIG_KEPH103_3_3,keph103,3,3.3,3,/extracted_figures/keph103_fig_3_3.png,SOURCE_keph103_3_3.3,4cfb7ecf89dd966f8446a4b1afab658a02fe6f04ad0bb8214039a5a0cc1d78e1,290,165,TIGHT_CROP,VALID
FIG_KEPH103_3_5,keph103,3,3.5,4,/extracted_figures/keph103_fig_3_5.png,SOURCE_keph103_3_3.5,b38f6dd8c4c2aee812385d6e73ffa7010257d1cbcb70df31d219c9174858df9d,533,216,TIGHT_CROP,VALID
FIG_KEPH103_3_7,keph103,3,3.7,5,/extracted_figures/keph103_fig_3_7.png,SOURCE_keph103_3_3.7,b86fe2a791b8631f6696bc413f8b5ba86340aac3e2d4833e17906255eb200c50,290,195,TIGHT_CROP,VALID
FIG_KEPH103_3_6,keph103,3,3.6,5,/extracted_figures/keph103_fig_3_6.png,SOURCE_keph103_3_3.6,03ea232cdec2e3fae6ca3facec020ba411bae6fb48f797e1ad302810863bad3c,533,215,TIGHT_CROP,VALID
FIG_KEPH103_3_8,keph103,3,3.8,5,/extracted_figures/keph103_fig_3_8.png,SOURCE_keph103_3_3.8,9b3d9fd3c66570637b224c3a51991e72e58dd0854ccaabcbf87203f21829f533,290,180,TIGHT_CROP,VALID
FIG_KEPH103_3_9,keph103,3,3.9,7,/extracted_figures/keph103_fig_3_9.png,SOURCE_keph103_3_3.9,23b1a34060dd366996d676538a197d1b922ba44907f2ba4705318008a0ce680d,290,95,TIGHT_CROP,VALID
FIG_KEPH103_3_10,keph103,3,3.10,8,/extracted_figures/keph103_fig_3_10.png,SOURCE_keph103_3_3.10,0cfec5161da93275afd03748f933ada5b529c7c212ef195d41cd2cf9b5b2a01f,290,154,TIGHT_CROP,VALID
FIG_KEPH103_3_11,keph103,3,3.11,8,/extracted_figures/keph103_fig_3_11.png,SOURCE_keph103_3_3.11,ea0126d4d1ba94fe4c4a6934a9287ac03e31d95fec3806016d5f8a65ef18db1a,290,219,TIGHT_CROP,VALID
FIG_KEPH103_3_12,keph103,3,3.12,9,/extracted_figures/keph103_fig_3_12.png,SOURCE_keph103_3_3.12,81d1b4ce36b821ffdda1aa525c7e0ea0b89c18c48312ea208b8da54d942d6551,520,496,TIGHT_CROP,VALID
FIG_KEPH103_3_13,keph103,3,3.13,9,/extracted_figures/keph103_fig_3_13.png,SOURCE_keph103_3_3.13,55e9a6da177745e8c258193d034ca8fd1ac3ae77ebde586bfa8a0ceff0b34423,533,145,TIGHT_CROP,VALID
FIG_KEPH103_3_14,keph103,3,3.14,10,/extracted_figures/keph103_fig_3_14.png,SOURCE_keph103_3_3.14,f9afce98d0ff56da1c0c1536bdc1c1d518c0094edca08325627f28b04ee80ebd,290,174,TIGHT_CROP,VALID
FIG_KEPH103_3_15,keph103,3,3.15,11,/extracted_figures/keph103_fig_3_15.png,SOURCE_keph103_3_3.15,38b2b78042efe5af592a5973421633a2d12dd2891e0b8b3670b34fc8232ecf2d,533,216,TIGHT_CROP,VALID
FIG_KEPH103_3_16,keph103,3,3.16,13,/extracted_figures/keph103_fig_3_16.png,SOURCE_keph103_3_3.16,92b5f219b204c22d42ad02d88f89f4984d7f46a3700f9889033d32c271291017,279,236,TIGHT_CROP,VALID
FIG_KEPH103_3_17,keph103,3,3.17,13,/extracted_figures/keph103_fig_3_17.png,SOURCE_keph103_3_3.17,20cb606bd97a43cf468f102a41ff9d0a3b94a2ca548563fa7f551cc8e7eafe0b,290,193,TIGHT_CROP,VALID
FIG_KEPH103_3_18a,keph103,3,3.18a,15,/extracted_figures/keph103_fig_3_18a.png,SOURCE_keph103_3_3.18a,566ffa14c997d3107c891bf72f4a6de0a174b4d92e384aad72e31de3dfbf15fb,328,358,TIGHT_CROP,VALID
FIG_KEPH103_3_18,keph103,3,3.18,15,/extracted_figures/keph103_fig_3_18.png,SOURCE_keph103_3_3.18,74778a86ac7d57d9c86e169c9e22cf2bc69adcf7354bee69d8fedd7dcebdfd7a,533,229,TIGHT_CROP,VALID
FIG_KEPH103_3_20,keph103,3,3.20,21,/extracted_figures/keph103_fig_3_20.png,SOURCE_keph103_3_3.20,68fe44acb6fdfb0c9bade8d8d1866d5ef4eebc03f1c6b71283d0df3926b2175c,290,164,TIGHT_CROP,VALID
FIG_KEPH103_3_19,keph103,3,3.19,21,/extracted_figures/keph103_fig_3_19.png,SOURCE_keph103_3_3.19,217b5dc94b7ce415b45861c41cb9f3a7709d92464dee577261067c7403d59a4a,290,62,TIGHT_CROP,VALID
FIG_KEPH104_P1_1,keph104,4,on,1,/extracted_figures/keph104_p1_img1.jpx,SOURCE_keph104_4_on,88fce4da6b627d5865d731e3e4660181e5ea680cf8ed4878736aecb0a4a9b959,177,177,TIGHT_CROP,VALID
FIG_KEPH104_4_1,keph104,4,4.1,2,/extracted_figures/keph104_fig_4_1.png,SOURCE_keph104_4_4.1,47993a81f94650a46cdd89cc1a5e972370b79323368460ea50cfcb696afa7878,290,78,TIGHT_CROP,VALID
FIG_KEPH104_4_2,keph104,4,4.2,4,/extracted_figures/keph104_fig_4_2.png,SOURCE_keph104_4_4.2,939fe3bbb6c600160397a4d1f85073f6621c8f0a4234e9baa5ff562175e22c3b,290,148,TIGHT_CROP,VALID
FIG_KEPH104_4_3,keph104,4,4.3,5,/extracted_figures/keph104_fig_4_3.png,SOURCE_keph104_4_4.3,95e1c019dbad86ed833364ef4ed831beec11cbb8dc9513fb4e272f0a71b02742,290,240,TIGHT_CROP,VALID
FIG_KEPH104_4_4,keph104,4,4.4,6,/extracted_figures/keph104_fig_4_4.png,SOURCE_keph104_4_4.4,7fd50557a9be7ec57e97989e99c68bef282545b127f55467059ad162c54fad20,290,227,TIGHT_CROP,VALID
FIG_KEPH104_4_5,keph104,4,4.5,7,/extracted_figures/keph104_fig_4_5.png,SOURCE_keph104_4_4.5,1d2fd19748afd49dd55ec93bfadf522eb97cee83437c4ca8d525bd88d79e34aa,290,186,TIGHT_CROP,VALID
FIG_KEPH104_4_6,keph104,4,4.6,9,/extracted_figures/keph104_fig_4_6.png,SOURCE_keph104_4_4.6,e691c708d90a03ec29736e3aa03ac5f6ef6bdada6c71a3decb017ef4bba15f2d,290,195,TIGHT_CROP,VALID
FIG_KEPH104_4_7,keph104,4,4.7,10,/extracted_figures/keph104_fig_4_7.png,SOURCE_keph104_4_4.7,cea0ab01a9aa2c85e1805196d94b737aa820e17e63099a02ed2ff4bc032c890f,290,68,TIGHT_CROP,VALID
FIG_KEPH104_P11_1,keph104,4,4.8(b),11,/extracted_figures/keph104_p11_img1.jpx,SOURCE_keph104_4_4.8(b),aaa2953a55fdee7914d1740e2800f2987212b9006eba82b3c30f625e6ae91221,940,282,TIGHT_CROP,VALID
FIG_KEPH104_4_8,keph104,4,4.8,11,/extracted_figures/keph104_fig_4_8.png,SOURCE_keph104_4_4.8,9ff7a67fa1b94d5675b381352fef3e9a9fb58030a267efc4ef400e23f64f9e67,279,92,TIGHT_CROP,VALID
FIG_KEPH104_4_9,keph104,4,4.9,11,/extracted_figures/keph104_fig_4_9.png,SOURCE_keph104_4_4.9,9a00c28d9453f9ce64f999b7f75e9291345e4b23b385771e660ff52baee91536,533,168,TIGHT_CROP,VALID
FIG_KEPH104_4_10,keph104,4,4.10,12,/extracted_figures/keph104_fig_4_10.png,SOURCE_keph104_4_4.10,d41f8d6b41fd9366b72cb44b401370839553c6e62c1899e4b17339dc8764e0b8,290,96,TIGHT_CROP,VALID
FIG_KEPH104_4_11,keph104,4,4.11,13,/extracted_figures/keph104_fig_4_11.png,SOURCE_keph104_4_4.11,a7116974ac0f70f4d1c9939dd9f768b1e76c339e58b6cabbf9f56b330244df71,290,113,TIGHT_CROP,VALID
FIG_KEPH104_4_12,keph104,4,4.12,13,/extracted_figures/keph104_fig_4_12.png,SOURCE_keph104_4_4.12,ec977d15d63d102a13a4a10394c2a6797de333dfa0d97279ebcb16e81f1a3955,290,260,TIGHT_CROP,VALID
FIG_KEPH104_4_13,keph104,4,4.13,14,/extracted_figures/keph104_fig_4_13.png,SOURCE_keph104_4_4.13,76cf3df493241aedfe80a2aa157af75eca8d5ceae78708a4b3524c9786328580,533,191,TIGHT_CROP,VALID
FIG_KEPH104_4_14,keph104,4,4.14,15,/extracted_figures/keph104_fig_4_14.png,SOURCE_keph104_4_4.14,6c3c5f11123800efa9a85d5b0f92fe3a988b4e3c8dcb048078778cd5a620d8ae,533,157,TIGHT_CROP,VALID
FIG_KEPH104_4_15,keph104,4,4.15,17,/extracted_figures/keph104_fig_4_15.png,SOURCE_keph104_4_4.15,3d9a65376ada972e2dbcc573ed48559dd4d98ac52b391acdd85b7eed5d1c2b20,290,230,TIGHT_CROP,VALID
FIG_KEPH104_4_16,keph104,4,4.16,21,/extracted_figures/keph104_fig_4_16.png,SOURCE_keph104_4_4.16,e19e8232b7c0566f42875ef9f96b65b10971d275fa4f733be79577102c1d9908,290,122,TIGHT_CROP,VALID
FIG_KEPH105_P1_1,keph105,5,on,1,/extracted_figures/keph105_p1_img1.jpx,SOURCE_keph105_5_on,2f59036c342d45c94ca91a1e0cc5c593e91fd6abafd307abf7d740809c2e5ecc,177,177,TIGHT_CROP,VALID
FIG_KEPH105_5_1,keph105,5,5.1,2,/extracted_figures/keph105_fig_5_1.png,SOURCE_keph105_5_5.1,4911594bec637a3f886bd6d5a6d911b47129d791b24225c409638fa4925e225d,533,166,TIGHT_CROP,VALID
FIG_KEPH105_5_2,keph105,5,5.2,3,/extracted_figures/keph105_fig_5_2.png,SOURCE_keph105_5_5.2,f349a4d2ecf1247e52a7fe639980513629215095619f59cf57cba8f54643925f,290,120,TIGHT_CROP,VALID
FIG_KEPH105_5_3,keph105,5,5.3,6,/extracted_figures/keph105_fig_5_3.png,SOURCE_keph105_5_5.3,09424476b47ceebcea22f3a2a4be3fff2273930681c2aefe9bcc9c2c2f5dfca9,290,162,TIGHT_CROP,VALID
FIG_KEPH105_5_4,keph105,5,5.4,6,/extracted_figures/keph105_fig_5_4.png,SOURCE_keph105_5_5.4,23c0d172053580e75785dad45f81ecc9af5ebc691193bca5774debbcf532b0e1,290,137,TIGHT_CROP,VALID
FIG_KEPH105_5_5,keph105,5,5.5,8,/extracted_figures/keph105_fig_5_5.png,SOURCE_keph105_5_5.5,18c9c65a61af20b6deee301079ec5de8bca54677b01f39af731af1be2cfe9aa3,290,217,TIGHT_CROP,VALID
FIG_KEPH105_5_6,keph105,5,5.6,9,/extracted_figures/keph105_fig_5_6.png,SOURCE_keph105_5_5.6,ede1c2dee1b79483018fae44d334f7c0b04b4065776b82d131df7caa12275bb1,290,145,TIGHT_CROP,VALID
FIG_KEPH105_5_7,keph105,5,5.7,10,/extracted_figures/keph105_fig_5_7.png,SOURCE_keph105_5_5.7,64826e9ba960ec6128af21456953f5dca4d2a9295fea7a3c9ff0ac0c5ca5cf85,290,168,TIGHT_CROP,VALID
FIG_KEPH105_5_8,keph105,5,5.8,11,/extracted_figures/keph105_fig_5_8.png,SOURCE_keph105_5_5.8,2440becd25cd94618e61617bd19486d441ba04ef15f0cc8414123c43733e634e,290,208,TIGHT_CROP,VALID
FIG_KEPH105_5_9,keph105,5,5.9,12,/extracted_figures/keph105_fig_5_9.png,SOURCE_keph105_5_5.9,26f94e6eb1191e52e16e523253ad4c6c8df668172c6e933e3f1c74f2f3b2b854,290,160,TIGHT_CROP,VALID
FIG_KEPH105_5_10,keph105,5,5.10,15,/extracted_figures/keph105_fig_5_10.png,SOURCE_keph105_5_5.10,eebb3de68cd8f4cdad93287fcbc1815016347bee2941073f281bedb0b4d5131b,290,162,TIGHT_CROP,VALID
FIG_KEPH105_5_11,keph105,5,5.11,18,/extracted_figures/keph105_fig_5_11.png,SOURCE_keph105_5_5.11,b130022f7ba7714350eeaa03840d2304ec4e341ed36ee4294379415957092052,290,165,TIGHT_CROP,VALID
FIG_KEPH105_5_13,keph105,5,5.13,19,/extracted_figures/keph105_fig_5_13.png,SOURCE_keph105_5_5.13,2ebb02c211482392c48bf47ab1be84a53e38df0fd442d8653ed54f1937d247a4,290,273,TIGHT_CROP,VALID
FIG_KEPH105_5_12,keph105,5,5.12,19,/extracted_figures/keph105_fig_5_12.png,SOURCE_keph105_5_5.12,4d963a05ede6cefe444a9c20126a31dd23ef598a403af4123b431a450a26815f,290,129,TIGHT_CROP,VALID
FIG_KEPH105_5_14,keph105,5,5.14,20,/extracted_figures/keph105_fig_5_14.png,SOURCE_keph105_5_5.14,04834c24d4eba1a571a604b5afb994e26a3bc8e515b55f6676b5eb88218a4792,290,182,TIGHT_CROP,VALID
FIG_KEPH105_5_15,keph105,5,5.15,21,/extracted_figures/keph105_fig_5_15.png,SOURCE_keph105_5_5.15,78525dea07916a6a53cfe36cccfc5f238784a3449b531f4c3fd139b4d7c775cd,290,101,TIGHT_CROP,VALID
FIG_KEPH106_P1_1,keph106,6,on,1,/extracted_figures/keph106_p1_img1.jpx,SOURCE_keph106_6_on,4ade375cd44ac1afeaf31a95e0e408e58863ccb763eec289c56443f8cbeba13f,177,177,TIGHT_CROP,VALID
FIG_KEPH106_6_1,keph106,6,6.1,2,/extracted_figures/keph106_fig_6_1.png,SOURCE_keph106_6_6.1,e22803dbc661c455c6b56d1ed430aa0d18d58e006fb1400e1ebcc7fa4b44ed11,280,286,TIGHT_CROP,VALID
FIG_KEPH106_6_3,keph106,6,6.3,2,/extracted_figures/keph106_fig_6_3.png,SOURCE_keph106_6_6.3,b9f5a5b5a6410335d4ca2194bbaebb346fc4bb966e25ff8a73184cedb337042b,603,723,TIGHT_CROP,VALID
FIG_KEPH106_6_2,keph106,6,6.2,2,/extracted_figures/keph106_fig_6_2.png,SOURCE_keph106_6_6.2,1332328208e119af1c33a2c473ed3a4aad7258e2694600e62f6baa4617b8afba,291,122,TIGHT_CROP,VALID
FIG_KEPH106_P3_1,keph106,6,on,3,/extracted_figures/keph106_p3_img1.jpx,SOURCE_keph106_6_on,13b22e7b2890e3455fa12f7d188ff731c2082dbb1cc1ea93ccf1d61a207614f1,403,390,TIGHT_CROP,VALID
FIG_KEPH106_6_5,keph106,6,6.5,3,/extracted_figures/keph106_fig_6_5.png,SOURCE_keph106_6_6.5,eb8515448a2dba75e5b67ae190f1e2bff9d56ad19fc09d5d29fc5e79bd9509cf,291,264,TIGHT_CROP,VALID
FIG_KEPH106_6_4,keph106,6,6.4,3,/extracted_figures/keph106_fig_6_4.png,SOURCE_keph106_6_6.4,d36b8c46ee01d26e7d18bf70f182015408bfcdfaeb2f9af2e311c65a99145176,291,388,TIGHT_CROP,VALID
FIG_KEPH106_6_7,keph106,6,6.7,4,/extracted_figures/keph106_fig_6_7.png,SOURCE_keph106_6_6.7,77eb2f204670a875971e46ef112dd9357762d57974080dc808843b8f8ce93f28,291,165,TIGHT_CROP,VALID
FIG_KEPH106_6_6,keph106,6,6.6,4,/extracted_figures/keph106_fig_6_6.png,SOURCE_keph106_6_6.6,d755fdc54742abf3a3ff353adadd0cfcecf63090feb3baa573ac9df08cc5195f,291,91,TIGHT_CROP,VALID
FIG_KEPH106_6_8,keph106,6,6.8,6,/extracted_figures/keph106_fig_6_8.png,SOURCE_keph106_6_6.8,9b04387786d45503452153a3f6211f506a8e8d3cc7c94c683da915ff7a242127,328,164,TIGHT_CROP,VALID
FIG_KEPH106_6_9,keph106,6,6.9,6,/extracted_figures/keph106_fig_6_9.png,SOURCE_keph106_6_6.9,08e8af4e718c7f378883f568ae87e823b7f1e2d06bd883feaf12d8526a2314c0,533,87,TIGHT_CROP,VALID
FIG_KEPH106_6_10,keph106,6,6.10,7,/extracted_figures/keph106_fig_6_10.png,SOURCE_keph106_6_6.10,58e50e960a071096ec826193302d48db33c971a9e1e0cb63df7f0231e152a367,291,145,TIGHT_CROP,VALID
FIG_KEPH106_6_11,keph106,6,6.11,7,/extracted_figures/keph106_fig_6_11.png,SOURCE_keph106_6_6.11,280be477b50e511a4ceb8a13a1c30467d716da566f8b41d77161271423539598,291,74,TIGHT_CROP,VALID
FIG_KEPH106_6_12,keph106,6,6.12,9,/extracted_figures/keph106_fig_6_12.png,SOURCE_keph106_6_6.12,cda38faf8528ae9b57780ffa7d2f35d6f8b03606290746a27b4a0d18c925e6eb,291,351,TIGHT_CROP,VALID
FIG_KEPH106_6_13,keph106,6,6.13,10,/extracted_figures/keph106_fig_6_13.png,SOURCE_keph106_6_6.13,4eac935898943978aa6426c56c1aa81bdf1c8d3e89d122317d8632372e07383c,291,43,TIGHT_CROP,VALID
FIG_KEPH106_6_14,keph106,6,6.14,10,/extracted_figures/keph106_fig_6_14.png,SOURCE_keph106_6_6.14,81851ba02a91e665aef7b57e641fc2652b7e35fa01f7dde9867c93e9577f5ce7,291,149,TIGHT_CROP,VALID
FIG_KEPH106_P11_1,keph106,6,on,11,/extracted_figures/keph106_p11_img1.jpx,SOURCE_keph106_6_on,cc2a9700b73b2972314c192ca3677be0bd5abb40c0096e39596c82a9b8a7a8b9,160,239,TIGHT_CROP,VALID
FIG_KEPH106_6_15a,keph106,6,6.15a,11,/extracted_figures/keph106_fig_6_15a.png,SOURCE_keph106_6_6.15a,df1ecf83e48fbaa748c37e7179e514b80b5892d69cbbd88c5d4553972274efff,316,118,TIGHT_CROP,VALID
FIG_KEPH106_6_15b,keph106,6,6.15b,11,/extracted_figures/keph106_fig_6_15b.png,SOURCE_keph106_6_6.15b,df1ecf83e48fbaa748c37e7179e514b80b5892d69cbbd88c5d4553972274efff,316,118,TIGHT_CROP,VALID
FIG_KEPH106_6_15,keph106,6,6.15,11,/extracted_figures/keph106_fig_6_15.png,SOURCE_keph106_6_6.15,715d316e5f3b16a5dcf41ffb3d7bcde9dce90bdfd474507292ad21f324966d97,291,253,TIGHT_CROP,VALID
FIG_KEPH106_6_16,keph106,6,6.16,12,/extracted_figures/keph106_fig_6_16.png,SOURCE_keph106_6_6.16,88927b569fef3ffa57c271591b335323580e76e8969db9bc467a265e90aa50ac,291,305,TIGHT_CROP,VALID
FIG_KEPH106_6_17a,keph106,6,6.17a,13,/extracted_figures/keph106_fig_6_17a.png,SOURCE_keph106_6_6.17a,c605882a17a78474f0d5b37471dfdcbbdc1b2e308d04d40c45adfea6002186f3,328,82,TIGHT_CROP,VALID
FIG_KEPH106_6_17,keph106,6,6.17,13,/extracted_figures/keph106_fig_6_17.png,SOURCE_keph106_6_6.17,6de6c10d754412cb4fd3fdd41d1382e9076edab1e74a63f1a42f30d9fb38166f,291,252,TIGHT_CROP,VALID
FIG_KEPH106_6_18,keph106,6,6.18,15,/extracted_figures/keph106_fig_6_18.png,SOURCE_keph106_6_6.18,cff9b4d0aa963bc399278f8011f6f0bae7d19fcfd1c3abbf085bc35eb5402ecf,291,306,TIGHT_CROP,VALID
FIG_KEPH106_6_19,keph106,6,6.19,18,/extracted_figures/keph106_fig_6_19.png,SOURCE_keph106_6_6.19,bcbc7f7786ea6664c8afddbfffe4e35c4874a4e56b94f20f148afafab5a369a4,280,316,TIGHT_CROP,VALID
FIG_KEPH106_P19_1,keph106,6,on,19,/extracted_figures/keph106_p19_img1.jpx,SOURCE_keph106_6_on,d1e1222cf4a99986fb300ed45477d5426d60daa53d21541204c0eef2e746ab7f,410,304,TIGHT_CROP,VALID
FIG_KEPH106_6_20,keph106,6,6.20,19,/extracted_figures/keph106_fig_6_20.png,SOURCE_keph106_6_6.20,2b98e6b8287bf1ddab1464d8d12defbca55f80f2deed3e88309540dcbb9eee10,291,156,TIGHT_CROP,VALID
FIG_KEPH106_6_21,keph106,6,6.21,20,/extracted_figures/keph106_fig_6_21.png,SOURCE_keph106_6_6.21,2cc73ae015e5cfd882cffdf0d04cba148ea12fefdef8353f9f1a894d6a90e5c4,291,117,TIGHT_CROP,VALID
FIG_KEPH106_6_22,keph106,6,6.22,20,/extracted_figures/keph106_fig_6_22.png,SOURCE_keph106_6_6.22,a1189b51ac0424bb5ee969d020197a574dc56da0415c62e02df8c4a3dd43f6de,291,66,TIGHT_CROP,VALID
FIG_KEPH106_6_23,keph106,6,6.23,20,/extracted_figures/keph106_fig_6_23.png,SOURCE_keph106_6_6.23,98a3ec24014cc6e75db2b1dd8c720286337651be3fc285eae8de4f1a102b524d,291,97,TIGHT_CROP,VALID
FIG_KEPH106_6_24,keph106,6,6.24,21,/extracted_figures/keph106_fig_6_24.png,SOURCE_keph106_6_6.24,3698367d7a2fc6e3fe0e2ff3dab5688775f2c7fe9a72a4e01d54a8a44b2ec41f,291,242,TIGHT_CROP,VALID
FIG_KEPH106_6_25,keph106,6,6.25,22,/extracted_figures/keph106_fig_6_25.png,SOURCE_keph106_6_6.25,d82578b8b21ed099276d3cd92e7aa7049d879d9b9df36e3f33fef70fb46fa9fc,291,318,TIGHT_CROP,VALID
FIG_KEPH106_6_26,keph106,6,6.26,22,/extracted_figures/keph106_fig_6_26.png,SOURCE_keph106_6_6.26,2e29541b1088f8055f807da1d04ae9b07f45460d733aed91c7fecd16daccb891,291,182,TIGHT_CROP,VALID
FIG_KEPH106_6_27,keph106,6,6.27,22,/extracted_figures/keph106_fig_6_27.png,SOURCE_keph106_6_6.27,0b0a43c0f9ff4fa8ad7e9ff6237374379a35f30469f3a62d75a265e51fe69557,291,200,TIGHT_CROP,VALID
FIG_KEPH106_6_28,keph106,6,6.28,24,/extracted_figures/keph106_fig_6_28.png,SOURCE_keph106_6_6.28,67cc4bebfcaca9efe9e580badb46536383d77003d81569db59fc51d76a6c82a3,291,56,TIGHT_CROP,VALID
FIG_KEPH106_6_29,keph106,6,6.29,26,/extracted_figures/keph106_fig_6_29.png,SOURCE_keph106_6_6.29,7bda4658903b09fe2d53476bff749cb84b67f1062848eb33a0b381125d9b3eed,291,275,TIGHT_CROP,VALID
FIG_KEPH106_6_30,keph106,6,6.30,28,/extracted_figures/keph106_fig_6_30.png,SOURCE_keph106_6_6.30,7e4f966b69f2f7e693d879c2af420a57a60053d104d059566ce4b2b84a145191,291,227,TIGHT_CROP,VALID
FIG_KEPH106_6_31,keph106,6,6.31,29,/extracted_figures/keph106_fig_6_31.png,SOURCE_keph106_6_6.31,51b771fccd3271dc35280c490c1af2bd468a8549e4e714655dc147541499e272,291,54,TIGHT_CROP,VALID
FIG_KEPH106_P31_1,keph106,6,on,31,/extracted_figures/keph106_p31_img1.jpx,SOURCE_keph106_6_on,500fed8710ab49a52bf9e245f030bdd903731a4105326dc51590220181e0c8f7,345,329,TIGHT_CROP,VALID
FIG_KEPH106_P31_2,keph106,6,on,31,/extracted_figures/keph106_p31_img2.jpx,SOURCE_keph106_6_on,7db8b912a3f35b4ad7f265d8fe4684805a1482971f0e3394288f9ee48f813198,225,307,TIGHT_CROP,VALID
FIG_KEPH106_6_33,keph106,6,6.33,34,/extracted_figures/keph106_fig_6_33.png,SOURCE_keph106_6_6.33,9c0598dc093280a7a81e48722ffe00cc34025e5e5a5c177efd29b94c10750dfc,291,185,TIGHT_CROP,VALID
FIG_KEPH107_P1_1,keph107,7,on,1,/extracted_figures/keph107_p1_img1.jpeg,SOURCE_keph107_7_on,3967d5aaab1a1f92fed031c0604e8520e598c77dd8a76c05a52d142d7d5dc3b9,63,63,TIGHT_CROP,VALID
FIG_KEPH107_7_1a,keph107,7,7.1a,2,/extracted_figures/keph107_fig_7_1a.png,SOURCE_keph107_7_7.1a,f9045a23c1450baafbc78284b3763fa48e1a8b9424af15c24b18ef0fa638a193,382,145,TIGHT_CROP,VALID
FIG_KEPH107_7_1,keph107,7,7.1,2,/extracted_figures/keph107_fig_7_1.png,SOURCE_keph107_7_7.1,a4454eed51ca2da672a25eb05aba7510763e804884fb21838c7fcff46beddea6,320,142,TIGHT_CROP,VALID
FIG_KEPH107_7_2,keph107,7,7.2,2,/extracted_figures/keph107_fig_7_2.png,SOURCE_keph107_7_7.2,82fcd51123f8e339b3eb8a181dfa0dc266129590e8f5408c5e0e569b1e069493,320,121,TIGHT_CROP,VALID
FIG_KEPH107_7_6,keph107,7,7.6,5,/extracted_figures/keph107_fig_7_6.png,SOURCE_keph107_7_7.6,f1e6be4f739d4b47ee435152c2fb2f7b1d735e1f7aa902277b49c7ab23c223aa,320,219,TIGHT_CROP,VALID
FIG_KEPH107_7_5,keph107,7,7.5,5,/extracted_figures/keph107_fig_7_5.png,SOURCE_keph107_7_7.5,d00e383f0a943c05be668901382581d777c464fe4b35de8cc68a6b0639cdafeb,320,219,TIGHT_CROP,VALID
FIG_KEPH107_7_7,keph107,7,7.7,6,/extracted_figures/keph107_fig_7_7.png,SOURCE_keph107_7_7.7,d92891dcdb15bc2071ec7ba554b4b3cfb2de6e7c2de656e0090372a9ac13e8e2,320,202,TIGHT_CROP,VALID
FIG_KEPH107_7_8,keph107,7,7.8,7,/extracted_figures/keph107_fig_7_8.png,SOURCE_keph107_7_7.8,6ff09f812236b830bfa5e8c01098738ec52f29e698aa865dd65a6d626057d242,320,51,TIGHT_CROP,VALID
FIG_KEPH107_7_9,keph107,7,7.9,9,/extracted_figures/keph107_fig_7_9.png,SOURCE_keph107_7_7.9,c685fb5e7e09437c8b0f8e06c6c2f64686faa22336391e08b3236533b32f8fa6,320,249,TIGHT_CROP,VALID
FIG_KEPH107_7_10,keph107,7,7.10,10,/extracted_figures/keph107_fig_7_10.png,SOURCE_keph107_7_7.10,8b67aac629746ebb632c8734058fa41dfd35971df3163d74fada0db169d39986,320,85,TIGHT_CROP,VALID
FIG_KEPH201_P1_1,keph201,8,on,1,/extracted_figures/keph201_p1_img1.jpx,SOURCE_keph201_8_on,93b6a1f65e923cdc95be463e193089e31d4eaca2f2c350e2b456990f5532baac,177,177,TIGHT_CROP,VALID
FIG_KEPH201_8_1,keph201,8,8.1,2,/extracted_figures/keph201_fig_8_1.png,SOURCE_keph201_8_8.1,d321b4f21e3ca8c4330ca72b2ca34aada623e1800c4cb0ee12c6a6bf69f0652e,533,181,TIGHT_CROP,VALID
FIG_KEPH201_8_2,keph201,8,8.2,3,/extracted_figures/keph201_fig_8_2.png,SOURCE_keph201_8_8.2,f389ba655f5fb4544e1bbc9aa387c7484495f72ed0fd8944c8d75022ab580092,291,198,TIGHT_CROP,VALID
FIG_KEPH201_8_3,keph201,8,8.3,4,/extracted_figures/keph201_fig_8_3.png,SOURCE_keph201_8_8.3,9acdd16d7e5691261d3fc964cde68b72335a847fadb7b79624362a733a579b9b,291,246,TIGHT_CROP,VALID
FIG_KEPH201_P5_1,keph201,8,on,5,/extracted_figures/keph201_p5_img1.jpx,SOURCE_keph201_8_on,77559a091c492563dd5eecd27e986e2da31c9168e2f4f0c670504bc1f041a8b4,245,391,TIGHT_CROP,VALID
FIG_KEPH201_8_4,keph201,8,8.4,5,/extracted_figures/keph201_fig_8_4.png,SOURCE_keph201_8_8.4,8d119de5013ee2d5334167b935b66e7cae14c7a81982e0122f90e6e378da2e44,291,215,TIGHT_CROP,VALID
FIG_KEPH201_8_5,keph201,8,8.5,6,/extracted_figures/keph201_fig_8_5.png,SOURCE_keph201_8_8.5,a0c1bc84ab6f01c8005fe347815f917dcb842969d6428112a0e42b43a88a7f29,291,41,TIGHT_CROP,VALID
FIG_KEPH201_8_6,keph201,8,8.6,9,/extracted_figures/keph201_fig_8_6.png,SOURCE_keph201_8_8.6,7c8f0735a03a2a9fe215c6d556d6528ec906804422af5392b05dee02332694ad,291,157,TIGHT_CROP,VALID
FIG_KEPH201_8_7,keph201,8,8.7,9,/extracted_figures/keph201_fig_8_7.png,SOURCE_keph201_8_8.7,ee228b15a8de7a429b54ec098b201bd43386bfcd103048928d82e829d55d732e,291,370,TIGHT_CROP,VALID
FIG_KEPH201_8_8,keph201,8,8.8,10,/extracted_figures/keph201_fig_8_8.png,SOURCE_keph201_8_8.8,87251261d40f19a2f18b9ebff2105707b63cbcfe539ef9890d2e910d492abdcb,291,271,TIGHT_CROP,VALID
FIG_KEPH201_8_9,keph201,8,8.9,11,/extracted_figures/keph201_fig_8_9.png,SOURCE_keph201_8_8.9,6c6474fd5df8716edd1fdba1375daa1459ba4afa6c2d720894c054fef61aa44e,291,191,TIGHT_CROP,VALID
FIG_KEPH201_8_10,keph201,8,8.10,12,/extracted_figures/keph201_fig_8_10.png,SOURCE_keph201_8_8.10,596d2b660a06b2433b5b59165470d6d2e833429fd0a2721a8c2fb2d1437fa2ab,533,159,TIGHT_CROP,VALID
FIG_KEPH201_8_11,keph201,8,8.11,12,/extracted_figures/keph201_fig_8_11.png,SOURCE_keph201_8_8.11,24725207f2f1eee8e92e3072e0ae2e992688d6c012da9581f91b91c0597c4735,533,380,TIGHT_CROP,VALID
FIG_KEPH202_P1_1,keph202,9,on,1,/extracted_figures/keph202_p1_img1.jpx,SOURCE_keph202_9_on,74e4e1d70eae7b87fc5135c0aa0e1331ceb5cfccaaa7553b8612f62af91ffe6c,177,177,TIGHT_CROP,VALID
FIG_KEPH202_9_1,keph202,9,9.1,2,/extracted_figures/keph202_fig_9_1.png,SOURCE_keph202_9_9.1,e0cb18cb0d02ce82a27944c47cf8838e2272fa16598d16610f1fb54b67f531fe,603,724,TIGHT_CROP,VALID
FIG_KEPH202_9_2,keph202,9,9.2,3,/extracted_figures/keph202_fig_9_2.png,SOURCE_keph202_9_9.2,e6301a42f1aadd72d6db2a39eec716f29ec023dfb5c63f39abb8f5bd8a9f3fb2,290,208,TIGHT_CROP,VALID
FIG_KEPH202_P4_1,keph202,9,on,4,/extracted_figures/keph202_p4_img1.jpx,SOURCE_keph202_9_on,d6a8b563b08262981328f16dbeb99c38326dffd5b094589900765fd359312889,388,200,TIGHT_CROP,VALID
FIG_KEPH202_9_3,keph202,9,9.3,4,/extracted_figures/keph202_fig_9_3.png,SOURCE_keph202_9_9.3,58179fbaf1189d0b914e744beddee2a00e1bcae326c9241e80ac9b78ff268d5b,290,88,TIGHT_CROP,VALID
FIG_KEPH202_P5_1,keph202,9,on,5,/extracted_figures/keph202_p5_img1.jpx,SOURCE_keph202_9_on,9a3fd1755be0ecf06ca1182191d0fc4b2d35a8526138226c52baf80a5fb0525e,418,563,TIGHT_CROP,VALID
FIG_KEPH202_9_5,keph202,9,9.5,5,/extracted_figures/keph202_fig_9_5.png,SOURCE_keph202_9_9.5,7b41c1e346c1de698a97ee10e6318c16c7a30782faefde543ac0f5bb879f952d,316,370,TIGHT_CROP,VALID
FIG_KEPH202_P6_1,keph202,9,on,6,/extracted_figures/keph202_p6_img1.jpx,SOURCE_keph202_9_on,2fb0d8847bab9b5618ab4d110afd62f439a1aadf341c0d4361ab6972df4597ec,320,90,TIGHT_CROP,VALID
FIG_KEPH202_9_6,keph202,9,9.6,6,/extracted_figures/keph202_fig_9_6.png,SOURCE_keph202_9_9.6,a6a03c4c2d00224d53b9ac86bad7505f12445cdcef04bdf5160786d68bda5588,328,107,TIGHT_CROP,VALID
FIG_KEPH202_9_7,keph202,9,9.7,7,/extracted_figures/keph202_fig_9_7.png,SOURCE_keph202_9_9.7,337bacfb93b21777a9cbe2b1a3d54cb4a535f2e1763a327b6994c793d7c68e57,290,101,TIGHT_CROP,VALID
FIG_KEPH202_9_8,keph202,9,9.8,8,/extracted_figures/keph202_fig_9_8.png,SOURCE_keph202_9_9.8,f99aeccdc705586331b96d42e75e592850f10411f0af97edaa0e16f85e8c558e,290,142,TIGHT_CROP,VALID
FIG_KEPH202_9_9,keph202,9,9.9,9,/extracted_figures/keph202_fig_9_9.png,SOURCE_keph202_9_9.9,868992f620948cd1999c2ad82c0ea09d833e0a817e3614d3a573ff4646e87268,290,239,TIGHT_CROP,VALID
FIG_KEPH202_P10_1,keph202,9,9.11,10,/extracted_figures/keph202_p10_img1.jpx,SOURCE_keph202_9_9.11,dec079ceb51d58bb152ded110660667384eb8df3dcc4a91831778bca034d2aee,194,255,TIGHT_CROP,VALID
FIG_KEPH202_9_11,keph202,9,9.11,10,/extracted_figures/keph202_fig_9_11.png,SOURCE_keph202_9_9.11,411c9b0ad9fdeb726a401af8b9b2be3a37e8465c2bdc4b3f6d32d08db4f946c6,520,621,TIGHT_CROP,VALID
FIG_KEPH202_9_10,keph202,9,9.10,10,/extracted_figures/keph202_fig_9_10.png,SOURCE_keph202_9_9.10,89a4be95581a8c2981ed78c9441df4cded44a1a4011da16bf0d174b7bb9a9100,290,263,TIGHT_CROP,VALID
FIG_KEPH202_9_12,keph202,9,9.12,12,/extracted_figures/keph202_fig_9_12.png,SOURCE_keph202_9_9.12,aeb4f38849b00da5ff717d84c0358e80d4d7bd0d3d94d6ce82a51dca78b88cc8,280,176,TIGHT_CROP,VALID
FIG_KEPH202_9_13,keph202,9,9.13,12,/extracted_figures/keph202_fig_9_13.png,SOURCE_keph202_9_9.13,23c0491433a3fba104876da2e8eb860df43fcf5fdb2a315464ec29a9cd5b28db,290,181,TIGHT_CROP,VALID
FIG_KEPH202_9_14,keph202,9,9.14,14,/extracted_figures/keph202_fig_9_14.png,SOURCE_keph202_9_9.14,85b937d4fd020c4374925138477e1d1e2c59a71b5b2f235bd61001ca3911ea75,533,210,TIGHT_CROP,VALID
FIG_KEPH202_9_15,keph202,9,9.15,15,/extracted_figures/keph202_fig_9_15.png,SOURCE_keph202_9_9.15,68a717e90a49ab96f23984db25299e8fab12d63784b1da058aada8dbfebdcebb,290,132,TIGHT_CROP,VALID
FIG_KEPH202_P16_1,keph202,9,on,16,/extracted_figures/keph202_p16_img1.jpx,SOURCE_keph202_9_on,52a8cc18f597cd48c87f93a481789041c96547a119bdc813128c5c58e3447669,294,215,TIGHT_CROP,VALID
FIG_KEPH202_9_16,keph202,9,9.16,16,/extracted_figures/keph202_fig_9_16.png,SOURCE_keph202_9_9.16,ce01187b061a72659e59bdf7f569ba86d2eed930b60ad59cd2bf8877731c5216,290,164,TIGHT_CROP,VALID
FIG_KEPH202_9_17,keph202,9,9.17,16,/extracted_figures/keph202_fig_9_17.png,SOURCE_keph202_9_9.17,603386d3500b35bf4d3efddd8d3cf53e761effdd0ffc9505ee49c37f7b88e2c7,290,258,TIGHT_CROP,VALID
FIG_KEPH202_P17_1,keph202,9,on,17,/extracted_figures/keph202_p17_img1.jpx,SOURCE_keph202_9_on,cf51c18fa1f8f6d96fd841f4866ac919ee88605b3a2e1068354aa5ab50f949fe,113,97,TIGHT_CROP,VALID
FIG_KEPH202_9_18,keph202,9,9.18,17,/extracted_figures/keph202_fig_9_18.png,SOURCE_keph202_9_9.18,989067ac2c898e1b6c8c0553f6b667b66b68a07cf90bd77b8554b82c7cde1062,290,195,TIGHT_CROP,VALID
FIG_KEPH202_9_19,keph202,9,9.19,17,/extracted_figures/keph202_fig_9_19.png,SOURCE_keph202_9_9.19,4912d563cb2ac8bfae852932dd0e8464864964f6d8c7c6a3f01f4976a31c8a5b,290,112,TIGHT_CROP,VALID
FIG_KEPH202_9_4,keph202,9,9.4,19,/extracted_figures/keph202_fig_9_4.png,SOURCE_keph202_9_9.4,22603485748d0143e1224259a7d4a1fe748244786e11bd48ad621a1252f7a379,603,724,TIGHT_CROP,VALID
FIG_KEPH202_9_20,keph202,9,9.20,22,/extracted_figures/keph202_fig_9_20.png,SOURCE_keph202_9_9.20,0ba4df33fa5fd404e590c5164922b01e69ab7309f4b731d0ffe878e7bdd6ba19,290,172,TIGHT_CROP,VALID
FIG_KEPH202_9_21,keph202,9,9.21,22,/extracted_figures/keph202_fig_9_21.png,SOURCE_keph202_9_9.21,cf8995bebffb88308b1f5dcc4a2b3bdde55411f3b869ac82e45bf20542971c89,290,153,TIGHT_CROP,VALID
FIG_KEPH203_P1_1,keph203,10,on,1,/extracted_figures/keph203_p1_img1.jpx,SOURCE_keph203_10_on,6d18789f7c1273e02b3d2d39e5bac2fd10a26a3d8c31f85cbda22fb4f518febd,177,177,TIGHT_CROP,VALID
FIG_KEPH203_10_1,keph203,10,10.1,2,/extracted_figures/keph203_fig_10_1.png,SOURCE_keph203_10_10.1,ac6c468479e5b5ae71e673049ade806f03e7f1f715e54ebbccf96febfefc3457,290,230,TIGHT_CROP,VALID
FIG_KEPH203_10_4,keph203,10,10.4,3,/extracted_figures/keph203_fig_10_4.png,SOURCE_keph203_10_10.4,eb2600709ea5f1deb2f572b16f0641f1c2980819ecd54ce04d472f89fc6080a1,290,93,TIGHT_CROP,VALID
FIG_KEPH203_10_2,keph203,10,10.2,3,/extracted_figures/keph203_fig_10_2.png,SOURCE_keph203_10_10.2,5fda0e10442b505137ca90ddb8680ad8d2a4ac97eb4b4bf0258949b27262db24,290,166,TIGHT_CROP,VALID
FIG_KEPH203_10_3,keph203,10,10.3,3,/extracted_figures/keph203_fig_10_3.png,SOURCE_keph203_10_10.3,6febda29c7a2e2860f57cec0b42d9247291f9ac49d144d1814cbd36d0c8e5f1a,290,158,TIGHT_CROP,VALID
FIG_KEPH203_10_5,keph203,10,10.5,4,/extracted_figures/keph203_fig_10_5.png,SOURCE_keph203_10_10.5,ff49c0dadf858eedf832e5e1a0e9b7d2f8e1dd374faa16133c595dc023fdfaea,290,195,TIGHT_CROP,VALID
FIG_KEPH203_10_6,keph203,10,10.6,4,/extracted_figures/keph203_fig_10_6.png,SOURCE_keph203_10_10.6,4e3f996b2ee13afa7012379342af32161a245c2cb831fa0bc7479538b65f4910,290,186,TIGHT_CROP,VALID
FIG_KEPH203_10_7,keph203,10,10.7,5,/extracted_figures/keph203_fig_10_7.png,SOURCE_keph203_10_10.7,86465dcb61689c87fb36cdfb2dd960503e0ac16f3b7a89e81c002ffc4f3c0722,603,724,TIGHT_CROP,VALID
FIG_KEPH203_10_8,keph203,10,10.8,6,/extracted_figures/keph203_fig_10_8.png,SOURCE_keph203_10_10.8,9a080151422d3de3d77be3723d54c025d6cb5109a9b726a92384020da4716f66,290,205,TIGHT_CROP,VALID
FIG_KEPH203_10_9,keph203,10,10.9,9,/extracted_figures/keph203_fig_10_9.png,SOURCE_keph203_10_10.9,c0927e28f9ede3c7288c96acf515a04ca5bbe5db404af70804a00bd8792c8a62,290,100,TIGHT_CROP,VALID
FIG_KEPH203_10_10,keph203,10,10.10,10,/extracted_figures/keph203_fig_10_10.png,SOURCE_keph203_10_10.10,8180965e505f12eebab5cf1843c6bbcf463a706f20f979a6a335793ead152068,290,179,TIGHT_CROP,VALID
FIG_KEPH203_10_11,keph203,10,10.11,11,/extracted_figures/keph203_fig_10_11.png,SOURCE_keph203_10_10.11,7797b96b7eb4fef717a14e05dca3946d327b8cb2546237f9f7b0c2f1f2725f48,290,314,TIGHT_CROP,VALID
FIG_KEPH203_10_12,keph203,10,10.12,12,/extracted_figures/keph203_fig_10_12.png,SOURCE_keph203_10_10.12,2f009f1352f84e38c7558e5354ffe68e586adc0dae8aebe2d2ef65f2c6216ca4,290,55,TIGHT_CROP,VALID
FIG_KEPH203_10_13,keph203,10,10.13,13,/extracted_figures/keph203_fig_10_13.png,SOURCE_keph203_10_10.13,087669b7a210240f70e2fd68b92197a8ff8c136eae0bab1afe1921b8ae5a43c7,290,160,TIGHT_CROP,VALID
FIG_KEPH203_10_14,keph203,10,10.14,14,/extracted_figures/keph203_fig_10_14.png,SOURCE_keph203_10_10.14,e692ff074625078ef841be3e2b31a15f878ee7985e1e5951f77641654fba7488,290,179,TIGHT_CROP,VALID
FIG_KEPH203_10_15,keph203,10,10.15,15,/extracted_figures/keph203_fig_10_15.png,SOURCE_keph203_10_10.15,4c9f68b4543107b434373c72698776267b3d03b500dc9ad0767f445310437925,290,114,TIGHT_CROP,VALID
FIG_KEPH203_10_16,keph203,10,10.16,15,/extracted_figures/keph203_fig_10_16.png,SOURCE_keph203_10_10.16,d6fd3acfcca3769635db48d20ddef009d2bdac092b2bbc166c1540e040ede455,504,496,TIGHT_CROP,VALID
FIG_KEPH203_10_17,keph203,10,10.17,16,/extracted_figures/keph203_fig_10_17.png,SOURCE_keph203_10_10.17,d87ecf6a26aa58756a4a778f8b442e96644843fe5a7b8366235c521f6ac2ab38,290,195,TIGHT_CROP,VALID
FIG_KEPH203_P17_1,keph203,10,10.18,17,/extracted_figures/keph203_p17_img1.jpx,SOURCE_keph203_10_10.18,44088c41266f802f27a03891911c1093cbd0b5025185b1a60b4bdaf6ff983ab9,400,329,TIGHT_CROP,VALID
FIG_KEPH203_10_18,keph203,10,10.18,17,/extracted_figures/keph203_fig_10_18.png,SOURCE_keph203_10_10.18,5d105fc6eca5b316c78ab0c6ce6ade15bb52b02716e63bc096dae424191b4f6f,290,198,TIGHT_CROP,VALID
FIG_KEPH203_10_19,keph203,10,10.19,19,/extracted_figures/keph203_fig_10_19.png,SOURCE_keph203_10_10.19,194b49b0839fd2f2725fac56bdd4bece69e0a2d6e38f23e4dfa5fd9971494934,290,141,TIGHT_CROP,VALID
FIG_KEPH203_10_20,keph203,10,10.20,19,/extracted_figures/keph203_fig_10_20.png,SOURCE_keph203_10_10.20,b11bc61461a97fc67672d72555ef7707e3a764c708edae2f354b5bf924d3150f,290,95,TIGHT_CROP,VALID
FIG_KEPH204_P1_1,keph204,11,on,1,/extracted_figures/keph204_p1_img1.jpx,SOURCE_keph204_11_on,56b67a09c924308a9d4a94a763fdb3e73252523b3f5f519c18806aeb1fef73bd,177,177,TIGHT_CROP,VALID
FIG_KEPH204_11_1,keph204,11,11.1,2,/extracted_figures/keph204_fig_11_1.png,SOURCE_keph204_11_11.1,d6220829bec79444386aac056074b1171088efb74577b95274941b15e0d38be4,290,321,TIGHT_CROP,VALID
FIG_KEPH204_11_2,keph204,11,11.2,3,/extracted_figures/keph204_fig_11_2.png,SOURCE_keph204_11_11.2,613c5908888fdee7c20d93eb4ad768f59a35b955c60cb72014e7d2184e192d63,290,232,TIGHT_CROP,VALID
FIG_KEPH204_11_3,keph204,11,11.3,4,/extracted_figures/keph204_fig_11_3.png,SOURCE_keph204_11_11.3,682ad9b7e0f702ab04488104ef0e8c0c01c09d98663cf465e54dec720a2a111f,290,101,TIGHT_CROP,VALID
FIG_KEPH204_11_4,keph204,11,11.4,4,/extracted_figures/keph204_fig_11_4.png,SOURCE_keph204_11_11.4,8ece23ca72b20132b48b5e173546efb1979c3eb626415d5a892d896871342dd5,290,260,TIGHT_CROP,VALID
FIG_KEPH204_11_5,keph204,11,11.5,7,/extracted_figures/keph204_fig_11_5.png,SOURCE_keph204_11_11.5,d0ed9fd2e9c16829e16542d49918e5040664bc269a03fa030fad76c2aa48da59,290,173,TIGHT_CROP,VALID
FIG_KEPH204_11_6,keph204,11,11.6,8,/extracted_figures/keph204_fig_11_6.png,SOURCE_keph204_11_11.6,7d8c99f3af951e6aa2582250a60d74091796b5337638497d185b4d6d71acdd46,290,87,TIGHT_CROP,VALID
FIG_KEPH204_11_7,keph204,11,11.7,9,/extracted_figures/keph204_fig_11_7.png,SOURCE_keph204_11_11.7,3daef769b793fb861ac9e53a9a1adc5986d3f262a718eebfa6bc8860b91468e6,290,251,TIGHT_CROP,VALID
FIG_KEPH204_11_8,keph204,11,11.8,10,/extracted_figures/keph204_fig_11_8.png,SOURCE_keph204_11_11.8,6fb9ce02190b055e2700cbf9c0419b9a9a5940bd3c876437eb366b1e23e7caae,290,64,TIGHT_CROP,VALID
FIG_KEPH204_11_9,keph204,11,11.9,12,/extracted_figures/keph204_fig_11_9.png,SOURCE_keph204_11_11.9,7e3e8c7900cbc8624cb691903daaad0255641764f47bc9be7b262cf17114a071,290,201,TIGHT_CROP,VALID
FIG_KEPH204_11_10,keph204,11,11.10,14,/extracted_figures/keph204_fig_11_10.png,SOURCE_keph204_11_11.10,45c6715e14fe29eaa4420082d80720e4a4152f339836a0e4fce3344d7283a4a9,290,83,TIGHT_CROP,VALID
FIG_KEPH204_11_11,keph204,11,11.11,18,/extracted_figures/keph204_fig_11_11.png,SOURCE_keph204_11_11.11,88cb1c5f765307c18143f3ebe16c7a4d69cdcea6609c02835fae307bfbaf1bd1,290,194,TIGHT_CROP,VALID
FIG_KEPH205_P1_1,keph205,12,on,1,/extracted_figures/keph205_p1_img1.jpx,SOURCE_keph205_12_on,d8cfaf247e31505a5cc52cd81864f445e14fe4ce5f1050eea67edd473f2a12b1,177,177,TIGHT_CROP,VALID
FIG_KEPH205_12_1,keph205,12,12.1,4,/extracted_figures/keph205_fig_12_1.png,SOURCE_keph205_12_12.1,d81b592ff6f67c0f61dee38004f0be6209c7cefd947e4c9d41cff9433e1b4c93,280,166,TIGHT_CROP,VALID
FIG_KEPH205_12_2,keph205,12,12.2,4,/extracted_figures/keph205_fig_12_2.png,SOURCE_keph205_12_12.2,e22962b4c8950f299abc313d77800627961c9f5f7426340ac224d16049ec9c0c,290,102,TIGHT_CROP,VALID
FIG_KEPH205_12_3,keph205,12,12.3,4,/extracted_figures/keph205_fig_12_3.png,SOURCE_keph205_12_12.3,36ccefdf49ee7c8333dd1ff272d450810ef119839eb18384bdd22a4ad1bfd194,290,207,TIGHT_CROP,VALID
FIG_KEPH205_12_4,keph205,12,12.4,6,/extracted_figures/keph205_fig_12_4.png,SOURCE_keph205_12_12.4,75cce08e2de93d2d95f95a5fdf610dab63b9fc97b9c7bb755c6a1d91e6517c5b,290,178,TIGHT_CROP,VALID
FIG_KEPH205_12_5,keph205,12,12.5,8,/extracted_figures/keph205_fig_12_5.png,SOURCE_keph205_12_12.5,e6f1f7f7b54de405321dc9623beb637ca4e40d44699a58dd06b1c691c3187a4c,290,241,TIGHT_CROP,VALID
FIG_KEPH205_12_6,keph205,12,12.6,9,/extracted_figures/keph205_fig_12_6.png,SOURCE_keph205_12_12.6,ee5ef6e8e7a33f1d8d6724ab41f4aa6bbef600e3c76c5e5e7a634aab36785235,290,49,TIGHT_CROP,VALID
FIG_KEPH205_12_7,keph205,12,12.7,12,/extracted_figures/keph205_fig_12_7.png,SOURCE_keph205_12_12.7,73f6433923b409f6e67474693daad10e9c684abb443e803655f260a3a84c84a4,290,59,TIGHT_CROP,VALID
FIG_KEPH205_12_8,keph205,12,12.8,14,/extracted_figures/keph205_fig_12_8.png,SOURCE_keph205_12_12.8,21b75b05b7c3445d39b9d7b381e610d7d5963042e451e2f37238abcc533f499b,290,182,TIGHT_CROP,VALID
FIG_KEPH206_P1_1,keph206,13,on,1,/extracted_figures/keph206_p1_img1.jpx,SOURCE_keph206_13_on,021f61b098b2e9c748ddfcf22885ee5c11a04f1b7661e5e1b816817f51e3fea4,177,177,TIGHT_CROP,VALID
FIG_KEPH206_13_1,keph206,13,13.1,2,/extracted_figures/keph206_fig_13_1.png,SOURCE_keph206_13_13.1,8ae03a4c9b7b1fb3a14a48d3ca903d21bc0e2f3dc8fb2576d974e314116a2666,290,307,TIGHT_CROP,VALID
FIG_KEPH206_P3_1,keph206,13,on,3,/extracted_figures/keph206_p3_img1.jpx,SOURCE_keph206_13_on,47fcb3874705ad902483ec53ac620fe95271e23fc36e8fa387639e0960f92000,442,217,TIGHT_CROP,VALID
FIG_KEPH206_13_2,keph206,13,13.2,3,/extracted_figures/keph206_fig_13_2.png,SOURCE_keph206_13_13.2,05e08691e22bd4f2ea344551a57fab87b9346ba3a5fac8d14d44492c37e23853,290,137,TIGHT_CROP,VALID
FIG_KEPH206_13_3,keph206,13,13.3,4,/extracted_figures/keph206_fig_13_3.png,SOURCE_keph206_13_13.3,84086e837809df084aa9578d4332026e148196bfdf1ecc87fa5d6becad474a49,290,101,TIGHT_CROP,VALID
FIG_KEPH206_13_4,keph206,13,13.4,5,/extracted_figures/keph206_fig_13_4.png,SOURCE_keph206_13_13.4,30731b40f2a798c222851bc7582df99df50025cb6eb382e628cc03be29ddd6d7,290,165,TIGHT_CROP,VALID
FIG_KEPH206_13_5,keph206,13,13.5,5,/extracted_figures/keph206_fig_13_5.png,SOURCE_keph206_13_13.5,5e16d153269eb5f0e48221d1f30395ed662d50483c0c05b0d057382de15a60d7,290,60,TIGHT_CROP,VALID
FIG_KEPH206_13_6,keph206,13,13.6,5,/extracted_figures/keph206_fig_13_6.png,SOURCE_keph206_13_13.6,8e62378a5b2bd941b24761e03fb38113aefc0bb52bf127e4f8b271b738eb570a,290,195,TIGHT_CROP,VALID
FIG_KEPH206_13_7,keph206,13,13.7,5,/extracted_figures/keph206_fig_13_7.png,SOURCE_keph206_13_13.7,b9957ebc32ae980399f1b8d345b2f2eb9730e9fdfd58bb4609b115981f6198d3,290,138,TIGHT_CROP,VALID
FIG_KEPH206_13_9,keph206,13,13.9,6,/extracted_figures/keph206_fig_13_9.png,SOURCE_keph206_13_13.9,b3b8a2d662a98e1e9d9c173c982480664c3f3df90388058a5fda830ead7804b4,290,140,TIGHT_CROP,VALID
FIG_KEPH206_13_8,keph206,13,13.8,6,/extracted_figures/keph206_fig_13_8.png,SOURCE_keph206_13_13.8,e06731209eb4762ee0f8f6db5d726636049622ebdb340365f0da3b2914ed710d,290,171,TIGHT_CROP,VALID
FIG_KEPH206_P7_1,keph206,13,on,7,/extracted_figures/keph206_p7_img1.jpx,SOURCE_keph206_13_on,e2bab696a2d554383b8fbbad61010af8d8eca27aeeba1d7c32bcd4e83a7de2f4,445,224,TIGHT_CROP,VALID
FIG_KEPH206_13_10,keph206,13,13.10,7,/extracted_figures/keph206_fig_13_10.png,SOURCE_keph206_13_13.10,960c13ccd0a78b8476052b414ad03b738fcec8dde45bf5b45ab8ab5623bdf69a,290,237,TIGHT_CROP,VALID
FIG_KEPH206_13_11,keph206,13,13.11,8,/extracted_figures/keph206_fig_13_11.png,SOURCE_keph206_13_13.11,6a0746b5af9d50de15784f40cafadd58ac25632e85ca3435063444ff340f18b5,290,153,TIGHT_CROP,VALID
FIG_KEPH206_13_12,keph206,13,13.12,8,/extracted_figures/keph206_fig_13_12.png,SOURCE_keph206_13_13.12,0d48a63b12cb55462d22df89d3825d8592d9b55b925996b58aa061fef0589401,290,92,TIGHT_CROP,VALID
FIG_KEPH206_13_13,keph206,13,13.13,9,/extracted_figures/keph206_fig_13_13.png,SOURCE_keph206_13_13.13,1e6a28a8d9fcfec7bc11d62f492e84e27a36dce3ea80c9691b23baa9673b16c6,290,198,TIGHT_CROP,VALID
FIG_KEPH206_13_14,keph206,13,13.14,10,/extracted_figures/keph206_fig_13_14.png,SOURCE_keph206_13_13.14,c71c4cc1d0a08cdfe2303586d2fc7fc57dc1e6fe347677c8cbdc758c0bb4a871,290,139,TIGHT_CROP,VALID
FIG_KEPH206_13_15,keph206,13,13.15,10,/extracted_figures/keph206_fig_13_15.png,SOURCE_keph206_13_13.15,70eb04be4492d9cd3f328516a659d7345469c9fa1604f469694b74e40576715b,290,140,TIGHT_CROP,VALID
FIG_KEPH206_13_16,keph206,13,13.16,11,/extracted_figures/keph206_fig_13_16.png,SOURCE_keph206_13_13.16,5bc8ced29f2eabc654b2d9c963084ce0949ec23e95390ee05c89cede3506eebe,290,209,TIGHT_CROP,VALID
FIG_KEPH206_13_17,keph206,13,13.17,12,/extracted_figures/keph206_fig_13_17.png,SOURCE_keph206_13_13.17,33e05acd392d2eb1706ec09cfab596475e8a6c1b0df0dcf546484ac69ac552ee,290,381,TIGHT_CROP,VALID
FIG_KEPH206_13_18,keph206,13,13.18,16,/extracted_figures/keph206_fig_13_18.png,SOURCE_keph206_13_13.18,8004b69432b0bd8c8d466bf78b508f86f1afe57bb60facd9a17b367c7b96da20,533,242,TIGHT_CROP,VALID
FIG_KEPH206_18_18,keph206,13,18.18,16,/extracted_figures/keph206_fig_18_18.png,SOURCE_keph206_13_18.18,936870b0e1b03141f5b6fd110dfb28c4e165bbbaca2284341152eb54a62ccbdb,290,426,TIGHT_CROP,VALID
FIG_KEPH206_13_19,keph206,13,13.19,17,/extracted_figures/keph206_fig_13_19.png,SOURCE_keph206_13_13.19,5ba718066265f918f0595189efdc4d92394609a3a5991a84ff77555344c473c9,290,151,TIGHT_CROP,VALID
FIG_KEPH206_13_20,keph206,13,13.20,18,/extracted_figures/keph206_fig_13_20.png,SOURCE_keph206_13_13.20,4687a4dc0a4f27a2390f3da3c514eba77794ba20d0b239592647b1250a3f7cff,290,147,TIGHT_CROP,VALID
FIG_KEPH206_13_21,keph206,13,13.21,18,/extracted_figures/keph206_fig_13_21.png,SOURCE_keph206_13_13.21,17041a6c94b49e7bf4b4b00d4a9ca6f8fd8fc4ec6b05dd321333bfeb88cf2e3d,533,158,TIGHT_CROP,VALID
FIG_KEPH207_P1_1,keph207,14,on,1,/extracted_figures/keph207_p1_img1.jpx,SOURCE_keph207_14_on,d277363ed3aafff31bad30b167b3e304b085a1c494715d15c238230cebc2743d,177,177,TIGHT_CROP,VALID
FIG_KEPH207_14_1,keph207,14,14.1,2,/extracted_figures/keph207_fig_14_1.png,SOURCE_keph207_14_14.1,fdbb678750c330f4c5779119807fd969c5d941a84673ebd55391cfa84f15cbdc,290,65,TIGHT_CROP,VALID
FIG_KEPH207_14_2,keph207,14,14.2,3,/extracted_figures/keph207_fig_14_2.png,SOURCE_keph207_14_14.2,088734deaae59d4a1a37585ffecd209feb2eafe1ea2b9c21156e15457ababdbd,290,190,TIGHT_CROP,VALID
FIG_KEPH207_14_4,keph207,14,14.4,3,/extracted_figures/keph207_fig_14_4.png,SOURCE_keph207_14_14.4,39d5b0524d08a0c2142bcd9f7be350ef6600fc40fe0970e3dd38961f94a8145d,290,86,TIGHT_CROP,VALID
FIG_KEPH207_14_3,keph207,14,14.3,3,/extracted_figures/keph207_fig_14_3.png,SOURCE_keph207_14_14.3,3b253888b3c799751db978759f6c6511eac1b79f6955559c671b43a48d121c41,290,178,TIGHT_CROP,VALID
FIG_KEPH207_14_5,keph207,14,14.5,5,/extracted_figures/keph207_fig_14_5.png,SOURCE_keph207_14_14.5,be1d0ab0ae15da9377a136bc01ce0de70552f480b724ebb47853aface2329788,290,195,TIGHT_CROP,VALID
FIG_KEPH207_14_6,keph207,14,14.6,5,/extracted_figures/keph207_fig_14_6.png,SOURCE_keph207_14_14.6,e9d4f2eb863bb6642be64d483a4aa691e89ffcbe70d06c4824dad9798cc8a280,290,66,TIGHT_CROP,VALID
FIG_KEPH207_14_7,keph207,14,14.7,6,/extracted_figures/keph207_fig_14_7.png,SOURCE_keph207_14_14.7,e207b3c184a883a2249f146c3abfd418a1dbea0f802592d40c354a65e77a2d66,290,157,TIGHT_CROP,VALID
FIG_KEPH207_14_8,keph207,14,14.8,7,/extracted_figures/keph207_fig_14_8.png,SOURCE_keph207_14_14.8,c1d9a2485a2c2936de1b666a1c02a1eadb84d9a115a9354ba52378d719c451c4,290,117,TIGHT_CROP,VALID
FIG_KEPH207_14_9,keph207,14,14.9,10,/extracted_figures/keph207_fig_14_9.png,SOURCE_keph207_14_14.9,d0ad15f40c048ad6ab7ee5f3967b43496777a749c1d717d2642d44b469ccb1d4,290,273,TIGHT_CROP,VALID
FIG_KEPH207_14_10,keph207,14,14.10,11,/extracted_figures/keph207_fig_14_10.png,SOURCE_keph207_14_14.10,67c9d1a39866d7326b0b11d60495e78094b57d46e54981fbb44539b34340b015,290,57,TIGHT_CROP,VALID
FIG_KEPH207_14_11,keph207,14,14.11,12,/extracted_figures/keph207_fig_14_11.png,SOURCE_keph207_14_14.11,a374b92f22a274a42c783bdeda76537a6084ffccb4702d042d329d6f256cf081,290,71,TIGHT_CROP,VALID
FIG_KEPH207_14_12,keph207,14,14.12,13,/extracted_figures/keph207_fig_14_12.png,SOURCE_keph207_14_14.12,20ca731f0e94b6cee9e26777a28617aa037f313ebf9c0e11ce9a1cb6fb851c54,533,327,TIGHT_CROP,VALID
FIG_KEPH207_14_13,keph207,14,14.13,14,/extracted_figures/keph207_fig_14_13.png,SOURCE_keph207_14_14.13,89e1ebdbe03d96b7b56ea3c96c55b0920ef66b85dbbd6ac88b5ea057e5222d83,290,49,TIGHT_CROP,VALID
FIG_KEPH207_14_14,keph207,14,14.14,16,/extracted_figures/keph207_fig_14_14.png,SOURCE_keph207_14_14.14,7542939505de212e288f72b45acbfda9cfa8c5d394beccb87c3303b45dff22a2,290,195,TIGHT_CROP,VALID
FIG_KEPH207_14_15,keph207,14,14.15,16,/extracted_figures/keph207_fig_14_15.png,SOURCE_keph207_14_14.15,f47198d14261f3fc98ae6c603dfeaec14b23cd7b8c285a96964a5a397ec51f0b,290,190,TIGHT_CROP,VALID
FIG_KEPH207_P17_1,keph207,14,on,17,/extracted_figures/keph207_p17_img1.jpx,SOURCE_keph207_14_on,50d3347bf80deb040494f2c2dde5ff14c206bb94937098b8234e7d2e4d64a200,288,407,TIGHT_CROP,VALID
FIG_KEPH207_14_16,keph207,14,14.16,17,/extracted_figures/keph207_fig_14_16.png,SOURCE_keph207_14_14.16,b9e018ca82fcd246c08845d312265954977e9111bfde3c3458393535b619850f,290,261,TIGHT_CROP,VALID
FIG_LEBO101_P1_1,lebo101,1,on,1,/extracted_figures/lebo101_p1_img1.jpeg,SOURCE_lebo101_1_on,1abb3ae5302889cb0ff8cb9e83bb09e212c062a136b67db2e6069cfdf31cf55a,957,1269,TIGHT_CROP,VALID
FIG_LEBO101_P3_1,lebo101,1,on,3,/extracted_figures/lebo101_p3_img1.jpeg,SOURCE_lebo101_1_on,b4752b92063c5d2f17dbe5d7751e4988b826a347f487eb26e373a1d55e628c0d,956,152,TIGHT_CROP,VALID
FIG_LEBO101_P3_2,lebo101,1,on,3,/extracted_figures/lebo101_p3_img2.jpeg,SOURCE_lebo101_1_on,73947bb53aa025f2f8e016a4bddcf13dd9f3f994d1831276f19a715c7216ad4b,186,236,TIGHT_CROP,VALID
FIG_LEBO101_P4_1,lebo101,1,1.1,4,/extracted_figures/lebo101_p4_img1.jpeg,SOURCE_lebo101_1_1.1,75df10e3854074504e252150407684f2d2b37efa60f792f808049dd274de55cf,956,152,TIGHT_CROP,VALID
FIG_LEBO101_P4_2,lebo101,1,1.1,4,/extracted_figures/lebo101_p4_img2.jpeg,SOURCE_lebo101_1_1.1,fa862480469b56a3c667efe53476f2bf23775a51113fc9d14c1f0aa565e596b5,306,272,TIGHT_CROP,VALID
FIG_LEBO101_1_1,lebo101,1,1.1,4,/extracted_figures/lebo101_fig_1_1.png,SOURCE_lebo101_1_1.1,a4bd1211b3ba7df660a21398f976ac7fd1f3c31bc24fc60fe2e052e81163cc62,272,374,TIGHT_CROP,VALID
FIG_LEBO101_P5_1,lebo101,1,1.2a,5,/extracted_figures/lebo101_p5_img1.jpeg,SOURCE_lebo101_1_1.2a,b4752b92063c5d2f17dbe5d7751e4988b826a347f487eb26e373a1d55e628c0d,956,152,TIGHT_CROP,VALID
FIG_LEBO101_1_2a,lebo101,1,1.2a,5,/extracted_figures/lebo101_fig_1_2a.png,SOURCE_lebo101_1_1.2a,bcd631035c6a48ac672b904af9b51001bd0fc22f1d71b146e07b0af1f59f66d6,498,215,TIGHT_CROP,VALID
FIG_LEBO101_1_2b,lebo101,1,1.2b,5,/extracted_figures/lebo101_fig_1_2b.png,SOURCE_lebo101_1_1.2b,0cb69ee34d1259448b0669e1df434096695a9a2d041787a127f6bf4e5515a51a,568,408,TIGHT_CROP,VALID
FIG_LEBO101_1_3b,lebo101,1,1.3b,5,/extracted_figures/lebo101_fig_1_3b.png,SOURCE_lebo101_1_1.3b,1e973e24d0a711d33a773d954a854a33ca6dbd33b8d3cd6bf0dabbc7ea0fb77a,568,707,TIGHT_CROP,VALID
FIG_LEBO101_1_2,lebo101,1,1.2,5,/extracted_figures/lebo101_fig_1_2.png,SOURCE_lebo101_1_1.2,b6a6404a82aa5ae6e5b148b50e6f4c0c7afbe174b627e5abd05f1d7ae2218e51,272,48,TIGHT_CROP,VALID
FIG_LEBO101_P6_1,lebo101,1,1.3a),6,/extracted_figures/lebo101_p6_img1.jpeg,SOURCE_lebo101_1_1.3a),75df10e3854074504e252150407684f2d2b37efa60f792f808049dd274de55cf,956,152,TIGHT_CROP,VALID
FIG_LEBO101_1_3a,lebo101,1,1.3a,6,/extracted_figures/lebo101_fig_1_3a.png,SOURCE_lebo101_1_1.3a,b1622dc64bf4ec7dd9a498aa53323592e1bb7d7ee929e90d2b03311758d7670f,568,707,TIGHT_CROP,VALID
FIG_LEBO101_1_3c,lebo101,1,1.3c,6,/extracted_figures/lebo101_fig_1_3c.png,SOURCE_lebo101_1_1.3c,b1622dc64bf4ec7dd9a498aa53323592e1bb7d7ee929e90d2b03311758d7670f,568,707,TIGHT_CROP,VALID
FIG_LEBO101_1_3,lebo101,1,1.3,6,/extracted_figures/lebo101_fig_1_3.png,SOURCE_lebo101_1_1.3,20816774fa137c9d55ec191fb0b82c0e8a1fba53235d606e4c37d41516ab5d13,498,439,TIGHT_CROP,VALID
FIG_LEBO101_P7_1,lebo101,1,1.4),7,/extracted_figures/lebo101_p7_img1.jpeg,SOURCE_lebo101_1_1.4),b4752b92063c5d2f17dbe5d7751e4988b826a347f487eb26e373a1d55e628c0d,956,152,TIGHT_CROP,VALID
FIG_LEBO101_P7_2,lebo101,1,1.5b),7,/extracted_figures/lebo101_p7_img2.jpeg,SOURCE_lebo101_1_1.5b),6d3b9e832a9fb9df00d77e0c1e2087eb1b013533a52de297f96ffcc461e2a6e4,132,177,TIGHT_CROP,VALID
FIG_LEBO101_P7_3,lebo101,1,1.5,7,/extracted_figures/lebo101_p7_img3.jpeg,SOURCE_lebo101_1_1.5,8a7485edebb0944390526dd5a82e2a829f4e9af34473b80bce5796d60e73cd36,212,177,TIGHT_CROP,VALID
FIG_LEBO101_1_5b,lebo101,1,1.5b,7,/extracted_figures/lebo101_fig_1_5b.png,SOURCE_lebo101_1_1.5b,c580b6e936eb5ed9e59a1189e65f9e955a0c2e1ef2d8b34304cb7286af4ac7c1,568,603,TIGHT_CROP,VALID
FIG_LEBO101_1_5,lebo101,1,1.5,7,/extracted_figures/lebo101_fig_1_5.png,SOURCE_lebo101_1_1.5,bdb9810572451aa0a35972449a13f69940584753d9fb0f73e30bdd2d4cd73c89,272,317,TIGHT_CROP,VALID
FIG_LEBO101_1_4,lebo101,1,1.4,7,/extracted_figures/lebo101_fig_1_4.png,SOURCE_lebo101_1_1.4,29905fcffe9c76fbc935e4c05f8a9d3d376da8a80e9c8ed9836bb06cc83d0f12,498,160,TIGHT_CROP,VALID
FIG_LEBO101_P8_1,lebo101,1,1.7b),8,/extracted_figures/lebo101_p8_img1.jpeg,SOURCE_lebo101_1_1.7b),75df10e3854074504e252150407684f2d2b37efa60f792f808049dd274de55cf,956,152,TIGHT_CROP,VALID
FIG_LEBO101_P8_2,lebo101,1,on,8,/extracted_figures/lebo101_p8_img2.jpeg,SOURCE_lebo101_1_on,0ae3661e1d6c1d02a391e9ae069af2daa532619d765168570d898e03db4adfaf,282,415,TIGHT_CROP,VALID
FIG_LEBO101_P8_3,lebo101,1,on,8,/extracted_figures/lebo101_p8_img3.jpeg,SOURCE_lebo101_1_on,17915ee9a72b39dac02a7828bca97bc7e12d24590f5eadaa3fc89a83d32581a0,66,72,TIGHT_CROP,VALID
FIG_LEBO101_1_7b,lebo101,1,1.7b,8,/extracted_figures/lebo101_fig_1_7b.png,SOURCE_lebo101_1_1.7b,5fe9fd4ed019e5cac9f817dd0bf0aee7738911876fd3328dc80db8a5a6c3400d,568,707,TIGHT_CROP,VALID
FIG_LEBO101_1_7c,lebo101,1,1.7c,8,/extracted_figures/lebo101_fig_1_7c.png,SOURCE_lebo101_1_1.7c,5fe9fd4ed019e5cac9f817dd0bf0aee7738911876fd3328dc80db8a5a6c3400d,568,707,TIGHT_CROP,VALID
FIG_LEBO101_1_7a,lebo101,1,1.7a,8,/extracted_figures/lebo101_fig_1_7a.png,SOURCE_lebo101_1_1.7a,5fe9fd4ed019e5cac9f817dd0bf0aee7738911876fd3328dc80db8a5a6c3400d,568,707,TIGHT_CROP,VALID
FIG_LEBO101_1_6,lebo101,1,1.6,8,/extracted_figures/lebo101_fig_1_6.png,SOURCE_lebo101_1_1.6,1c55573d869356ac5b98d955a3bf56f008c87afdadbe4333edc0155512e57fa1,272,200,TIGHT_CROP,VALID
FIG_LEBO101_P9_1,lebo101,1,1.7d),9,/extracted_figures/lebo101_p9_img1.jpeg,SOURCE_lebo101_1_1.7d),b4752b92063c5d2f17dbe5d7751e4988b826a347f487eb26e373a1d55e628c0d,956,152,TIGHT_CROP,VALID
FIG_LEBO101_1_7d,lebo101,1,1.7d,9,/extracted_figures/lebo101_fig_1_7d.png,SOURCE_lebo101_1_1.7d,889fbefef502e11ac6d3a7ddd0d7d7afb010e044141363889088fef9160f3f01,506,575,TIGHT_CROP,VALID
FIG_LEBO101_1_7,lebo101,1,1.7,9,/extracted_figures/lebo101_fig_1_7.png,SOURCE_lebo101_1_1.7,c6039a247eb60cb5edc3f1e7a641ab2d0b145b49704eafdb747a6cc4efc64a7e,498,325,TIGHT_CROP,VALID
FIG_LEBO101_P10_1,lebo101,1,1.8,10,/extracted_figures/lebo101_p10_img1.jpeg,SOURCE_lebo101_1_1.8,75df10e3854074504e252150407684f2d2b37efa60f792f808049dd274de55cf,956,152,TIGHT_CROP,VALID
FIG_LEBO101_1_8,lebo101,1,1.8,10,/extracted_figures/lebo101_fig_1_8.png,SOURCE_lebo101_1_1.8,6a99618599f656b179f18a057d8a8db527b2f4fbb4a54bf44bb15b715c53fd6b,498,489,TIGHT_CROP,VALID
FIG_LEBO101_1_8a,lebo101,1,1.8a,10,/extracted_figures/lebo101_fig_1_8a.png,SOURCE_lebo101_1_1.8a,e0ad024df7b2881487a91d906e37cd74aad0d29816d5f1c6b45f8fa6c8813131,568,707,TIGHT_CROP,VALID
FIG_LEBO101_P11_1,lebo101,1,1.8b),11,/extracted_figures/lebo101_p11_img1.jpeg,SOURCE_lebo101_1_1.8b),b4752b92063c5d2f17dbe5d7751e4988b826a347f487eb26e373a1d55e628c0d,956,152,TIGHT_CROP,VALID
FIG_LEBO101_1_8b,lebo101,1,1.8b,11,/extracted_figures/lebo101_fig_1_8b.png,SOURCE_lebo101_1_1.8b,f91d783c357c08e5d87e4a5e963f345a863c2d8a35333f6de12d4e091b545a52,568,244,TIGHT_CROP,VALID
FIG_LEBO101_1_9a,lebo101,1,1.9a,11,/extracted_figures/lebo101_fig_1_9a.png,SOURCE_lebo101_1_1.9a,8760febf5229caff5d23a166e4e1d52bd9b2a377c33b2378f77f5f19173c28ce,568,707,TIGHT_CROP,VALID
FIG_LEBO101_P12_1,lebo101,1,1.9c),12,/extracted_figures/lebo101_p12_img1.jpeg,SOURCE_lebo101_1_1.9c),75df10e3854074504e252150407684f2d2b37efa60f792f808049dd274de55cf,956,152,TIGHT_CROP,VALID
FIG_LEBO101_P12_2,lebo101,1,1.9b),12,/extracted_figures/lebo101_p12_img2.jpeg,SOURCE_lebo101_1_1.9b),f29ce7b0d1e951d2dc0e30ff2893d852ca0d6c4e73d2305c6411b4ce2c7d6aa1,206,194,TIGHT_CROP,VALID
FIG_LEBO101_P12_3,lebo101,1,1.9,12,/extracted_figures/lebo101_p12_img3.jpeg,SOURCE_lebo101_1_1.9,4285a87ab91af4ce46193332af69b8f5aed1ec82eb71839526499bd83e09a667,173,198,TIGHT_CROP,VALID
FIG_LEBO101_1_9c,lebo101,1,1.9c,12,/extracted_figures/lebo101_fig_1_9c.png,SOURCE_lebo101_1_1.9c,f6264b38c0b01d9a32b9e05409ee1190ebcaae086eebe2f2a35b0a9ef3450e1a,568,335,TIGHT_CROP,VALID
FIG_LEBO101_1_9b,lebo101,1,1.9b,12,/extracted_figures/lebo101_fig_1_9b.png,SOURCE_lebo101_1_1.9b,b4299efe2fd5c2c9dc346cf991fcca9bcff23f25e6612feee4f2c4eb5f351500,498,595,TIGHT_CROP,VALID
FIG_LEBO101_1_9,lebo101,1,1.9,12,/extracted_figures/lebo101_fig_1_9.png,SOURCE_lebo101_1_1.9,60d6ee343e58f8a134c7af046996c646ea7e70374ae2bb5006412dd8ecb26c25,272,132,TIGHT_CROP,VALID
FIG_LEBO101_P13_1,lebo101,1,1.10),13,/extracted_figures/lebo101_p13_img1.jpeg,SOURCE_lebo101_1_1.10),b4752b92063c5d2f17dbe5d7751e4988b826a347f487eb26e373a1d55e628c0d,956,152,TIGHT_CROP,VALID
FIG_LEBO101_P13_2,lebo101,1,1.11a);,13,/extracted_figures/lebo101_p13_img2.jpeg,SOURCE_lebo101_1_1.11a);,86b7862369629b563c604759cf4e15fd3a9fcbc72b34c35a065cc248bf8b6d3d,357,486,TIGHT_CROP,VALID
FIG_LEBO101_1_11a,lebo101,1,1.11a,13,/extracted_figures/lebo101_fig_1_11a.png,SOURCE_lebo101_1_1.11a,1536414f2838639d6a7598933d01f212a2d832bc7dcfbad75caa622f54efb0bc,568,652,TIGHT_CROP,VALID
FIG_LEBO101_1_10,lebo101,1,1.10,13,/extracted_figures/lebo101_fig_1_10.png,SOURCE_lebo101_1_1.10,87d4b246df9bb82e6e539bafd76dc51c45450b38c9c190b01cbdbd54cc4dcec8,272,379,TIGHT_CROP,VALID
FIG_LEBO101_P14_1,lebo101,1,1.11b),14,/extracted_figures/lebo101_p14_img1.jpeg,SOURCE_lebo101_1_1.11b),75df10e3854074504e252150407684f2d2b37efa60f792f808049dd274de55cf,956,152,TIGHT_CROP,VALID
FIG_LEBO101_P14_2,lebo101,1,1.11,14,/extracted_figures/lebo101_p14_img2.jpeg,SOURCE_lebo101_1_1.11,9cd9549736b9c39fe0d6b4d72035dc8aa693233b054e37c9644d5b837e24e143,330,355,TIGHT_CROP,VALID
FIG_LEBO101_1_11b,lebo101,1,1.11b,14,/extracted_figures/lebo101_fig_1_11b.png,SOURCE_lebo101_1_1.11b,91cccf68547516a0a215768adcfc3faecc2a63d2c0dfa6379beb5a250727e3bc,568,261,TIGHT_CROP,VALID
FIG_LEBO101_1_11,lebo101,1,1.11,14,/extracted_figures/lebo101_fig_1_11.png,SOURCE_lebo101_1_1.11,f97f79e3059bfda0484a68f8ac032c4e8e10a76be0e8d291cc565d290cdb3eef,272,540,TIGHT_CROP,VALID
FIG_LEBO101_P15_1,lebo101,1,on,15,/extracted_figures/lebo101_p15_img1.jpeg,SOURCE_lebo101_1_on,b4752b92063c5d2f17dbe5d7751e4988b826a347f487eb26e373a1d55e628c0d,956,152,TIGHT_CROP,VALID
FIG_LEBO101_P16_1,lebo101,1,1.12a),16,/extracted_figures/lebo101_p16_img1.jpeg,SOURCE_lebo101_1_1.12a),75df10e3854074504e252150407684f2d2b37efa60f792f808049dd274de55cf,956,152,TIGHT_CROP,VALID
FIG_LEBO101_P16_2,lebo101,1,on,16,/extracted_figures/lebo101_p16_img2.jpeg,SOURCE_lebo101_1_on,adc94ba54f197a37c4c6055ee514ad4956f5a6d9f4e74d90717d6070c80f6c1f,111,135,TIGHT_CROP,VALID
FIG_LEBO101_P16_3,lebo101,1,on,16,/extracted_figures/lebo101_p16_img3.jpeg,SOURCE_lebo101_1_on,a72e604683c6b2bf4ccda9706280b06486aae7452357bcd9b19230a1c3e5d5a2,132,197,TIGHT_CROP,VALID
FIG_LEBO101_1_12a,lebo101,1,1.12a,16,/extracted_figures/lebo101_fig_1_12a.png,SOURCE_lebo101_1_1.12a,5673950f11b20275ad4df3744739ec6cb35377531455a17189ea600dd86f2ac2,568,707,TIGHT_CROP,VALID
FIG_LEBO101_1_12,lebo101,1,1.12,16,/extracted_figures/lebo101_fig_1_12.png,SOURCE_lebo101_1_1.12,bde67a33931136649c60dc8b75f5876193d42419e8644ee2fe08cba388e6c61e,498,477,TIGHT_CROP,VALID
FIG_LEBO101_P17_1,lebo101,1,"1.12b,",17,/extracted_figures/lebo101_p17_img1.jpeg,"SOURCE_lebo101_1_1.12b,",b4752b92063c5d2f17dbe5d7751e4988b826a347f487eb26e373a1d55e628c0d,956,152,TIGHT_CROP,VALID
FIG_LEBO101_1_12b,lebo101,1,1.12b,17,/extracted_figures/lebo101_fig_1_12b.png,SOURCE_lebo101_1_1.12b,10d8b581bf488799a18b97fb2d76831233b5b930c513d2b94aca81a965132671,568,301,TIGHT_CROP,VALID
FIG_LEBO101_1_12d,lebo101,1,1.12d,17,/extracted_figures/lebo101_fig_1_12d.png,SOURCE_lebo101_1_1.12d,10d8b581bf488799a18b97fb2d76831233b5b930c513d2b94aca81a965132671,568,301,TIGHT_CROP,VALID
FIG_LEBO101_P18_1,lebo101,1,1.13,18,/extracted_figures/lebo101_p18_img1.jpeg,SOURCE_lebo101_1_1.13,75df10e3854074504e252150407684f2d2b37efa60f792f808049dd274de55cf,956,152,TIGHT_CROP,VALID
FIG_LEBO101_1_13a,lebo101,1,1.13a,18,/extracted_figures/lebo101_fig_1_13a.png,SOURCE_lebo101_1_1.13a,385df5127fdb23380feb001cdae3f76b53d38c6d73913fefe92fc51012870961,568,243,TIGHT_CROP,VALID
FIG_LEBO101_1_13,lebo101,1,1.13,18,/extracted_figures/lebo101_fig_1_13.png,SOURCE_lebo101_1_1.13,d19521cd5ffd1ba29ff4054ab17ad6dcd31652155a3e15d3f3580eae36ece9d3,498,277,TIGHT_CROP,VALID
FIG_LEBO101_P19_1,lebo101,1,1.13,19,/extracted_figures/lebo101_p19_img1.jpeg,SOURCE_lebo101_1_1.13,b4752b92063c5d2f17dbe5d7751e4988b826a347f487eb26e373a1d55e628c0d,956,152,TIGHT_CROP,VALID
FIG_LEBO101_1_14a,lebo101,1,1.14a,19,/extracted_figures/lebo101_fig_1_14a.png,SOURCE_lebo101_1_1.14a,1b285b1be2fce85c9a0cbdf4d220ce2d261a9d7447fc1dd3803e84b86b7227a1,568,707,TIGHT_CROP,VALID
FIG_LEBO101_1_14,lebo101,1,1.14,19,/extracted_figures/lebo101_fig_1_14.png,SOURCE_lebo101_1_1.14,e9e6a340280d08b01d9acff73ca83ca241dfe6ce2b48a39973a276ba14b22898,272,218,TIGHT_CROP,VALID
FIG_LEBO101_P20_1,lebo101,1,1.15a),20,/extracted_figures/lebo101_p20_img1.jpeg,SOURCE_lebo101_1_1.15a),75df10e3854074504e252150407684f2d2b37efa60f792f808049dd274de55cf,956,152,TIGHT_CROP,VALID
FIG_LEBO101_1_15a,lebo101,1,1.15a,20,/extracted_figures/lebo101_fig_1_15a.png,SOURCE_lebo101_1_1.15a,da66bdfd8f8373f8cb6ee4e6574a9d20654b333413ab6f5e8de3b466fedcceb0,499,487,TIGHT_CROP,VALID
FIG_LEBO101_1_15b,lebo101,1,1.15b,20,/extracted_figures/lebo101_fig_1_15b.png,SOURCE_lebo101_1_1.15b,ceadfe3bd1114c4753f89d361d0ef3ff524140c202f5d9eaf6548fda2e9e5a35,568,707,TIGHT_CROP,VALID
FIG_LEBO101_P21_1,lebo101,1,1.15,21,/extracted_figures/lebo101_p21_img1.jpeg,SOURCE_lebo101_1_1.15,b4752b92063c5d2f17dbe5d7751e4988b826a347f487eb26e373a1d55e628c0d,956,152,TIGHT_CROP,VALID
FIG_LEBO101_P21_2,lebo101,1,on,21,/extracted_figures/lebo101_p21_img2.jpeg,SOURCE_lebo101_1_on,893b00133ef9d8998761c3db2c46b9f19e571bc1481bf93ccc9f0ad2901477f4,60,63,TIGHT_CROP,VALID
FIG_LEBO101_P21_3,lebo101,1,on,21,/extracted_figures/lebo101_p21_img3.jpeg,SOURCE_lebo101_1_on,cc27a920a11a997d66d44c829bf991abcb3a5bcf5dcf0cde00d56f0823b14a4e,60,62,TIGHT_CROP,VALID
FIG_LEBO101_1_15,lebo101,1,1.15,21,/extracted_figures/lebo101_fig_1_15.png,SOURCE_lebo101_1_1.15,352b68c0fdbd642118baa8dcb71d21d74df6b0175dd8e4ecdb7af38186b75c05,498,513,TIGHT_CROP,VALID
FIG_LEBO101_P22_1,lebo101,1,on,22,/extracted_figures/lebo101_p22_img1.jpeg,SOURCE_lebo101_1_on,75df10e3854074504e252150407684f2d2b37efa60f792f808049dd274de55cf,956,152,TIGHT_CROP,VALID
FIG_LEBO101_P23_1,lebo101,1,on,23,/extracted_figures/lebo101_p23_img1.jpeg,SOURCE_lebo101_1_on,b4752b92063c5d2f17dbe5d7751e4988b826a347f487eb26e373a1d55e628c0d,956,152,TIGHT_CROP,VALID
FIG_LEBO101_P24_1,lebo101,1,on,24,/extracted_figures/lebo101_p24_img1.jpeg,SOURCE_lebo101_1_on,75df10e3854074504e252150407684f2d2b37efa60f792f808049dd274de55cf,956,152,TIGHT_CROP,VALID
FIG_LEBO101_P25_1,lebo101,1,on,25,/extracted_figures/lebo101_p25_img1.jpeg,SOURCE_lebo101_1_on,b4752b92063c5d2f17dbe5d7751e4988b826a347f487eb26e373a1d55e628c0d,956,152,TIGHT_CROP,VALID
FIG_LEBO102_P1_1,lebo102,2,2.1a),1,/extracted_figures/lebo102_p1_img1.jpeg,SOURCE_lebo102_2_2.1a),b4752b92063c5d2f17dbe5d7751e4988b826a347f487eb26e373a1d55e628c0d,956,152,TIGHT_CROP,VALID
FIG_LEBO102_P1_2,lebo102,2,on,1,/extracted_figures/lebo102_p1_img2.jpeg,SOURCE_lebo102_2_on,1327ec328ceb07036a613b6edd7a87c3bb30c1106ec25e806b3ede921a3946ad,204,219,TIGHT_CROP,VALID
FIG_LEBO102_P2_1,lebo102,2,2.1b),2,/extracted_figures/lebo102_p2_img1.jpeg,SOURCE_lebo102_2_2.1b),b4752b92063c5d2f17dbe5d7751e4988b826a347f487eb26e373a1d55e628c0d,956,152,TIGHT_CROP,VALID
FIG_LEBO102_P2_2,lebo102,2,on,2,/extracted_figures/lebo102_p2_img2.jpeg,SOURCE_lebo102_2_on,0f7b81b2d6f207d240de745639f98d06ddf4b6106863aa60cd6d96256b2912af,94,142,TIGHT_CROP,VALID
FIG_LEBO102_P2_3,lebo102,2,on,2,/extracted_figures/lebo102_p2_img3.jpeg,SOURCE_lebo102_2_on,612e7c38131047895950b58321f62a76a6d784ea775d40cf96017e6ac0a2e426,60,123,TIGHT_CROP,VALID
FIG_LEBO102_2_1b,lebo102,2,2.1b,2,/extracted_figures/lebo102_fig_2_1b.png,SOURCE_lebo102_2_2.1b,5db56e66da1e0f648a0e1755b0316c63ed649cbf21765e90a35c336c4f725301,568,707,TIGHT_CROP,VALID
FIG_LEBO102_2_1,lebo102,2,2.1,2,/extracted_figures/lebo102_fig_2_1.png,SOURCE_lebo102_2_2.1,519afdec8b9890f426c6a10e0c3e8aaf3b3c3927585f8b44ba22a9cca73c58aa,272,250,TIGHT_CROP,VALID
FIG_LEBO102_P3_1,lebo102,2,"2.1a,",3,/extracted_figures/lebo102_p3_img1.jpeg,"SOURCE_lebo102_2_2.1a,",75df10e3854074504e252150407684f2d2b37efa60f792f808049dd274de55cf,956,152,TIGHT_CROP,VALID
FIG_LEBO102_2_1a,lebo102,2,2.1a,3,/extracted_figures/lebo102_fig_2_1a.png,SOURCE_lebo102_2_2.1a,83a6f5cfe4a8eafaa520bff209cef08c58d2100c45e8f373dc3de4675e67ca20,499,487,TIGHT_CROP,VALID
FIG_LEBO102_2_2,lebo102,2,2.2,3,/extracted_figures/lebo102_fig_2_2.png,SOURCE_lebo102_2_2.2,15d6248a2e90205bcdfbc9c9c9c26979de36d004a888c8c7f4ef09e570c286e6,498,321,TIGHT_CROP,VALID
FIG_LEBO102_P4_1,lebo102,2,"2.3b),",4,/extracted_figures/lebo102_p4_img1.jpeg,"SOURCE_lebo102_2_2.3b),",b4752b92063c5d2f17dbe5d7751e4988b826a347f487eb26e373a1d55e628c0d,956,152,TIGHT_CROP,VALID
FIG_LEBO102_P4_2,lebo102,2,on,4,/extracted_figures/lebo102_p4_img2.jpeg,SOURCE_lebo102_2_on,da2cf2163b0dabc74ce6c022f39db61447cee2e9d2263d257bf02875e2f1ab33,186,208,TIGHT_CROP,VALID
FIG_LEBO102_P4_3,lebo102,2,on,4,/extracted_figures/lebo102_p4_img3.jpeg,SOURCE_lebo102_2_on,4d404b0afd4f1386661862480fef5f4f770e8e943f498b1c229e40ead4154002,186,195,TIGHT_CROP,VALID
FIG_LEBO102_2_3,lebo102,2,2.3,4,/extracted_figures/lebo102_fig_2_3.png,SOURCE_lebo102_2_2.3,c964ec4a3e082b94d9caea66f7e7a39471b5685574a1a4e6b8f2232da417d45c,498,303,TIGHT_CROP,VALID
FIG_LEBO102_P5_1,lebo102,2,2.3b),5,/extracted_figures/lebo102_p5_img1.jpeg,SOURCE_lebo102_2_2.3b),75df10e3854074504e252150407684f2d2b37efa60f792f808049dd274de55cf,956,152,TIGHT_CROP,VALID
FIG_LEBO102_2_3b,lebo102,2,2.3b,5,/extracted_figures/lebo102_fig_2_3b.png,SOURCE_lebo102_2_2.3b,83c8eea532796bf82e80fd01ebac10aca288b72e64137588bba8d12acda3c294,568,219,TIGHT_CROP,VALID
FIG_LEBO102_2_3a,lebo102,2,2.3a,5,/extracted_figures/lebo102_fig_2_3a.png,SOURCE_lebo102_2_2.3a,a0b91f914fccfc66329ecc2383aa8fbcc79723bfefedf99836d5c2f1cb97b992,568,401,TIGHT_CROP,VALID
FIG_LEBO102_2_4,lebo102,2,2.4,5,/extracted_figures/lebo102_fig_2_4.png,SOURCE_lebo102_2_2.4,978a5657b9a937d303bf3cccedf8a5720d35d85ade312ff866faabd0511fe4c0,498,274,TIGHT_CROP,VALID
FIG_LEBO102_P6_1,lebo102,2,2.4),6,/extracted_figures/lebo102_p6_img1.jpeg,SOURCE_lebo102_2_2.4),b4752b92063c5d2f17dbe5d7751e4988b826a347f487eb26e373a1d55e628c0d,956,152,TIGHT_CROP,VALID
FIG_LEBO102_2_5,lebo102,2,2.5,6,/extracted_figures/lebo102_fig_2_5.png,SOURCE_lebo102_2_2.5,a0e50e37011462640f5fae701ef3c6d95e060a2cc9c771b8d76f72ea0dfad688,272,354,TIGHT_CROP,VALID
FIG_LEBO102_P7_1,lebo102,2,2.6),7,/extracted_figures/lebo102_p7_img1.jpeg,SOURCE_lebo102_2_2.6),75df10e3854074504e252150407684f2d2b37efa60f792f808049dd274de55cf,956,152,TIGHT_CROP,VALID
FIG_LEBO102_2_8b,lebo102,2,2.8b,7,/extracted_figures/lebo102_fig_2_8b.png,SOURCE_lebo102_2_2.8b,1d2b14db14b3b47161bb9ad64b843ddb6f7836f2a15efbdaf03a2228eca7da6e,568,707,TIGHT_CROP,VALID
FIG_LEBO102_2_6,lebo102,2,2.6,7,/extracted_figures/lebo102_fig_2_6.png,SOURCE_lebo102_2_2.6,e82d663e50baee47bdbc10dc37c6fd009c52d061cdf6115b33f473377d075647,272,328,TIGHT_CROP,VALID
FIG_LEBO102_P8_1,lebo102,2,2.7),8,/extracted_figures/lebo102_p8_img1.jpeg,SOURCE_lebo102_2_2.7),b4752b92063c5d2f17dbe5d7751e4988b826a347f487eb26e373a1d55e628c0d,956,152,TIGHT_CROP,VALID
FIG_LEBO102_P8_2,lebo102,2,2.8),8,/extracted_figures/lebo102_p8_img2.jpeg,SOURCE_lebo102_2_2.8),40acc051cdf31155bdf7bfba3887119abe7b868a4bfa5c51586659b141f67268,378,205,TIGHT_CROP,VALID
FIG_LEBO102_2_7,lebo102,2,2.7,8,/extracted_figures/lebo102_fig_2_7.png,SOURCE_lebo102_2_2.7,9751b1c6209bf85443634d4d1ce89dd4ac2485b255cc9978c4216c3e2ca96c1e,272,244,TIGHT_CROP,VALID
FIG_LEBO102_2_8,lebo102,2,2.8,8,/extracted_figures/lebo102_fig_2_8.png,SOURCE_lebo102_2_2.8,84633cebc39258acba822bd145fe99ab5cb5ccb7b452afe0c90fa892fda955ea,498,254,TIGHT_CROP,VALID
FIG_LEBO102_P9_1,lebo102,2,2.9,9,/extracted_figures/lebo102_p9_img1.jpeg,SOURCE_lebo102_2_2.9,75df10e3854074504e252150407684f2d2b37efa60f792f808049dd274de55cf,956,152,TIGHT_CROP,VALID
FIG_LEBO102_2_9,lebo102,2,2.9,9,/extracted_figures/lebo102_fig_2_9.png,SOURCE_lebo102_2_2.9,f84c075ce40c41e8cd37ac1d99c162686d851b66ab4a5abad412952fd0e1441a,498,458,TIGHT_CROP,VALID
FIG_LEBO102_P10_1,lebo102,2,2.9),10,/extracted_figures/lebo102_p10_img1.jpeg,SOURCE_lebo102_2_2.9),b4752b92063c5d2f17dbe5d7751e4988b826a347f487eb26e373a1d55e628c0d,956,152,TIGHT_CROP,VALID
FIG_LEBO102_P10_2,lebo102,2,2.11b),10,/extracted_figures/lebo102_p10_img2.jpeg,SOURCE_lebo102_2_2.11b),38707bb088775ce4e657c6c18695ff7fa8d615412e696e5d0ee51740dbfc6e7e,142,138,TIGHT_CROP,VALID
FIG_LEBO102_P10_3,lebo102,2,2.10),10,/extracted_figures/lebo102_p10_img3.jpeg,SOURCE_lebo102_2_2.10),448ca4c72ed857eb4ea4a008ab06c96fd2aeecc2c3ff19e58db16728d4ea8174,98,98,TIGHT_CROP,VALID
FIG_LEBO102_2_11b,lebo102,2,2.11b,10,/extracted_figures/lebo102_fig_2_11b.png,SOURCE_lebo102_2_2.11b,23b9fa85015ba2295dd0ca950a412827ccf725f976144928923671f883f68190,568,632,TIGHT_CROP,VALID
FIG_LEBO102_2_10,lebo102,2,2.10,10,/extracted_figures/lebo102_fig_2_10.png,SOURCE_lebo102_2_2.10,2e61f7e2fd957ef277b30ae54e86e04b54034e82171547490602dd35b6d59b41,568,707,TIGHT_CROP,VALID
FIG_LEBO102_P11_1,lebo102,2,2.11,11,/extracted_figures/lebo102_p11_img1.jpeg,SOURCE_lebo102_2_2.11,75df10e3854074504e252150407684f2d2b37efa60f792f808049dd274de55cf,956,152,TIGHT_CROP,VALID
FIG_LEBO102_2_11,lebo102,2,2.11,11,/extracted_figures/lebo102_fig_2_11.png,SOURCE_lebo102_2_2.11,040640c2a408ac0d81b62d968144cdbd2f4c168bf56b4b46a1819536b3110420,498,343,TIGHT_CROP,VALID
FIG_LEBO102_P12_1,lebo102,2,2.11e),12,/extracted_figures/lebo102_p12_img1.jpeg,SOURCE_lebo102_2_2.11e),b4752b92063c5d2f17dbe5d7751e4988b826a347f487eb26e373a1d55e628c0d,956,152,TIGHT_CROP,VALID
FIG_LEBO102_2_11e,lebo102,2,2.11e,12,/extracted_figures/lebo102_fig_2_11e.png,SOURCE_lebo102_2_2.11e,4190cfa48bd7101362f9bf24fe9695e8ab1a7ee9c24337d4274893019bb5b14a,568,191,TIGHT_CROP,VALID
FIG_LEBO102_2_11g,lebo102,2,2.11g,12,/extracted_figures/lebo102_fig_2_11g.png,SOURCE_lebo102_2_2.11g,4190cfa48bd7101362f9bf24fe9695e8ab1a7ee9c24337d4274893019bb5b14a,568,191,TIGHT_CROP,VALID
FIG_LEBO102_2_12,lebo102,2,2.12,12,/extracted_figures/lebo102_fig_2_12.png,SOURCE_lebo102_2_2.12,71a47a886e348e3c753348dbd6670858cf4fad17293155295a2ae60f7206ec8a,568,707,TIGHT_CROP,VALID
FIG_LEBO102_P13_1,lebo102,2,on,13,/extracted_figures/lebo102_p13_img1.jpeg,SOURCE_lebo102_2_on,75df10e3854074504e252150407684f2d2b37efa60f792f808049dd274de55cf,956,152,TIGHT_CROP,VALID
FIG_LEBO102_P14_1,lebo102,2,on,14,/extracted_figures/lebo102_p14_img1.jpeg,SOURCE_lebo102_2_on,b4752b92063c5d2f17dbe5d7751e4988b826a347f487eb26e373a1d55e628c0d,956,152,TIGHT_CROP,VALID
FIG_LEBO102_P15_1,lebo102,2,on,15,/extracted_figures/lebo102_p15_img1.jpeg,SOURCE_lebo102_2_on,75df10e3854074504e252150407684f2d2b37efa60f792f808049dd274de55cf,956,152,TIGHT_CROP,VALID
FIG_LEBO103_P1_1,lebo103,3,on,1,/extracted_figures/lebo103_p1_img1.jpeg,SOURCE_lebo103_3_on,b4752b92063c5d2f17dbe5d7751e4988b826a347f487eb26e373a1d55e628c0d,956,152,TIGHT_CROP,VALID
FIG_LEBO103_P1_2,lebo103,3,on,1,/extracted_figures/lebo103_p1_img2.jpeg,SOURCE_lebo103_3_on,73d11001d2f5629b35164e3694fcc6755f9ddf54e94459f512b41f6a09d2c0a5,205,204,TIGHT_CROP,VALID
FIG_LEBO103_P2_1,lebo103,3,on,2,/extracted_figures/lebo103_p2_img1.jpeg,SOURCE_lebo103_3_on,75df10e3854074504e252150407684f2d2b37efa60f792f808049dd274de55cf,956,152,TIGHT_CROP,VALID
FIG_LEBO103_P3_1,lebo103,3,on,3,/extracted_figures/lebo103_p3_img1.jpeg,SOURCE_lebo103_3_on,b4752b92063c5d2f17dbe5d7751e4988b826a347f487eb26e373a1d55e628c0d,956,152,TIGHT_CROP,VALID
FIG_LEBO103_P4_1,lebo103,3,3.2,4,/extracted_figures/lebo103_p4_img1.jpeg,SOURCE_lebo103_3_3.2,75df10e3854074504e252150407684f2d2b37efa60f792f808049dd274de55cf,956,152,TIGHT_CROP,VALID
FIG_LEBO103_P4_2,lebo103,3,3.1,4,/extracted_figures/lebo103_p4_img2.jpeg,SOURCE_lebo103_3_3.1,9138efe0f64823ec996de385888acff4838014c5676411d708939891ab76a6a4,264,312,TIGHT_CROP,VALID
FIG_LEBO103_P4_3,lebo103,3,3.2),4,/extracted_figures/lebo103_p4_img3.jpeg,SOURCE_lebo103_3_3.2),f6dd13e73bc3e6ab091e2f811a723370cfdaf51d4d82571ac1a66ae0717914d8,264,135,TIGHT_CROP,VALID
FIG_LEBO103_3_2,lebo103,3,3.2,4,/extracted_figures/lebo103_fig_3_2.png,SOURCE_lebo103_3_3.2,aa56e842c218bbb1ea3a6d14f57feeb69239a14392709a6de08176610688ec52,272,266,TIGHT_CROP,VALID
FIG_LEBO103_3_1,lebo103,3,3.1,4,/extracted_figures/lebo103_fig_3_1.png,SOURCE_lebo103_3_3.1,31e9f6d9e6f887cf42824a6ea6ae53341c26829477d4794956904c3b59ad5df4,272,73,TIGHT_CROP,VALID
FIG_LEBO103_P5_1,lebo103,3,3.3),5,/extracted_figures/lebo103_p5_img1.jpeg,SOURCE_lebo103_3_3.3),b4752b92063c5d2f17dbe5d7751e4988b826a347f487eb26e373a1d55e628c0d,956,152,TIGHT_CROP,VALID
FIG_LEBO103_P5_2,lebo103,3,on,5,/extracted_figures/lebo103_p5_img2.jpeg,SOURCE_lebo103_3_on,a89494b64f0bc4a0eb92e8a5e87291ec0ed6bf98f31343016a50c4d842c3d1e9,265,193,TIGHT_CROP,VALID
FIG_LEBO103_3_3,lebo103,3,3.3,5,/extracted_figures/lebo103_fig_3_3.png,SOURCE_lebo103_3_3.3,bc9069d99c8c6f2c2a963ba199d60357b2a54879b7f63cfb889f6daf109e2313,272,81,TIGHT_CROP,VALID
FIG_LEBO103_3_4,lebo103,3,3.4,5,/extracted_figures/lebo103_fig_3_4.png,SOURCE_lebo103_3_3.4,36ebe04a68ac608792bf9320574ab4acce82cd347026e30d5d0f93f2b2f57b84,498,244,TIGHT_CROP,VALID
FIG_LEBO103_P6_1,lebo103,3,3.4a),6,/extracted_figures/lebo103_p6_img1.jpeg,SOURCE_lebo103_3_3.4a),75df10e3854074504e252150407684f2d2b37efa60f792f808049dd274de55cf,956,152,TIGHT_CROP,VALID
FIG_LEBO103_3_4a,lebo103,3,3.4a,6,/extracted_figures/lebo103_fig_3_4a.png,SOURCE_lebo103_3_3.4a,562367ca5f0c0c157364925796c443604864bd93c79286adf1e901596a8784c1,568,162,TIGHT_CROP,VALID
FIG_LEBO103_3_4b,lebo103,3,3.4b,6,/extracted_figures/lebo103_fig_3_4b.png,SOURCE_lebo103_3_3.4b,562367ca5f0c0c157364925796c443604864bd93c79286adf1e901596a8784c1,568,162,TIGHT_CROP,VALID
FIG_LEBO103_P7_1,lebo103,3,on,7,/extracted_figures/lebo103_p7_img1.jpeg,SOURCE_lebo103_3_on,b4752b92063c5d2f17dbe5d7751e4988b826a347f487eb26e373a1d55e628c0d,956,152,TIGHT_CROP,VALID
FIG_LEBO103_P8_1,lebo103,3,on,8,/extracted_figures/lebo103_p8_img1.jpeg,SOURCE_lebo103_3_on,75df10e3854074504e252150407684f2d2b37efa60f792f808049dd274de55cf,956,152,TIGHT_CROP,VALID
FIG_LEBO103_P9_1,lebo103,3,on,9,/extracted_figures/lebo103_p9_img1.jpeg,SOURCE_lebo103_3_on,b4752b92063c5d2f17dbe5d7751e4988b826a347f487eb26e373a1d55e628c0d,956,152,TIGHT_CROP,VALID
FIG_LEBO103_P10_1,lebo103,3,on,10,/extracted_figures/lebo103_p10_img1.jpeg,SOURCE_lebo103_3_on,75df10e3854074504e252150407684f2d2b37efa60f792f808049dd274de55cf,956,152,TIGHT_CROP,VALID
FIG_LEBO104_P1_1,lebo104,4,on,1,/extracted_figures/lebo104_p1_img1.jpeg,SOURCE_lebo104_4_on,f044e04b163d7e07a8f4fbcaf2b6a73513d0d76f1f1a46fd544dac1eb7309f83,962,1282,TIGHT_CROP,VALID
FIG_LEBO104_P2_2,lebo104,4,on,2,/extracted_figures/lebo104_p2_img2.jpeg,SOURCE_lebo104_4_on,91e01e1073c9856e74ae7b27fffc71c05c42d3318cdc2d16f53b29d0bbd04815,282,187,TIGHT_CROP,VALID
FIG_LEBO104_P3_1,lebo104,4,on,3,/extracted_figures/lebo104_p3_img1.jpeg,SOURCE_lebo104_4_on,b4752b92063c5d2f17dbe5d7751e4988b826a347f487eb26e373a1d55e628c0d,956,152,TIGHT_CROP,VALID
FIG_LEBO104_P3_2,lebo104,4,on,3,/extracted_figures/lebo104_p3_img2.jpeg,SOURCE_lebo104_4_on,cc9ffabad7c83130e9e156194a1cd32c885d6d87e2237b13ba604050a597349e,233,238,TIGHT_CROP,VALID
FIG_LEBO104_P4_1,lebo104,4,"4.1,",4,/extracted_figures/lebo104_p4_img1.jpeg,"SOURCE_lebo104_4_4.1,",75df10e3854074504e252150407684f2d2b37efa60f792f808049dd274de55cf,956,152,TIGHT_CROP,VALID
FIG_LEBO104_4_1,lebo104,4,4.1,4,/extracted_figures/lebo104_fig_4_1.png,SOURCE_lebo104_4_4.1,2adde33b6529757214f7ae07b627d0a74a4c6ebcb509f6164da18fec1c4ea5e1,272,551,TIGHT_CROP,VALID
FIG_LEBO104_P5_1,lebo104,4,4.2),5,/extracted_figures/lebo104_p5_img1.jpeg,SOURCE_lebo104_4_4.2),b4752b92063c5d2f17dbe5d7751e4988b826a347f487eb26e373a1d55e628c0d,956,152,TIGHT_CROP,VALID
FIG_LEBO104_4_2,lebo104,4,4.2,5,/extracted_figures/lebo104_fig_4_2.png,SOURCE_lebo104_4_4.2,4a2942357f9a63b029775ad8d661410aac689644dc51ea03b6a4a028eb58ed75,272,528,TIGHT_CROP,VALID
FIG_LEBO104_P6_1,lebo104,4,4.3,6,/extracted_figures/lebo104_p6_img1.jpeg,SOURCE_lebo104_4_4.3,75df10e3854074504e252150407684f2d2b37efa60f792f808049dd274de55cf,956,152,TIGHT_CROP,VALID
FIG_LEBO104_4_3,lebo104,4,4.3,6,/extracted_figures/lebo104_fig_4_3.png,SOURCE_lebo104_4_4.3,9f509b6c2ea41827cb7eb3f1094ffe48a3c32dd038473949cb0fc765545d5def,272,419,TIGHT_CROP,VALID
FIG_LEBO104_P7_1,lebo104,4,4.4,7,/extracted_figures/lebo104_p7_img1.jpeg,SOURCE_lebo104_4_4.4,b4752b92063c5d2f17dbe5d7751e4988b826a347f487eb26e373a1d55e628c0d,956,152,TIGHT_CROP,VALID
FIG_LEBO104_4_4,lebo104,4,4.4,7,/extracted_figures/lebo104_fig_4_4.png,SOURCE_lebo104_4_4.4,37ec0d095d9fea486f955ac60bf291e9586dc27d1b82a7c5701f35284431bd57,272,241,TIGHT_CROP,VALID
FIG_LEBO104_P8_1,lebo104,4,4.5,8,/extracted_figures/lebo104_p8_img1.jpeg,SOURCE_lebo104_4_4.5,75df10e3854074504e252150407684f2d2b37efa60f792f808049dd274de55cf,956,152,TIGHT_CROP,VALID
FIG_LEBO104_P9_1,lebo104,4,4.5,9,/extracted_figures/lebo104_p9_img1.jpeg,SOURCE_lebo104_4_4.5,b4752b92063c5d2f17dbe5d7751e4988b826a347f487eb26e373a1d55e628c0d,956,152,TIGHT_CROP,VALID
FIG_LEBO104_4_5,lebo104,4,4.5,9,/extracted_figures/lebo104_fig_4_5.png,SOURCE_lebo104_4_4.5,0269091ced19391c9ebb33d244c8c1a8c071f1d4c4cec15d7023204335f9139b,498,298,TIGHT_CROP,VALID
FIG_LEBO104_P10_1,lebo104,4,4.6),10,/extracted_figures/lebo104_p10_img1.jpeg,SOURCE_lebo104_4_4.6),75df10e3854074504e252150407684f2d2b37efa60f792f808049dd274de55cf,956,152,TIGHT_CROP,VALID
FIG_LEBO104_P10_2,lebo104,4,4.6,10,/extracted_figures/lebo104_p10_img2.jpeg,SOURCE_lebo104_4_4.6,a8a46a9bf57ed419d5f269e09748a220dcfcdf4e800b6071225124629ec66af7,243,177,TIGHT_CROP,VALID
FIG_LEBO104_4_6,lebo104,4,4.6,10,/extracted_figures/lebo104_fig_4_6.png,SOURCE_lebo104_4_4.6,e3022691e219992079cc1dd9e7e1e87befe952347361c0597c457991dec9b700,272,563,TIGHT_CROP,VALID
FIG_LEBO104_P11_1,lebo104,4,on,11,/extracted_figures/lebo104_p11_img1.jpeg,SOURCE_lebo104_4_on,b4752b92063c5d2f17dbe5d7751e4988b826a347f487eb26e373a1d55e628c0d,956,152,TIGHT_CROP,VALID
FIG_LEBO104_P12_1,lebo104,4,4.7),12,/extracted_figures/lebo104_p12_img1.jpeg,SOURCE_lebo104_4_4.7),75df10e3854074504e252150407684f2d2b37efa60f792f808049dd274de55cf,956,152,TIGHT_CROP,VALID
FIG_LEBO104_P13_1,lebo104,4,4.7,13,/extracted_figures/lebo104_p13_img1.jpeg,SOURCE_lebo104_4_4.7,b4752b92063c5d2f17dbe5d7751e4988b826a347f487eb26e373a1d55e628c0d,956,152,TIGHT_CROP,VALID
FIG_LEBO104_4_7,lebo104,4,4.7,13,/extracted_figures/lebo104_fig_4_7.png,SOURCE_lebo104_4_4.7,ee7b2abaa24a49b97e15a7a547d2e4d7a533710dc7ef0a086686c769421d28e4,498,648,TIGHT_CROP,VALID
FIG_LEBO104_P14_1,lebo104,4,"4.7),",14,/extracted_figures/lebo104_p14_img1.jpeg,"SOURCE_lebo104_4_4.7),",75df10e3854074504e252150407684f2d2b37efa60f792f808049dd274de55cf,956,152,TIGHT_CROP,VALID
FIG_LEBO104_P15_1,lebo104,4,4.8),15,/extracted_figures/lebo104_p15_img1.jpeg,SOURCE_lebo104_4_4.8),b4752b92063c5d2f17dbe5d7751e4988b826a347f487eb26e373a1d55e628c0d,956,152,TIGHT_CROP,VALID
FIG_LEBO104_4_8,lebo104,4,4.8,15,/extracted_figures/lebo104_fig_4_8.png,SOURCE_lebo104_4_4.8,f7d17d4e08cfa6606ef018f68eb8307c179651b8c87be6f6502d7b06d1c46794,498,223,TIGHT_CROP,VALID
FIG_LEBO104_P16_1,lebo104,4,4.9,16,/extracted_figures/lebo104_p16_img1.jpeg,SOURCE_lebo104_4_4.9,75df10e3854074504e252150407684f2d2b37efa60f792f808049dd274de55cf,956,152,TIGHT_CROP,VALID
FIG_LEBO104_4_9,lebo104,4,4.9,16,/extracted_figures/lebo104_fig_4_9.png,SOURCE_lebo104_4_4.9,d85cc1683d32ed278b3b0159933c3ca8b3a573fb170f4cd914872bf3bbd7fffb,272,298,TIGHT_CROP,VALID
FIG_LEBO104_P17_1,lebo104,4,4.10,17,/extracted_figures/lebo104_p17_img1.jpeg,SOURCE_lebo104_4_4.10,b4752b92063c5d2f17dbe5d7751e4988b826a347f487eb26e373a1d55e628c0d,956,152,TIGHT_CROP,VALID
FIG_LEBO104_4_10,lebo104,4,4.10,17,/extracted_figures/lebo104_fig_4_10.png,SOURCE_lebo104_4_4.10,db5efc16816bee979c6ca0902e80dc66544c6b778f73cb796efd3d49aa9bcb31,272,61,TIGHT_CROP,VALID
FIG_LEBO104_P18_1,lebo104,4,4.11,18,/extracted_figures/lebo104_p18_img1.jpeg,SOURCE_lebo104_4_4.11,75df10e3854074504e252150407684f2d2b37efa60f792f808049dd274de55cf,956,152,TIGHT_CROP,VALID
FIG_LEBO104_4_11,lebo104,4,4.11,18,/extracted_figures/lebo104_fig_4_11.png,SOURCE_lebo104_4_4.11,916976b00a1cec188335fbe5bf42d61a6b7996fe7d560b1f1130ddeb26738d19,498,545,TIGHT_CROP,VALID
FIG_LEBO104_P19_1,lebo104,4,on,19,/extracted_figures/lebo104_p19_img1.jpeg,SOURCE_lebo104_4_on,b4752b92063c5d2f17dbe5d7751e4988b826a347f487eb26e373a1d55e628c0d,956,152,TIGHT_CROP,VALID
FIG_LEBO104_P20_1,lebo104,4,4.12,20,/extracted_figures/lebo104_p20_img1.jpeg,SOURCE_lebo104_4_4.12,75df10e3854074504e252150407684f2d2b37efa60f792f808049dd274de55cf,956,152,TIGHT_CROP,VALID
FIG_LEBO104_4_12,lebo104,4,4.12,20,/extracted_figures/lebo104_fig_4_12.png,SOURCE_lebo104_4_4.12,8a3bd456ed4138c9f1ee13d5b23585153c5689992c25fb09b48fb5b700c0631c,272,391,TIGHT_CROP,VALID
FIG_LEBO104_P21_1,lebo104,4,"4.13),",21,/extracted_figures/lebo104_p21_img1.jpeg,"SOURCE_lebo104_4_4.13),",b4752b92063c5d2f17dbe5d7751e4988b826a347f487eb26e373a1d55e628c0d,956,152,TIGHT_CROP,VALID
FIG_LEBO104_P22_1,lebo104,4,4.13,22,/extracted_figures/lebo104_p22_img1.jpeg,SOURCE_lebo104_4_4.13,75df10e3854074504e252150407684f2d2b37efa60f792f808049dd274de55cf,956,152,TIGHT_CROP,VALID
FIG_LEBO104_4_13,lebo104,4,4.13,22,/extracted_figures/lebo104_fig_4_13.png,SOURCE_lebo104_4_4.13,c3036f332b497358017af04d2b014c0c569acb22e16d1540c2d099e334caed95,272,163,TIGHT_CROP,VALID
FIG_LEBO104_P23_1,lebo104,4,4.14,23,/extracted_figures/lebo104_p23_img1.jpeg,SOURCE_lebo104_4_4.14,b4752b92063c5d2f17dbe5d7751e4988b826a347f487eb26e373a1d55e628c0d,956,152,TIGHT_CROP,VALID
FIG_LEBO104_4_14,lebo104,4,4.14,23,/extracted_figures/lebo104_fig_4_14.png,SOURCE_lebo104_4_4.14,37a2f840a8675ab8458413e7bc8b6a7774ac49f5479e53bf23a52fc57c39e879,498,185,TIGHT_CROP,VALID
FIG_LEBO104_P24_1,lebo104,4,4.15),24,/extracted_figures/lebo104_p24_img1.jpeg,SOURCE_lebo104_4_4.15),75df10e3854074504e252150407684f2d2b37efa60f792f808049dd274de55cf,956,152,TIGHT_CROP,VALID
FIG_LEBO104_P24_2,lebo104,4,4.15,24,/extracted_figures/lebo104_p24_img2.jpeg,SOURCE_lebo104_4_4.15,49bfce2cfb72c31c1c42a0caa31d65357d3e0e615d1d97871301a2c520a2787b,115,74,TIGHT_CROP,VALID
FIG_LEBO104_P24_3,lebo104,4,on,24,/extracted_figures/lebo104_p24_img3.jpeg,SOURCE_lebo104_4_on,478e562f2e3765234c58b049fc1218c8282c30e4cf4f671a248abbae88354d19,113,74,TIGHT_CROP,VALID
FIG_LEBO104_4_15,lebo104,4,4.15,24,/extracted_figures/lebo104_fig_4_15.png,SOURCE_lebo104_4_4.15,b5ed416da2244657a19f3f9a19cbbf59514982f0b6c25278da415a53ad360c3d,498,281,TIGHT_CROP,VALID
FIG_LEBO104_P25_1,lebo104,4,4.15),25,/extracted_figures/lebo104_p25_img1.jpeg,SOURCE_lebo104_4_4.15),b4752b92063c5d2f17dbe5d7751e4988b826a347f487eb26e373a1d55e628c0d,956,152,TIGHT_CROP,VALID
FIG_LEBO104_P26_1,lebo104,4,4.16),26,/extracted_figures/lebo104_p26_img1.jpeg,SOURCE_lebo104_4_4.16),75df10e3854074504e252150407684f2d2b37efa60f792f808049dd274de55cf,956,152,TIGHT_CROP,VALID
FIG_LEBO104_P26_2,lebo104,4,4.17,26,/extracted_figures/lebo104_p26_img2.jpeg,SOURCE_lebo104_4_4.17,ea2c25aa425072b8aed4f7631bebcc9910f85ad4a1af210f4ef5602231812ade,587,251,TIGHT_CROP,VALID
FIG_LEBO104_4_16,lebo104,4,4.16,26,/extracted_figures/lebo104_fig_4_16.png,SOURCE_lebo104_4_4.16,efb0aa1127ce4612c59537fcb72896b1ffadac5a71e0e47ffa7918cca81ffef5,498,219,TIGHT_CROP,VALID
FIG_LEBO104_4_17,lebo104,4,4.17,26,/extracted_figures/lebo104_fig_4_17.png,SOURCE_lebo104_4_4.17,8c672e3a79aad2728503fe45d2a2f7f0faa91f25a8a0d9a66fbf36dc2eca2e34,272,99,TIGHT_CROP,VALID
FIG_LEBO104_P27_1,lebo104,4,on,27,/extracted_figures/lebo104_p27_img1.jpeg,SOURCE_lebo104_4_on,b4752b92063c5d2f17dbe5d7751e4988b826a347f487eb26e373a1d55e628c0d,956,152,TIGHT_CROP,VALID
FIG_LEBO104_P28_1,lebo104,4,on,28,/extracted_figures/lebo104_p28_img1.jpeg,SOURCE_lebo104_4_on,75df10e3854074504e252150407684f2d2b37efa60f792f808049dd274de55cf,956,152,TIGHT_CROP,VALID
FIG_LEBO105_P1_1,lebo105,5,on,1,/extracted_figures/lebo105_p1_img1.jpeg,SOURCE_lebo105_5_on,b4752b92063c5d2f17dbe5d7751e4988b826a347f487eb26e373a1d55e628c0d,956,152,TIGHT_CROP,VALID
FIG_LEBO105_P1_2,lebo105,5,on,1,/extracted_figures/lebo105_p1_img2.jpeg,SOURCE_lebo105_5_on,8658ba1e42aed949f4d897d105ff1fa00914d4edf80b2b5507c16681c7fd9dc0,228,243,TIGHT_CROP,VALID
FIG_LEBO105_P2_1,lebo105,5,5.1,2,/extracted_figures/lebo105_p2_img1.jpeg,SOURCE_lebo105_5_5.1,75df10e3854074504e252150407684f2d2b37efa60f792f808049dd274de55cf,956,152,TIGHT_CROP,VALID
FIG_LEBO105_5_1,lebo105,5,5.1,2,/extracted_figures/lebo105_fig_5_1.png,SOURCE_lebo105_5_5.1,07d778db90e23ce9f557655df005b3cda7512e773362c564cea624687231eee8,272,137,TIGHT_CROP,VALID
FIG_LEBO105_P3_1,lebo105,5,5.2),3,/extracted_figures/lebo105_p3_img1.jpeg,SOURCE_lebo105_5_5.2),b4752b92063c5d2f17dbe5d7751e4988b826a347f487eb26e373a1d55e628c0d,956,152,TIGHT_CROP,VALID
FIG_LEBO105_P4_1,lebo105,5,5.2,4,/extracted_figures/lebo105_p4_img1.jpeg,SOURCE_lebo105_5_5.2,75df10e3854074504e252150407684f2d2b37efa60f792f808049dd274de55cf,956,152,TIGHT_CROP,VALID
FIG_LEBO105_5_2,lebo105,5,5.2,4,/extracted_figures/lebo105_fig_5_2.png,SOURCE_lebo105_5_5.2,3f06d68476552b57d4b6f4a2980aa32cc4c494bf92330128d8718fe0d61075f5,498,257,TIGHT_CROP,VALID
FIG_LEBO105_5_3,lebo105,5,5.3,4,/extracted_figures/lebo105_fig_5_3.png,SOURCE_lebo105_5_5.3,9904dee437f35ffc608ca2d0726a8cbbc28323b41954e88bda016aa7a30eaaec,272,561,TIGHT_CROP,VALID
FIG_LEBO105_P5_1,lebo105,5,5.4b,5,/extracted_figures/lebo105_p5_img1.jpeg,SOURCE_lebo105_5_5.4b,b4752b92063c5d2f17dbe5d7751e4988b826a347f487eb26e373a1d55e628c0d,956,152,TIGHT_CROP,VALID
FIG_LEBO105_P5_2,lebo105,5,5.4,5,/extracted_figures/lebo105_p5_img2.jpeg,SOURCE_lebo105_5_5.4,dee5d60218a2cc80136e540cd4afe49bb53acf5ca21b45f669d95c05b8904691,210,82,TIGHT_CROP,VALID
FIG_LEBO105_P5_3,lebo105,5,5.4,5,/extracted_figures/lebo105_p5_img3.jpeg,SOURCE_lebo105_5_5.4,6bc6185be0d589c9907fcc4522c3b838b63d85f47c0e0e9e9bd6ae5201e6c948,192,75,TIGHT_CROP,VALID
FIG_LEBO105_5_4a,lebo105,5,5.4a,5,/extracted_figures/lebo105_fig_5_4a.png,SOURCE_lebo105_5_5.4a,4a65af2d2629c4d2a096d94f799fa585d2d31707b3d4bb2792bed2615aa91633,272,196,TIGHT_CROP,VALID
FIG_LEBO105_5_4b,lebo105,5,5.4b,5,/extracted_figures/lebo105_fig_5_4b.png,SOURCE_lebo105_5_5.4b,c9f2e1b0a0108b160f304d20c1bb09638eb7fced50af9f7e8d9c60eed0b0d76b,272,103,TIGHT_CROP,VALID
FIG_LEBO105_5_4,lebo105,5,5.4,5,/extracted_figures/lebo105_fig_5_4.png,SOURCE_lebo105_5_5.4,8e98cb832798938e1156e39ea71ce7a59f3ef3b45ac6b5da1a468372c7d81497,499,493,TIGHT_CROP,VALID
FIG_LEBO105_P6_1,lebo105,5,on,6,/extracted_figures/lebo105_p6_img1.jpeg,SOURCE_lebo105_5_on,75df10e3854074504e252150407684f2d2b37efa60f792f808049dd274de55cf,956,152,TIGHT_CROP,VALID
FIG_LEBO105_P7_1,lebo105,5,on,7,/extracted_figures/lebo105_p7_img1.jpeg,SOURCE_lebo105_5_on,b4752b92063c5d2f17dbe5d7751e4988b826a347f487eb26e373a1d55e628c0d,956,152,TIGHT_CROP,VALID
FIG_LEBO105_P8_1,lebo105,5,5.5),8,/extracted_figures/lebo105_p8_img1.jpeg,SOURCE_lebo105_5_5.5),75df10e3854074504e252150407684f2d2b37efa60f792f808049dd274de55cf,956,152,TIGHT_CROP,VALID
FIG_LEBO105_5_5,lebo105,5,5.5,8,/extracted_figures/lebo105_fig_5_5.png,SOURCE_lebo105_5_5.5,d8674ca659f5d09c0a5e0edfc19740c6e580b3708d5f7a100def1c618dfcbe3a,272,389,TIGHT_CROP,VALID
FIG_LEBO105_P9_1,lebo105,5,on,9,/extracted_figures/lebo105_p9_img1.jpeg,SOURCE_lebo105_5_on,b4752b92063c5d2f17dbe5d7751e4988b826a347f487eb26e373a1d55e628c0d,956,152,TIGHT_CROP,VALID
FIG_LEBO105_P10_1,lebo105,5,5.6),10,/extracted_figures/lebo105_p10_img1.jpeg,SOURCE_lebo105_5_5.6),75df10e3854074504e252150407684f2d2b37efa60f792f808049dd274de55cf,956,152,TIGHT_CROP,VALID
FIG_LEBO105_5_6,lebo105,5,5.6,10,/extracted_figures/lebo105_fig_5_6.png,SOURCE_lebo105_5_5.6,3d68e0fc66dabe8726cab5e26cfa00c3014fabd818128eca2d8e8afe26e0d6b3,272,50,TIGHT_CROP,VALID
FIG_LEBO105_P11_1,lebo105,5,5.7),11,/extracted_figures/lebo105_p11_img1.jpeg,SOURCE_lebo105_5_5.7),b4752b92063c5d2f17dbe5d7751e4988b826a347f487eb26e373a1d55e628c0d,956,152,TIGHT_CROP,VALID
FIG_LEBO105_5_7,lebo105,5,5.7,11,/extracted_figures/lebo105_fig_5_7.png,SOURCE_lebo105_5_5.7,834d8538a72b8b86458c2ec04286c9366eaf40ec67e3bd1f3b6cfc484a94e5c6,498,270,TIGHT_CROP,VALID
FIG_LEBO105_P12_1,lebo105,5,5.8),12,/extracted_figures/lebo105_p12_img1.jpeg,SOURCE_lebo105_5_5.8),75df10e3854074504e252150407684f2d2b37efa60f792f808049dd274de55cf,956,152,TIGHT_CROP,VALID
FIG_LEBO105_P13_1,lebo105,5,on,13,/extracted_figures/lebo105_p13_img1.jpeg,SOURCE_lebo105_5_on,b4752b92063c5d2f17dbe5d7751e4988b826a347f487eb26e373a1d55e628c0d,956,152,TIGHT_CROP,VALID
FIG_LEBO105_5_8,lebo105,5,5.8,13,/extracted_figures/lebo105_fig_5_8.png,SOURCE_lebo105_5_5.8,270cd3760e37de0b0cb277b83100215d8833faf254626cad75a305adab2ce893,272,56,TIGHT_CROP,VALID
FIG_LEBO105_P14_1,lebo105,5,5.9,14,/extracted_figures/lebo105_p14_img1.jpeg,SOURCE_lebo105_5_5.9,75df10e3854074504e252150407684f2d2b37efa60f792f808049dd274de55cf,956,152,TIGHT_CROP,VALID
FIG_LEBO105_5_9,lebo105,5,5.9,14,/extracted_figures/lebo105_fig_5_9.png,SOURCE_lebo105_5_5.9,823028a4f334d33267e2420300c747460149a1506bb79238a7c19a46bf5f42a8,498,158,TIGHT_CROP,VALID
FIG_LEBO105_P15_1,lebo105,5,on,15,/extracted_figures/lebo105_p15_img1.jpeg,SOURCE_lebo105_5_on,b4752b92063c5d2f17dbe5d7751e4988b826a347f487eb26e373a1d55e628c0d,956,152,TIGHT_CROP,VALID
FIG_LEBO105_5_10,lebo105,5,5.10,15,/extracted_figures/lebo105_fig_5_10.png,SOURCE_lebo105_5_5.10,ade120e77b8498c6fde9ba999096fdea694afa6ec51889011dfa65b9ed51d16e,272,260,TIGHT_CROP,VALID
FIG_LEBO105_P16_1,lebo105,5,5.10),16,/extracted_figures/lebo105_p16_img1.jpeg,SOURCE_lebo105_5_5.10),75df10e3854074504e252150407684f2d2b37efa60f792f808049dd274de55cf,956,152,TIGHT_CROP,VALID
FIG_LEBO105_5_11,lebo105,5,5.11,16,/extracted_figures/lebo105_fig_5_11.png,SOURCE_lebo105_5_5.11,f33f2a34ef1599e9a328e21c53c8891a4f325c02cae729d696024289a6d55d12,272,303,TIGHT_CROP,VALID
FIG_LEBO105_P17_1,lebo105,5,on,17,/extracted_figures/lebo105_p17_img1.jpeg,SOURCE_lebo105_5_on,b4752b92063c5d2f17dbe5d7751e4988b826a347f487eb26e373a1d55e628c0d,956,152,TIGHT_CROP,VALID
FIG_LEBO105_P18_1,lebo105,5,on,18,/extracted_figures/lebo105_p18_img1.jpeg,SOURCE_lebo105_5_on,75df10e3854074504e252150407684f2d2b37efa60f792f808049dd274de55cf,956,152,TIGHT_CROP,VALID
FIG_LEBO105_P19_1,lebo105,5,on,19,/extracted_figures/lebo105_p19_img1.jpeg,SOURCE_lebo105_5_on,b4752b92063c5d2f17dbe5d7751e4988b826a347f487eb26e373a1d55e628c0d,956,152,TIGHT_CROP,VALID
FIG_LEBO105_P20_1,lebo105,5,5.12),20,/extracted_figures/lebo105_p20_img1.jpeg,SOURCE_lebo105_5_5.12),75df10e3854074504e252150407684f2d2b37efa60f792f808049dd274de55cf,956,152,TIGHT_CROP,VALID
FIG_LEBO105_5_12,lebo105,5,5.12,20,/extracted_figures/lebo105_fig_5_12.png,SOURCE_lebo105_5_5.12,d65ceddfe5fc3cb9c0117e2432f402800ed006a8bd222e8130880c9a62573f03,272,180,TIGHT_CROP,VALID
FIG_LEBO105_P21_1,lebo105,5,on,21,/extracted_figures/lebo105_p21_img1.jpeg,SOURCE_lebo105_5_on,b4752b92063c5d2f17dbe5d7751e4988b826a347f487eb26e373a1d55e628c0d,956,152,TIGHT_CROP,VALID
FIG_LEBO105_5_13,lebo105,5,5.13,21,/extracted_figures/lebo105_fig_5_13.png,SOURCE_lebo105_5_5.13,7606ca363a63545e346813168d8148f70af0deba9792118dcc9d7b3b9ed206fa,272,245,TIGHT_CROP,VALID
FIG_LEBO105_P22_1,lebo105,5,5.14),22,/extracted_figures/lebo105_p22_img1.jpeg,SOURCE_lebo105_5_5.14),75df10e3854074504e252150407684f2d2b37efa60f792f808049dd274de55cf,956,152,TIGHT_CROP,VALID
FIG_LEBO105_P23_1,lebo105,5,5.14,23,/extracted_figures/lebo105_p23_img1.jpeg,SOURCE_lebo105_5_5.14,b4752b92063c5d2f17dbe5d7751e4988b826a347f487eb26e373a1d55e628c0d,956,152,TIGHT_CROP,VALID
FIG_LEBO105_5_14,lebo105,5,5.14,23,/extracted_figures/lebo105_fig_5_14.png,SOURCE_lebo105_5_5.14,3ed7b6ca9fe5b098db03336bd435d6934a6e525cc8884b400a28687f89977e4d,272,336,TIGHT_CROP,VALID
FIG_LEBO105_P24_1,lebo105,5,on,24,/extracted_figures/lebo105_p24_img1.jpeg,SOURCE_lebo105_5_on,75df10e3854074504e252150407684f2d2b37efa60f792f808049dd274de55cf,956,152,TIGHT_CROP,VALID
FIG_LEBO105_P25_1,lebo105,5,5.15,25,/extracted_figures/lebo105_p25_img1.jpeg,SOURCE_lebo105_5_5.15,b4752b92063c5d2f17dbe5d7751e4988b826a347f487eb26e373a1d55e628c0d,956,152,TIGHT_CROP,VALID
FIG_LEBO105_5_15,lebo105,5,5.15,25,/extracted_figures/lebo105_fig_5_15.png,SOURCE_lebo105_5_5.15,869cfea29e5b9a7f183540879657cfc088ada1e29950b9ed410ed411fe5542fe,272,297,TIGHT_CROP,VALID
FIG_LEBO105_P26_1,lebo105,5,on,26,/extracted_figures/lebo105_p26_img1.jpeg,SOURCE_lebo105_5_on,75df10e3854074504e252150407684f2d2b37efa60f792f808049dd274de55cf,956,152,TIGHT_CROP,VALID
FIG_LEBO105_P27_1,lebo105,5,on,27,/extracted_figures/lebo105_p27_img1.jpeg,SOURCE_lebo105_5_on,b4752b92063c5d2f17dbe5d7751e4988b826a347f487eb26e373a1d55e628c0d,956,152,TIGHT_CROP,VALID
FIG_LEBO105_P28_1,lebo105,5,5.16,28,/extracted_figures/lebo105_p28_img1.jpeg,SOURCE_lebo105_5_5.16,75df10e3854074504e252150407684f2d2b37efa60f792f808049dd274de55cf,956,152,TIGHT_CROP,VALID
FIG_LEBO105_P29_1,lebo105,5,on,29,/extracted_figures/lebo105_p29_img1.jpeg,SOURCE_lebo105_5_on,b4752b92063c5d2f17dbe5d7751e4988b826a347f487eb26e373a1d55e628c0d,956,152,TIGHT_CROP,VALID
FIG_LEBO105_5_16,lebo105,5,5.16,29,/extracted_figures/lebo105_fig_5_16.png,SOURCE_lebo105_5_5.16,b638ca44e49eeab67b9c29dd39fb94ee84bc65421f809fb1268a9ec6872e4cdd,498,496,TIGHT_CROP,VALID
FIG_LEBO105_P30_1,lebo105,5,on,30,/extracted_figures/lebo105_p30_img1.jpeg,SOURCE_lebo105_5_on,75df10e3854074504e252150407684f2d2b37efa60f792f808049dd274de55cf,956,152,TIGHT_CROP,VALID
FIG_LEBO105_P31_1,lebo105,5,on,31,/extracted_figures/lebo105_p31_img1.jpeg,SOURCE_lebo105_5_on,b4752b92063c5d2f17dbe5d7751e4988b826a347f487eb26e373a1d55e628c0d,956,152,TIGHT_CROP,VALID
FIG_LEBO106_P1_1,lebo106,6,on,1,/extracted_figures/lebo106_p1_img1.jpeg,SOURCE_lebo106_6_on,75df10e3854074504e252150407684f2d2b37efa60f792f808049dd274de55cf,956,152,TIGHT_CROP,VALID
FIG_LEBO106_P1_2,lebo106,6,on,1,/extracted_figures/lebo106_p1_img2.jpeg,SOURCE_lebo106_6_on,05943d4e9e7a783e5530f70a7df2498c9aedc35359f49d8cb0b642fc1f67b99d,585,306,TIGHT_CROP,VALID
FIG_LEBO106_P2_1,lebo106,6,on,2,/extracted_figures/lebo106_p2_img1.jpeg,SOURCE_lebo106_6_on,b4752b92063c5d2f17dbe5d7751e4988b826a347f487eb26e373a1d55e628c0d,956,152,TIGHT_CROP,VALID
FIG_LEBO106_P3_1,lebo106,6,6.1,3,/extracted_figures/lebo106_p3_img1.jpeg,SOURCE_lebo106_6_6.1,75df10e3854074504e252150407684f2d2b37efa60f792f808049dd274de55cf,956,152,TIGHT_CROP,VALID
FIG_LEBO106_6_1,lebo106,6,6.1,3,/extracted_figures/lebo106_fig_6_1.png,SOURCE_lebo106_6_6.1,2658843ac57775bda675bffc9b9f48c739d8e6cb14c930585764308efd129eac,272,310,TIGHT_CROP,VALID
FIG_LEBO106_P4_1,lebo106,6,on,4,/extracted_figures/lebo106_p4_img1.jpeg,SOURCE_lebo106_6_on,b4752b92063c5d2f17dbe5d7751e4988b826a347f487eb26e373a1d55e628c0d,956,152,TIGHT_CROP,VALID
FIG_LEBO106_P5_1,lebo106,6,6.2,5,/extracted_figures/lebo106_p5_img1.jpeg,SOURCE_lebo106_6_6.2,75df10e3854074504e252150407684f2d2b37efa60f792f808049dd274de55cf,956,152,TIGHT_CROP,VALID
FIG_LEBO106_6_2,lebo106,6,6.2,5,/extracted_figures/lebo106_fig_6_2.png,SOURCE_lebo106_6_6.2,0ed832dcbf1256b176bdcb35b18a9101be0bf174a6252f56b69704e328525229,498,506,TIGHT_CROP,VALID
FIG_LEBO106_6_3b,lebo106,6,6.3b,5,/extracted_figures/lebo106_fig_6_3b.png,SOURCE_lebo106_6_6.3b,f3f0af9379c2367bfcf462e20bf0580efb5784fa81f03ef3f267892cea4d4da6,568,707,TIGHT_CROP,VALID
FIG_LEBO106_P6_1,lebo106,6,6.3,6,/extracted_figures/lebo106_p6_img1.jpeg,SOURCE_lebo106_6_6.3,b4752b92063c5d2f17dbe5d7751e4988b826a347f487eb26e373a1d55e628c0d,956,152,TIGHT_CROP,VALID
FIG_LEBO106_6_3a,lebo106,6,6.3a,6,/extracted_figures/lebo106_fig_6_3a.png,SOURCE_lebo106_6_6.3a,5ded21e0b51fe65beba91255b6a80b7666717b3b1b76022a7aec7232ffb53972,568,359,TIGHT_CROP,VALID
FIG_LEBO106_6_3,lebo106,6,6.3,6,/extracted_figures/lebo106_fig_6_3.png,SOURCE_lebo106_6_6.3,dc719fb59d891f0b8e6273a66c21fbd6040be58f2665852c919212394c7420ee,272,516,TIGHT_CROP,VALID
FIG_LEBO106_P7_1,lebo106,6,6.4),7,/extracted_figures/lebo106_p7_img1.jpeg,SOURCE_lebo106_6_6.4),75df10e3854074504e252150407684f2d2b37efa60f792f808049dd274de55cf,956,152,TIGHT_CROP,VALID
FIG_LEBO106_P7_2,lebo106,6,6.4,7,/extracted_figures/lebo106_p7_img2.jpeg,SOURCE_lebo106_6_6.4,45734c90a25244ef4c9c5b91997486c2286c2584efe29825ca4dd6b43c004f8f,150,150,TIGHT_CROP,VALID
FIG_LEBO106_P7_3,lebo106,6,on,7,/extracted_figures/lebo106_p7_img3.jpeg,SOURCE_lebo106_6_on,c6747e8427a79a677f181c3460e961f752793cabb5a8bea410f92fe7f1b842ea,150,150,TIGHT_CROP,VALID
FIG_LEBO106_6_4,lebo106,6,6.4,7,/extracted_figures/lebo106_fig_6_4.png,SOURCE_lebo106_6_6.4,20852026e05dee4d95a38f6b1106808ee0f259b3ad1ac12aa37d40d6841b8f74,498,193,TIGHT_CROP,VALID
FIG_LEBO106_P8_1,lebo106,6,6.6),8,/extracted_figures/lebo106_p8_img1.jpeg,SOURCE_lebo106_6_6.6),b4752b92063c5d2f17dbe5d7751e4988b826a347f487eb26e373a1d55e628c0d,956,152,TIGHT_CROP,VALID
FIG_LEBO106_6_6,lebo106,6,6.6,8,/extracted_figures/lebo106_fig_6_6.png,SOURCE_lebo106_6_6.6,d6797e15e45bdce756fe8880efd1150298bc8537258cad7966c2fe1b4b0fa892,498,352,TIGHT_CROP,VALID
FIG_LEBO106_6_5,lebo106,6,6.5,8,/extracted_figures/lebo106_fig_6_5.png,SOURCE_lebo106_6_6.5,1778b7eed57b8363251710450e714e4d366faaf513118d0564ab02da03974461,498,141,TIGHT_CROP,VALID
FIG_LEBO106_P9_1,lebo106,6,6.7),9,/extracted_figures/lebo106_p9_img1.jpeg,SOURCE_lebo106_6_6.7),75df10e3854074504e252150407684f2d2b37efa60f792f808049dd274de55cf,956,152,TIGHT_CROP,VALID
FIG_LEBO106_P9_2,lebo106,6,6.7,9,/extracted_figures/lebo106_p9_img2.jpeg,SOURCE_lebo106_6_6.7,e21f194f1ab4bd1856ade7d5ef969b0508410347698437b83bb1ab7d0ae4bd25,173,138,TIGHT_CROP,VALID
FIG_LEBO106_6_7,lebo106,6,6.7,9,/extracted_figures/lebo106_fig_6_7.png,SOURCE_lebo106_6_6.7,bd9df8947e00a9d91675afc3fe9132c19bf3713c7407783ed771837d3160d4a0,272,524,TIGHT_CROP,VALID
FIG_LEBO106_P10_1,lebo106,6,on,10,/extracted_figures/lebo106_p10_img1.jpeg,SOURCE_lebo106_6_on,b4752b92063c5d2f17dbe5d7751e4988b826a347f487eb26e373a1d55e628c0d,956,152,TIGHT_CROP,VALID
FIG_LEBO106_P11_1,lebo106,6,6.8,11,/extracted_figures/lebo106_p11_img1.jpeg,SOURCE_lebo106_6_6.8,75df10e3854074504e252150407684f2d2b37efa60f792f808049dd274de55cf,956,152,TIGHT_CROP,VALID
FIG_LEBO106_6_8,lebo106,6,6.8,11,/extracted_figures/lebo106_fig_6_8.png,SOURCE_lebo106_6_6.8,08b25603e419d25677b15664f35dffbd1a3674faf299530880136b3e3472b9cb,498,475,TIGHT_CROP,VALID
FIG_LEBO106_P12_1,lebo106,6,on,12,/extracted_figures/lebo106_p12_img1.jpeg,SOURCE_lebo106_6_on,b4752b92063c5d2f17dbe5d7751e4988b826a347f487eb26e373a1d55e628c0d,956,152,TIGHT_CROP,VALID
FIG_LEBO106_P13_1,lebo106,6,6.9,13,/extracted_figures/lebo106_p13_img1.jpeg,SOURCE_lebo106_6_6.9,75df10e3854074504e252150407684f2d2b37efa60f792f808049dd274de55cf,956,152,TIGHT_CROP,VALID
FIG_LEBO106_6_9,lebo106,6,6.9,13,/extracted_figures/lebo106_fig_6_9.png,SOURCE_lebo106_6_6.9,938105b766fb44d63e7d3f733ec42ae631d30614b0a49358a645a3ab3889fd6b,498,490,TIGHT_CROP,VALID
FIG_LEBO106_P14_1,lebo106,6,on,14,/extracted_figures/lebo106_p14_img1.jpeg,SOURCE_lebo106_6_on,b4752b92063c5d2f17dbe5d7751e4988b826a347f487eb26e373a1d55e628c0d,956,152,TIGHT_CROP,VALID
FIG_LEBO106_P14_2,lebo106,6,on,14,/extracted_figures/lebo106_p14_img2.jpeg,SOURCE_lebo106_6_on,ea65571edf7f71d9c8702f94c1b43b1c6cc120dde0516d27ab547196baea5390,566,90,TIGHT_CROP,VALID
FIG_LEBO106_6_10,lebo106,6,6.10,14,/extracted_figures/lebo106_fig_6_10.png,SOURCE_lebo106_6_6.10,89fb3fb1cc80a91460bf74a0567d01c2991dbacca38cc1769d245211435f6ffa,498,559,TIGHT_CROP,VALID
FIG_LEBO106_P15_1,lebo106,6,6.11),15,/extracted_figures/lebo106_p15_img1.jpeg,SOURCE_lebo106_6_6.11),75df10e3854074504e252150407684f2d2b37efa60f792f808049dd274de55cf,956,152,TIGHT_CROP,VALID
FIG_LEBO106_P16_1,lebo106,6,on,16,/extracted_figures/lebo106_p16_img1.jpeg,SOURCE_lebo106_6_on,b4752b92063c5d2f17dbe5d7751e4988b826a347f487eb26e373a1d55e628c0d,956,152,TIGHT_CROP,VALID
FIG_LEBO106_6_11,lebo106,6,6.11,16,/extracted_figures/lebo106_fig_6_11.png,SOURCE_lebo106_6_6.11,bc7df1e96d97abc1b74b716089ba34546814daedc23d845fee5b85d414d9dd36,498,472,TIGHT_CROP,VALID
FIG_LEBO106_P17_1,lebo106,6,on,17,/extracted_figures/lebo106_p17_img1.jpeg,SOURCE_lebo106_6_on,75df10e3854074504e252150407684f2d2b37efa60f792f808049dd274de55cf,956,152,TIGHT_CROP,VALID
FIG_LEBO107_P1_1,lebo107,7,on,1,/extracted_figures/lebo107_p1_img1.jpeg,SOURCE_lebo107_7_on,cf88b50de0b637f56c958d193d4961dba79a72d24f327c8356d4b450ec8fad13,957,1264,TIGHT_CROP,VALID
FIG_LEBO107_P2_1,lebo107,7,on,2,/extracted_figures/lebo107_p2_img1.jpeg,SOURCE_lebo107_7_on,75df10e3854074504e252150407684f2d2b37efa60f792f808049dd274de55cf,956,152,TIGHT_CROP,VALID
FIG_LEBO107_P2_3,lebo107,7,on,2,/extracted_figures/lebo107_p2_img3.jpeg,SOURCE_lebo107_7_on,6f0636e200768089e541d39b3925c63a02d7d1df8ba07514dfe6b5afdb08f58e,194,219,TIGHT_CROP,VALID
FIG_LEBO107_P3_1,lebo107,7,on,3,/extracted_figures/lebo107_p3_img1.jpeg,SOURCE_lebo107_7_on,b4752b92063c5d2f17dbe5d7751e4988b826a347f487eb26e373a1d55e628c0d,956,152,TIGHT_CROP,VALID
FIG_LEBO107_P3_2,lebo107,7,on,3,/extracted_figures/lebo107_p3_img2.jpeg,SOURCE_lebo107_7_on,20dce6d49cb823a5a29521f64e2deecd16c5c0c346717262c00742828d4b4191,282,246,TIGHT_CROP,VALID
FIG_LEBO107_P4_1,lebo107,7,on,4,/extracted_figures/lebo107_p4_img1.jpeg,SOURCE_lebo107_7_on,75df10e3854074504e252150407684f2d2b37efa60f792f808049dd274de55cf,956,152,TIGHT_CROP,VALID
FIG_LEBO107_P5_1,lebo107,7,7.1),5,/extracted_figures/lebo107_p5_img1.jpeg,SOURCE_lebo107_7_7.1),b4752b92063c5d2f17dbe5d7751e4988b826a347f487eb26e373a1d55e628c0d,956,152,TIGHT_CROP,VALID
FIG_LEBO107_P6_1,lebo107,7,7.1,6,/extracted_figures/lebo107_p6_img1.jpeg,SOURCE_lebo107_7_7.1,75df10e3854074504e252150407684f2d2b37efa60f792f808049dd274de55cf,956,152,TIGHT_CROP,VALID
FIG_LEBO107_7_1,lebo107,7,7.1,6,/extracted_figures/lebo107_fig_7_1.png,SOURCE_lebo107_7_7.1,54743e804d84304e724de29e60633ce136e23c38feda2827c650812fde01cb07,498,586,TIGHT_CROP,VALID
FIG_LEBO107_P7_1,lebo107,7,7.2),7,/extracted_figures/lebo107_p7_img1.jpeg,SOURCE_lebo107_7_7.2),b4752b92063c5d2f17dbe5d7751e4988b826a347f487eb26e373a1d55e628c0d,956,152,TIGHT_CROP,VALID
FIG_LEBO107_P7_2,lebo107,7,7.3),7,/extracted_figures/lebo107_p7_img2.jpeg,SOURCE_lebo107_7_7.3),3517344bf3754132c2cd2d5229f095cb727507a0044050eec5b29289e42c4a77,282,415,TIGHT_CROP,VALID
FIG_LEBO107_P7_3,lebo107,7,7.2,7,/extracted_figures/lebo107_p7_img3.jpeg,SOURCE_lebo107_7_7.2,4d2f342e2a5a46855a2715307452de98873afaaa08fe769426f878f5146c235a,365,174,TIGHT_CROP,VALID
FIG_LEBO107_7_2,lebo107,7,7.2,7,/extracted_figures/lebo107_fig_7_2.png,SOURCE_lebo107_7_7.2,ee74a64b65b5a1db8b0e157fa017f424b3f42bcf6cfce903905dc190dd44f436,272,136,TIGHT_CROP,VALID
FIG_LEBO107_7_3,lebo107,7,7.3,7,/extracted_figures/lebo107_fig_7_3.png,SOURCE_lebo107_7_7.3,b3a8c9dfd962162e818f77f84ff5ed4246f73eb9a48392b0cde16e21ba347730,272,173,TIGHT_CROP,VALID
FIG_LEBO107_P8_1,lebo107,7,on,8,/extracted_figures/lebo107_p8_img1.jpeg,SOURCE_lebo107_7_on,75df10e3854074504e252150407684f2d2b37efa60f792f808049dd274de55cf,956,152,TIGHT_CROP,VALID
FIG_LEBO107_P9_1,lebo107,7,7.4,9,/extracted_figures/lebo107_p9_img1.jpeg,SOURCE_lebo107_7_7.4,b4752b92063c5d2f17dbe5d7751e4988b826a347f487eb26e373a1d55e628c0d,956,152,TIGHT_CROP,VALID
FIG_LEBO107_7_4,lebo107,7,7.4,9,/extracted_figures/lebo107_fig_7_4.png,SOURCE_lebo107_7_7.4,2cf1f73473f33e991fcaaf3adf0808457bc7fb3772a5048aca1763fe3d1629d2,272,253,TIGHT_CROP,VALID
FIG_LEBO107_P10_1,lebo107,7,on,10,/extracted_figures/lebo107_p10_img1.jpeg,SOURCE_lebo107_7_on,75df10e3854074504e252150407684f2d2b37efa60f792f808049dd274de55cf,956,152,TIGHT_CROP,VALID
FIG_LEBO107_P11_1,lebo107,7,on,11,/extracted_figures/lebo107_p11_img1.jpeg,SOURCE_lebo107_7_on,b4752b92063c5d2f17dbe5d7751e4988b826a347f487eb26e373a1d55e628c0d,956,152,TIGHT_CROP,VALID
FIG_LEBO107_P12_1,lebo107,7,7.5,12,/extracted_figures/lebo107_p12_img1.jpeg,SOURCE_lebo107_7_7.5,75df10e3854074504e252150407684f2d2b37efa60f792f808049dd274de55cf,956,152,TIGHT_CROP,VALID
FIG_LEBO107_P12_2,lebo107,7,7.5,12,/extracted_figures/lebo107_p12_img2.jpeg,SOURCE_lebo107_7_7.5,415d0a1983512824d6ac558450513658f68e93c1cbbba76b0ccb5845c74b2ddd,225,313,TIGHT_CROP,VALID
FIG_LEBO107_7_5,lebo107,7,7.5,12,/extracted_figures/lebo107_fig_7_5.png,SOURCE_lebo107_7_7.5,11017e1c87fe1d51550a4ccb54db731891b77abf7a5910bf2dbc4be4c6d89577,272,161,TIGHT_CROP,VALID
FIG_LEBO107_P13_1,lebo107,7,7.6,13,/extracted_figures/lebo107_p13_img1.jpeg,SOURCE_lebo107_7_7.6,b4752b92063c5d2f17dbe5d7751e4988b826a347f487eb26e373a1d55e628c0d,956,152,TIGHT_CROP,VALID
FIG_LEBO107_7_6,lebo107,7,7.6,13,/extracted_figures/lebo107_fig_7_6.png,SOURCE_lebo107_7_7.6,1c1fd08795ce74c1d482ad60e1c776f966c645bea72e668c61903c6e791772c6,272,503,TIGHT_CROP,VALID
FIG_LEBO107_P14_1,lebo107,7,7.6),14,/extracted_figures/lebo107_p14_img1.jpeg,SOURCE_lebo107_7_7.6),75df10e3854074504e252150407684f2d2b37efa60f792f808049dd274de55cf,956,152,TIGHT_CROP,VALID
FIG_LEBO107_P15_1,lebo107,7,on,15,/extracted_figures/lebo107_p15_img1.jpeg,SOURCE_lebo107_7_on,b4752b92063c5d2f17dbe5d7751e4988b826a347f487eb26e373a1d55e628c0d,956,152,TIGHT_CROP,VALID
FIG_LEBO107_P16_1,lebo107,7,7.7,16,/extracted_figures/lebo107_p16_img1.jpeg,SOURCE_lebo107_7_7.7,75df10e3854074504e252150407684f2d2b37efa60f792f808049dd274de55cf,956,152,TIGHT_CROP,VALID
FIG_LEBO107_7_7,lebo107,7,7.7,16,/extracted_figures/lebo107_fig_7_7.png,SOURCE_lebo107_7_7.7,c61b3be41e6f41e35abdf672d061037459ee99ad7b5173fffe3cacef47373c7b,498,176,TIGHT_CROP,VALID
FIG_LEBO107_P17_1,lebo107,7,7.8),17,/extracted_figures/lebo107_p17_img1.jpeg,SOURCE_lebo107_7_7.8),b4752b92063c5d2f17dbe5d7751e4988b826a347f487eb26e373a1d55e628c0d,956,152,TIGHT_CROP,VALID
FIG_LEBO107_7_8,lebo107,7,7.8,17,/extracted_figures/lebo107_fig_7_8.png,SOURCE_lebo107_7_7.8,113cacebf6edac6c94b998f4ed898534906ff4ee060f0efff4af85160d9731a6,568,318,TIGHT_CROP,VALID
FIG_LEBO107_7_9,lebo107,7,7.9,17,/extracted_figures/lebo107_fig_7_9.png,SOURCE_lebo107_7_7.9,6f300734ca513ba121f2ec46c3782028e4c8563c505db87a0882f336c20a558c,272,176,TIGHT_CROP,VALID
FIG_LEBO107_7_10,lebo107,7,7.10,17,/extracted_figures/lebo107_fig_7_10.png,SOURCE_lebo107_7_7.10,47dc3422d375272a05133c296d3d41482f500877f3f7746fcf0a125da22942ea,272,177,TIGHT_CROP,VALID
FIG_LEBO107_7_11,lebo107,7,7.11,17,/extracted_figures/lebo107_fig_7_11.png,SOURCE_lebo107_7_7.11,23d5405952372948547f453e0575b952c69883c0db51352bface0aa2967a4b7a,272,45,TIGHT_CROP,VALID
FIG_LEBO107_P18_1,lebo107,7,on,18,/extracted_figures/lebo107_p18_img1.jpeg,SOURCE_lebo107_7_on,75df10e3854074504e252150407684f2d2b37efa60f792f808049dd274de55cf,956,152,TIGHT_CROP,VALID
FIG_LEBO107_P19_1,lebo107,7,on,19,/extracted_figures/lebo107_p19_img1.jpeg,SOURCE_lebo107_7_on,b4752b92063c5d2f17dbe5d7751e4988b826a347f487eb26e373a1d55e628c0d,956,152,TIGHT_CROP,VALID
FIG_LEBO107_P20_1,lebo107,7,on,20,/extracted_figures/lebo107_p20_img1.jpeg,SOURCE_lebo107_7_on,75df10e3854074504e252150407684f2d2b37efa60f792f808049dd274de55cf,956,152,TIGHT_CROP,VALID
FIG_LEBO107_P21_1,lebo107,7,on,21,/extracted_figures/lebo107_p21_img1.jpeg,SOURCE_lebo107_7_on,b4752b92063c5d2f17dbe5d7751e4988b826a347f487eb26e373a1d55e628c0d,956,152,TIGHT_CROP,VALID
FIG_LEBO107_P22_1,lebo107,7,on,22,/extracted_figures/lebo107_p22_img1.jpeg,SOURCE_lebo107_7_on,75df10e3854074504e252150407684f2d2b37efa60f792f808049dd274de55cf,956,152,TIGHT_CROP,VALID
FIG_LEBO108_P1_1,lebo108,8,"8.3),",1,/extracted_figures/lebo108_p1_img1.jpeg,"SOURCE_lebo108_8_8.3),",b4752b92063c5d2f17dbe5d7751e4988b826a347f487eb26e373a1d55e628c0d,956,152,TIGHT_CROP,VALID
FIG_LEBO108_P1_2,lebo108,8,on,1,/extracted_figures/lebo108_p1_img2.jpeg,SOURCE_lebo108_8_on,2c4b62ec493d4cb0f1353812dee48f38487efdd17c222faf363f51d3eeb167e4,234,201,TIGHT_CROP,VALID
FIG_LEBO108_P2_1,lebo108,8,8.3,2,/extracted_figures/lebo108_p2_img1.jpeg,SOURCE_lebo108_8_8.3,75df10e3854074504e252150407684f2d2b37efa60f792f808049dd274de55cf,956,152,TIGHT_CROP,VALID
FIG_LEBO108_P2_2,lebo108,8,on,2,/extracted_figures/lebo108_p2_img2.jpeg,SOURCE_lebo108_8_on,89729a74af8dd71619fb2576a15d38f6f7a81550466700086bcb2bf719e34736,179,224,TIGHT_CROP,VALID
FIG_LEBO108_P2_3,lebo108,8,on,2,/extracted_figures/lebo108_p2_img3.jpeg,SOURCE_lebo108_8_on,c3c8408643b72721a385c89e582f5858230e1c63569df4981be0e97e38e53210,181,225,TIGHT_CROP,VALID
FIG_LEBO108_8_3,lebo108,8,8.3,2,/extracted_figures/lebo108_fig_8_3.png,SOURCE_lebo108_8_8.3,c9574178b0e2fb58a7dbbf586fa458c999c3e35e35f4399275c3c059ec8bae03,498,264,TIGHT_CROP,VALID
FIG_LEBO108_8_1,lebo108,8,8.1,2,/extracted_figures/lebo108_fig_8_1.png,SOURCE_lebo108_8_8.1,304977af0a6f70b671f69ff759157dce33376237225c4cbff6a6c60add2d98b7,568,623,TIGHT_CROP,VALID
FIG_LEBO108_8_2,lebo108,8,8.2,2,/extracted_figures/lebo108_fig_8_2.png,SOURCE_lebo108_8_8.2,57b4fc0feebc31cc007bd5aaf1df720211c74ef9f0796703348cac4237dca0a2,272,404,TIGHT_CROP,VALID
FIG_LEBO108_P3_1,lebo108,8,on,3,/extracted_figures/lebo108_p3_img1.jpeg,SOURCE_lebo108_8_on,b4752b92063c5d2f17dbe5d7751e4988b826a347f487eb26e373a1d55e628c0d,956,152,TIGHT_CROP,VALID
FIG_LEBO108_P4_1,lebo108,8,8.5,4,/extracted_figures/lebo108_p4_img1.jpeg,SOURCE_lebo108_8_8.5,75df10e3854074504e252150407684f2d2b37efa60f792f808049dd274de55cf,956,152,TIGHT_CROP,VALID
FIG_LEBO108_P4_2,lebo108,8,8.5,4,/extracted_figures/lebo108_p4_img2.jpeg,SOURCE_lebo108_8_8.5,46d1d88450b82409e3c9707aab68467aa1d6d683190d17710c3ab3d645a42f54,300,282,TIGHT_CROP,VALID
FIG_LEBO108_P4_3,lebo108,8,8.4,4,/extracted_figures/lebo108_p4_img3.jpeg,SOURCE_lebo108_8_8.4,ab123a3a9f8b0a5d4822b08ebbc3a547734ec594a63bc9935e313a0bfb783a95,135,135,TIGHT_CROP,VALID
FIG_LEBO108_8_5,lebo108,8,8.5,4,/extracted_figures/lebo108_fig_8_5.png,SOURCE_lebo108_8_8.5,9e6647eadee676ecd09838906a4b74b11cb17b45b0b9d42408d74e2f8b691074,272,426,TIGHT_CROP,VALID
FIG_LEBO108_8_4,lebo108,8,8.4,4,/extracted_figures/lebo108_fig_8_4.png,SOURCE_lebo108_8_8.4,92568af0ca0a7dd205bd27d8fcd5ddb84e82a5d55d8dd24fed5d40455bd1210a,272,221,TIGHT_CROP,VALID
FIG_LEBO108_P5_1,lebo108,8,on,5,/extracted_figures/lebo108_p5_img1.jpeg,SOURCE_lebo108_8_on,b4752b92063c5d2f17dbe5d7751e4988b826a347f487eb26e373a1d55e628c0d,956,152,TIGHT_CROP,VALID
FIG_LEBO108_P6_1,lebo108,8,8.6),6,/extracted_figures/lebo108_p6_img1.jpeg,SOURCE_lebo108_8_8.6),75df10e3854074504e252150407684f2d2b37efa60f792f808049dd274de55cf,956,152,TIGHT_CROP,VALID
FIG_LEBO108_P6_2,lebo108,8,8.7,6,/extracted_figures/lebo108_p6_img2.jpeg,SOURCE_lebo108_8_8.7,2701e2fadce2452e359970e1c9365c585b7e912765ae88b4783d391dc0bd5881,480,360,TIGHT_CROP,VALID
FIG_LEBO108_8_6,lebo108,8,8.6,6,/extracted_figures/lebo108_fig_8_6.png,SOURCE_lebo108_8_8.6,aba9600785fbe1a043e0ffa00b818d97344ac8b4ff5a90be90c0607c6d6cb0c2,272,236,TIGHT_CROP,VALID
FIG_LEBO108_P7_1,lebo108,8,on,7,/extracted_figures/lebo108_p7_img1.jpeg,SOURCE_lebo108_8_on,b4752b92063c5d2f17dbe5d7751e4988b826a347f487eb26e373a1d55e628c0d,956,152,TIGHT_CROP,VALID
FIG_LEBO108_P7_2,lebo108,8,on,7,/extracted_figures/lebo108_p7_img2.jpeg,SOURCE_lebo108_8_on,04b8fa7fa5b20ae3d1681c24916cab5703e6397b3baa1fb40180adf9f6fb6438,165,115,TIGHT_CROP,VALID
FIG_LEBO108_8_7,lebo108,8,8.7,7,/extracted_figures/lebo108_fig_8_7.png,SOURCE_lebo108_8_8.7,50891472d6955c86532520699e3006304ae10e6f7147b755b2cb7872be41bd79,272,192,TIGHT_CROP,VALID
FIG_LEBO108_P8_1,lebo108,8,8.8,8,/extracted_figures/lebo108_p8_img1.jpeg,SOURCE_lebo108_8_8.8,75df10e3854074504e252150407684f2d2b37efa60f792f808049dd274de55cf,956,152,TIGHT_CROP,VALID
FIG_LEBO108_P8_2,lebo108,8,8.8,8,/extracted_figures/lebo108_p8_img2.jpeg,SOURCE_lebo108_8_8.8,96208d35db24f3581f4c879941d79118b1f1bed1ee5ee262f658945ab704f3a4,441,216,TIGHT_CROP,VALID
FIG_LEBO108_P8_3,lebo108,8,on,8,/extracted_figures/lebo108_p8_img3.jpeg,SOURCE_lebo108_8_on,1ff82715689fca5aca78f20702a1a774c1ec17d81aebda53d936ad6949d2e86e,374,227,TIGHT_CROP,VALID
FIG_LEBO108_8_8,lebo108,8,8.8,8,/extracted_figures/lebo108_fig_8_8.png,SOURCE_lebo108_8_8.8,d98727ff62212ec83632e88135f09feed5e9395f600a0ba117e0153066666014,272,320,TIGHT_CROP,VALID
FIG_LEBO108_P9_1,lebo108,8,on,9,/extracted_figures/lebo108_p9_img1.jpeg,SOURCE_lebo108_8_on,b4752b92063c5d2f17dbe5d7751e4988b826a347f487eb26e373a1d55e628c0d,956,152,TIGHT_CROP,VALID
FIG_LEBO108_P10_1,lebo108,8,on,10,/extracted_figures/lebo108_p10_img1.jpeg,SOURCE_lebo108_8_on,75df10e3854074504e252150407684f2d2b37efa60f792f808049dd274de55cf,956,152,TIGHT_CROP,VALID
FIG_LEBO108_P11_1,lebo108,8,on,11,/extracted_figures/lebo108_p11_img1.jpeg,SOURCE_lebo108_8_on,b4752b92063c5d2f17dbe5d7751e4988b826a347f487eb26e373a1d55e628c0d,956,152,TIGHT_CROP,VALID
FIG_LEBO108_P12_1,lebo108,8,on,12,/extracted_figures/lebo108_p12_img1.jpeg,SOURCE_lebo108_8_on,75df10e3854074504e252150407684f2d2b37efa60f792f808049dd274de55cf,956,152,TIGHT_CROP,VALID
FIG_LEBO109_P1_1,lebo109,9,on,1,/extracted_figures/lebo109_p1_img1.jpeg,SOURCE_lebo109_9_on,1656a3e79a91ea37722ad725aa8b9deca1094f2b8bbd7d6b7e4e23fa63206cc0,964,1278,TIGHT_CROP,VALID
FIG_LEBO109_P2_2,lebo109,9,on,2,/extracted_figures/lebo109_p2_img2.jpeg,SOURCE_lebo109_9_on,e3e60db33e8895980f34deaa732a1454b6ecf7850674f3fbff455dfb3c0f6af8,112,168,TIGHT_CROP,VALID
FIG_LEBO109_P3_1,lebo109,9,on,3,/extracted_figures/lebo109_p3_img1.jpeg,SOURCE_lebo109_9_on,b4752b92063c5d2f17dbe5d7751e4988b826a347f487eb26e373a1d55e628c0d,956,152,TIGHT_CROP,VALID
FIG_LEBO109_P3_2,lebo109,9,on,3,/extracted_figures/lebo109_p3_img2.jpeg,SOURCE_lebo109_9_on,52ae8d935aabc1b2c609788a8a78b48c68e99523c08079fb637a3149aadcac20,192,187,TIGHT_CROP,VALID
FIG_LEBO109_P4_1,lebo109,9,on,4,/extracted_figures/lebo109_p4_img1.jpeg,SOURCE_lebo109_9_on,75df10e3854074504e252150407684f2d2b37efa60f792f808049dd274de55cf,956,152,TIGHT_CROP,VALID
FIG_LEBO109_P5_1,lebo109,9,on,5,/extracted_figures/lebo109_p5_img1.jpeg,SOURCE_lebo109_9_on,b4752b92063c5d2f17dbe5d7751e4988b826a347f487eb26e373a1d55e628c0d,956,152,TIGHT_CROP,VALID
FIG_LEBO109_P6_1,lebo109,9,9.1),6,/extracted_figures/lebo109_p6_img1.jpeg,SOURCE_lebo109_9_9.1),75df10e3854074504e252150407684f2d2b37efa60f792f808049dd274de55cf,956,152,TIGHT_CROP,VALID
FIG_LEBO109_9_1,lebo109,9,9.1,6,/extracted_figures/lebo109_fig_9_1.png,SOURCE_lebo109_9_9.1,80118590eaf200ddd94cea02dedcd02f1a87cdda090d0d13634c58d912193c2e,498,358,TIGHT_CROP,VALID
FIG_LEBO109_P7_1,lebo109,9,9.2),7,/extracted_figures/lebo109_p7_img1.jpeg,SOURCE_lebo109_9_9.2),b4752b92063c5d2f17dbe5d7751e4988b826a347f487eb26e373a1d55e628c0d,956,152,TIGHT_CROP,VALID
FIG_LEBO109_9_2,lebo109,9,9.2,7,/extracted_figures/lebo109_fig_9_2.png,SOURCE_lebo109_9_9.2,7de337bec075c626aee0d50146eacd0b9c487a22491d0f45631c6ca487dcaacf,498,373,TIGHT_CROP,VALID
FIG_LEBO109_P8_1,lebo109,9,9.3,8,/extracted_figures/lebo109_p8_img1.jpeg,SOURCE_lebo109_9_9.3,75df10e3854074504e252150407684f2d2b37efa60f792f808049dd274de55cf,956,152,TIGHT_CROP,VALID
FIG_LEBO109_9_3,lebo109,9,9.3,8,/extracted_figures/lebo109_fig_9_3.png,SOURCE_lebo109_9_9.3,da9a618a3e3bc836a40a0fa6697e1789f6d13e2bda86b5626c4f60d6911fba6f,272,221,TIGHT_CROP,VALID
FIG_LEBO109_P9_1,lebo109,9,9.4,9,/extracted_figures/lebo109_p9_img1.jpeg,SOURCE_lebo109_9_9.4,b4752b92063c5d2f17dbe5d7751e4988b826a347f487eb26e373a1d55e628c0d,956,152,TIGHT_CROP,VALID
FIG_LEBO109_9_4,lebo109,9,9.4,9,/extracted_figures/lebo109_fig_9_4.png,SOURCE_lebo109_9_9.4,1f21fb2ade5542fce7a6ef79f60d0932414ed57f7082671aad3212c27b44c6da,272,492,TIGHT_CROP,VALID
FIG_LEBO109_P10_1,lebo109,9,on,10,/extracted_figures/lebo109_p10_img1.jpeg,SOURCE_lebo109_9_on,75df10e3854074504e252150407684f2d2b37efa60f792f808049dd274de55cf,956,152,TIGHT_CROP,VALID
FIG_LEBO109_P11_1,lebo109,9,9.5,11,/extracted_figures/lebo109_p11_img1.jpeg,SOURCE_lebo109_9_9.5,b4752b92063c5d2f17dbe5d7751e4988b826a347f487eb26e373a1d55e628c0d,956,152,TIGHT_CROP,VALID
FIG_LEBO109_P11_2,lebo109,9,on,11,/extracted_figures/lebo109_p11_img2.jpeg,SOURCE_lebo109_9_on,a1eeafb31ce31438de85f4a9b824e28dbc06bc46a5d0a5155105fa92553f5df3,207,192,TIGHT_CROP,VALID
FIG_LEBO109_P11_3,lebo109,9,on,11,/extracted_figures/lebo109_p11_img3.jpeg,SOURCE_lebo109_9_on,ba2796a594b625cdcf5ab8c7bcf0eb3b01171dbffe26a0debbc455d6db5a6f51,212,194,TIGHT_CROP,VALID
FIG_LEBO109_9_5,lebo109,9,9.5,11,/extracted_figures/lebo109_fig_9_5.png,SOURCE_lebo109_9_9.5,26dee60a1caff604fd57907b89ecca807fe102f919b192eed4ddc64166ce7f48,272,183,TIGHT_CROP,VALID
FIG_LEBO109_P12_1,lebo109,9,9.3),12,/extracted_figures/lebo109_p12_img1.jpeg,SOURCE_lebo109_9_9.3),75df10e3854074504e252150407684f2d2b37efa60f792f808049dd274de55cf,956,152,TIGHT_CROP,VALID
FIG_LEBO109_9_6,lebo109,9,9.6,12,/extracted_figures/lebo109_fig_9_6.png,SOURCE_lebo109_9_9.6,de80a55c3767c44f2c6e726325b90c8574a92b42d5b2da988991cfdd5741b304,498,396,TIGHT_CROP,VALID
FIG_LEBO109_P13_1,lebo109,9,on,13,/extracted_figures/lebo109_p13_img1.jpeg,SOURCE_lebo109_9_on,b4752b92063c5d2f17dbe5d7751e4988b826a347f487eb26e373a1d55e628c0d,956,152,TIGHT_CROP,VALID
FIG_LEBO109_P14_1,lebo109,9,9.7,14,/extracted_figures/lebo109_p14_img1.jpeg,SOURCE_lebo109_9_9.7,75df10e3854074504e252150407684f2d2b37efa60f792f808049dd274de55cf,956,152,TIGHT_CROP,VALID
FIG_LEBO109_P14_2,lebo109,9,9.7,14,/extracted_figures/lebo109_p14_img2.jpeg,SOURCE_lebo109_9_9.7,56ae4a61720eb69f7273feba3c45ea953a8e95e567d531830b60aeba3592fa24,88,125,TIGHT_CROP,VALID
FIG_LEBO109_P14_3,lebo109,9,on,14,/extracted_figures/lebo109_p14_img3.jpeg,SOURCE_lebo109_9_on,cf4dd1f4e5bfb1b0deb97e56bc9ba80e7cf3fdd86ce5d8db2f84ce16e4d8fa02,146,130,TIGHT_CROP,VALID
FIG_LEBO109_9_7,lebo109,9,9.7,14,/extracted_figures/lebo109_fig_9_7.png,SOURCE_lebo109_9_9.7,7bfce2c58115b0acf2202461637efce7cd8b388fe22919e0596337154ac51000,498,245,TIGHT_CROP,VALID
FIG_LEBO109_P15_1,lebo109,9,on,15,/extracted_figures/lebo109_p15_img1.jpeg,SOURCE_lebo109_9_on,b4752b92063c5d2f17dbe5d7751e4988b826a347f487eb26e373a1d55e628c0d,956,152,TIGHT_CROP,VALID
FIG_LEBO109_P15_2,lebo109,9,on,15,/extracted_figures/lebo109_p15_img2.jpeg,SOURCE_lebo109_9_on,3829b60e02efb86afb497b1d4e89f1c8270c21255b0fab2b27647b210776af10,78,322,TIGHT_CROP,VALID
FIG_LEBO109_P16_1,lebo109,9,on,16,/extracted_figures/lebo109_p16_img1.jpeg,SOURCE_lebo109_9_on,75df10e3854074504e252150407684f2d2b37efa60f792f808049dd274de55cf,956,152,TIGHT_CROP,VALID
FIG_LEBO110_P1_1,lebo110,10,on,1,/extracted_figures/lebo110_p1_img1.jpeg,SOURCE_lebo110_10_on,b4752b92063c5d2f17dbe5d7751e4988b826a347f487eb26e373a1d55e628c0d,956,152,TIGHT_CROP,VALID
FIG_LEBO110_P1_2,lebo110,10,on,1,/extracted_figures/lebo110_p1_img2.jpeg,SOURCE_lebo110_10_on,6fad4419d010da0737b9a7ec2e62e82b577f0780275be39ee08a5b1e170c55a8,483,330,TIGHT_CROP,VALID
FIG_LEBO110_P2_1,lebo110,10,on,2,/extracted_figures/lebo110_p2_img1.jpeg,SOURCE_lebo110_10_on,75df10e3854074504e252150407684f2d2b37efa60f792f808049dd274de55cf,956,152,TIGHT_CROP,VALID
FIG_LEBO110_P3_1,lebo110,10,on,3,/extracted_figures/lebo110_p3_img1.jpeg,SOURCE_lebo110_10_on,b4752b92063c5d2f17dbe5d7751e4988b826a347f487eb26e373a1d55e628c0d,956,152,TIGHT_CROP,VALID
FIG_LEBO110_P4_1,lebo110,10,10.1),4,/extracted_figures/lebo110_p4_img1.jpeg,SOURCE_lebo110_10_10.1),75df10e3854074504e252150407684f2d2b37efa60f792f808049dd274de55cf,956,152,TIGHT_CROP,VALID
FIG_LEBO110_P4_3,lebo110,10,10.2),4,/extracted_figures/lebo110_p4_img3.jpeg,SOURCE_lebo110_10_10.2),2f482613a75f7baffdf75ca19acd4124c72a1d55a970a7be215ea905bcb33661,564,376,TIGHT_CROP,VALID
FIG_LEBO110_10_1,lebo110,10,10.1,4,/extracted_figures/lebo110_fig_10_1.png,SOURCE_lebo110_10_10.1,af57a5f387961d5f8f608d5a8055fbdb2e8a390e418c102b3b6dfeb6e58eaa14,498,241,TIGHT_CROP,VALID
FIG_LEBO110_P5_1,lebo110,10,10.3),5,/extracted_figures/lebo110_p5_img1.jpeg,SOURCE_lebo110_10_10.3),b4752b92063c5d2f17dbe5d7751e4988b826a347f487eb26e373a1d55e628c0d,956,152,TIGHT_CROP,VALID
FIG_LEBO110_P5_2,lebo110,10,on,5,/extracted_figures/lebo110_p5_img2.jpeg,SOURCE_lebo110_10_on,9fac49129233d76d56c67a3f47929a0f2b7ae739aa180b7dce60fbdf44d7f724,679,334,TIGHT_CROP,VALID
FIG_LEBO110_10_2,lebo110,10,10.2,5,/extracted_figures/lebo110_fig_10_2.png,SOURCE_lebo110_10_10.2,a391c41ad20626decd73b9c0539cca010845306a8cd45bc2f105b1df3f587a0e,498,259,TIGHT_CROP,VALID
FIG_LEBO110_P6_1,lebo110,10,10.3,6,/extracted_figures/lebo110_p6_img1.jpeg,SOURCE_lebo110_10_10.3,75df10e3854074504e252150407684f2d2b37efa60f792f808049dd274de55cf,956,152,TIGHT_CROP,VALID
FIG_LEBO110_P6_2,lebo110,10,on,6,/extracted_figures/lebo110_p6_img2.jpeg,SOURCE_lebo110_10_on,08c668784254a0be71903acf2784ce3f8bebe74f9984202648e20e7caa129116,281,226,TIGHT_CROP,VALID
FIG_LEBO110_10_3,lebo110,10,10.3,6,/extracted_figures/lebo110_fig_10_3.png,SOURCE_lebo110_10_10.3,5c52d1960579bd10be99b85142eb6520de85e819e1595d96b83ba09f7b4d8611,272,210,TIGHT_CROP,VALID
FIG_LEBO110_P7_1,lebo110,10,on,7,/extracted_figures/lebo110_p7_img1.jpeg,SOURCE_lebo110_10_on,b4752b92063c5d2f17dbe5d7751e4988b826a347f487eb26e373a1d55e628c0d,956,152,TIGHT_CROP,VALID
FIG_LEBO110_P8_1,lebo110,10,on,8,/extracted_figures/lebo110_p8_img1.jpeg,SOURCE_lebo110_10_on,75df10e3854074504e252150407684f2d2b37efa60f792f808049dd274de55cf,956,152,TIGHT_CROP,VALID
FIG_LEBO110_P9_1,lebo110,10,on,9,/extracted_figures/lebo110_p9_img1.jpeg,SOURCE_lebo110_10_on,b4752b92063c5d2f17dbe5d7751e4988b826a347f487eb26e373a1d55e628c0d,956,152,TIGHT_CROP,VALID
FIG_LEBO110_P10_1,lebo110,10,on,10,/extracted_figures/lebo110_p10_img1.jpeg,SOURCE_lebo110_10_on,75df10e3854074504e252150407684f2d2b37efa60f792f808049dd274de55cf,956,152,TIGHT_CROP,VALID
FIG_LEBO110_P10_2,lebo110,10,on,10,/extracted_figures/lebo110_p10_img2.jpeg,SOURCE_lebo110_10_on,ce1aed3e02ebdadab3403c99e7c9be2992018fd5ce4b7e7df28cb05f453b1113,78,375,TIGHT_CROP,VALID
FIG_LEBO110_P11_1,lebo110,10,on,11,/extracted_figures/lebo110_p11_img1.jpeg,SOURCE_lebo110_10_on,b4752b92063c5d2f17dbe5d7751e4988b826a347f487eb26e373a1d55e628c0d,956,152,TIGHT_CROP,VALID
FIG_LEBO111_P1_1,lebo111,11,on,1,/extracted_figures/lebo111_p1_img1.jpeg,SOURCE_lebo111_11_on,ac9215a7bf04b6403fe03c04be25953683de591f53b350e2a68bf25f232c513a,954,1284,TIGHT_CROP,VALID
FIG_LEBO111_P3_1,lebo111,11,on,3,/extracted_figures/lebo111_p3_img1.jpeg,SOURCE_lebo111_11_on,b4752b92063c5d2f17dbe5d7751e4988b826a347f487eb26e373a1d55e628c0d,956,152,TIGHT_CROP,VALID
FIG_LEBO111_P3_2,lebo111,11,on,3,/extracted_figures/lebo111_p3_img2.jpeg,SOURCE_lebo111_11_on,832b79bd09500095dd5de444f53a85d06d32b5ce5946005c99675d686327c631,204,198,TIGHT_CROP,VALID
FIG_LEBO111_P4_1,lebo111,11,11.1),4,/extracted_figures/lebo111_p4_img1.jpeg,SOURCE_lebo111_11_11.1),b4752b92063c5d2f17dbe5d7751e4988b826a347f487eb26e373a1d55e628c0d,956,152,TIGHT_CROP,VALID
FIG_LEBO111_P5_1,lebo111,11,11.1,5,/extracted_figures/lebo111_p5_img1.jpeg,SOURCE_lebo111_11_11.1,75df10e3854074504e252150407684f2d2b37efa60f792f808049dd274de55cf,956,152,TIGHT_CROP,VALID
FIG_LEBO111_11_1,lebo111,11,11.1,5,/extracted_figures/lebo111_fig_11_1.png,SOURCE_lebo111_11_11.1,180a0625a92006a2857907cc266144a189c08f737380b28d2d6cb2a0365c944b,498,150,TIGHT_CROP,VALID
FIG_LEBO111_P6_1,lebo111,11,11.2,6,/extracted_figures/lebo111_p6_img1.jpeg,SOURCE_lebo111_11_11.2,b4752b92063c5d2f17dbe5d7751e4988b826a347f487eb26e373a1d55e628c0d,956,152,TIGHT_CROP,VALID
FIG_LEBO111_11_2,lebo111,11,11.2,6,/extracted_figures/lebo111_fig_11_2.png,SOURCE_lebo111_11_11.2,19686db498740373a4bae1d165368f4fd8037a2c6933d2d4cb1245d0f42bad47,272,299,TIGHT_CROP,VALID
FIG_LEBO111_P7_1,lebo111,11,11.3,7,/extracted_figures/lebo111_p7_img1.jpeg,SOURCE_lebo111_11_11.3,75df10e3854074504e252150407684f2d2b37efa60f792f808049dd274de55cf,956,152,TIGHT_CROP,VALID
FIG_LEBO111_11_3,lebo111,11,11.3,7,/extracted_figures/lebo111_fig_11_3.png,SOURCE_lebo111_11_11.3,a6683c80c03c2519cf9dda952bfb6001267b72d003cab8e1c8304fcdd12be136,272,225,TIGHT_CROP,VALID
FIG_LEBO111_P8_1,lebo111,11,11.3),8,/extracted_figures/lebo111_p8_img1.jpeg,SOURCE_lebo111_11_11.3),b4752b92063c5d2f17dbe5d7751e4988b826a347f487eb26e373a1d55e628c0d,956,152,TIGHT_CROP,VALID
FIG_LEBO111_P9_1,lebo111,11,on,9,/extracted_figures/lebo111_p9_img1.jpeg,SOURCE_lebo111_11_on,75df10e3854074504e252150407684f2d2b37efa60f792f808049dd274de55cf,956,152,TIGHT_CROP,VALID
FIG_LEBO111_P10_1,lebo111,11,on,10,/extracted_figures/lebo111_p10_img1.jpeg,SOURCE_lebo111_11_on,b4752b92063c5d2f17dbe5d7751e4988b826a347f487eb26e373a1d55e628c0d,956,152,TIGHT_CROP,VALID
FIG_LEBO111_P11_1,lebo111,11,on,11,/extracted_figures/lebo111_p11_img1.jpeg,SOURCE_lebo111_11_on,75df10e3854074504e252150407684f2d2b37efa60f792f808049dd274de55cf,956,152,TIGHT_CROP,VALID
FIG_LEBO111_P12_1,lebo111,11,on,12,/extracted_figures/lebo111_p12_img1.jpeg,SOURCE_lebo111_11_on,b4752b92063c5d2f17dbe5d7751e4988b826a347f487eb26e373a1d55e628c0d,956,152,TIGHT_CROP,VALID
FIG_LEBO111_P13_1,lebo111,11,on,13,/extracted_figures/lebo111_p13_img1.jpeg,SOURCE_lebo111_11_on,75df10e3854074504e252150407684f2d2b37efa60f792f808049dd274de55cf,956,152,TIGHT_CROP,VALID
FIG_LEBO111_P14_1,lebo111,11,11.4,14,/extracted_figures/lebo111_p14_img1.jpeg,SOURCE_lebo111_11_11.4,b4752b92063c5d2f17dbe5d7751e4988b826a347f487eb26e373a1d55e628c0d,956,152,TIGHT_CROP,VALID
FIG_LEBO111_P14_2,lebo111,11,on,14,/extracted_figures/lebo111_p14_img2.jpeg,SOURCE_lebo111_11_on,b84907078a50876358654d2e7fa163c3ce1336e9ecbaf85d76870cd6e80003c3,273,258,TIGHT_CROP,VALID
FIG_LEBO111_P14_3,lebo111,11,on,14,/extracted_figures/lebo111_p14_img3.jpeg,SOURCE_lebo111_11_on,32e74cf212fe2985f24d59e7e2feb207d9c1ed93e6d0db1a3b9d048ec8723b19,401,259,TIGHT_CROP,VALID
FIG_LEBO111_11_4,lebo111,11,11.4,14,/extracted_figures/lebo111_fig_11_4.png,SOURCE_lebo111_11_11.4,76204b3bb06a129117d15368fadfdf2fd7a2e126dac1ac6bb8d46f6fd383515d,498,222,TIGHT_CROP,VALID
FIG_LEBO111_P15_1,lebo111,11,11.4),15,/extracted_figures/lebo111_p15_img1.jpeg,SOURCE_lebo111_11_11.4),75df10e3854074504e252150407684f2d2b37efa60f792f808049dd274de55cf,956,152,TIGHT_CROP,VALID
FIG_LEBO111_P15_2,lebo111,11,11.5),15,/extracted_figures/lebo111_p15_img2.jpeg,SOURCE_lebo111_11_11.5),b3656cdfb8d24dfbf8036bcd3051f1a49ab3d0cb0bc5eec2ad2ed9aaf9a1046c,297,320,TIGHT_CROP,VALID
FIG_LEBO111_11_5,lebo111,11,11.5,15,/extracted_figures/lebo111_fig_11_5.png,SOURCE_lebo111_11_11.5,cb191112f1b843314e3c2e1df6f611c4a513ee1c637c9cf5e07a557761102810,272,175,TIGHT_CROP,VALID
FIG_LEBO111_P16_1,lebo111,11,on,16,/extracted_figures/lebo111_p16_img1.jpeg,SOURCE_lebo111_11_on,b4752b92063c5d2f17dbe5d7751e4988b826a347f487eb26e373a1d55e628c0d,956,152,TIGHT_CROP,VALID
FIG_LEBO111_P17_1,lebo111,11,on,17,/extracted_figures/lebo111_p17_img1.jpeg,SOURCE_lebo111_11_on,75df10e3854074504e252150407684f2d2b37efa60f792f808049dd274de55cf,956,152,TIGHT_CROP,VALID
FIG_LEBO112_P1_1,lebo112,12,on,1,/extracted_figures/lebo112_p1_img1.jpeg,SOURCE_lebo112_12_on,b4752b92063c5d2f17dbe5d7751e4988b826a347f487eb26e373a1d55e628c0d,956,152,TIGHT_CROP,VALID
FIG_LEBO112_P1_2,lebo112,12,on,1,/extracted_figures/lebo112_p1_img2.jpeg,SOURCE_lebo112_12_on,c10573c0e01935cb6dfce53c7b6b01e8ebe3cb80cec0594733efebaaa43947f8,238,213,TIGHT_CROP,VALID
FIG_LEBO112_P1_3,lebo112,12,on,1,/extracted_figures/lebo112_p1_img3.jpeg,SOURCE_lebo112_12_on,c35d9eb3f1433cba85497f3750744fb783d0992f439e8a65aa4789d6249afdff,132,132,TIGHT_CROP,VALID
FIG_LEBO112_P2_1,lebo112,12,on,2,/extracted_figures/lebo112_p2_img1.jpeg,SOURCE_lebo112_12_on,75df10e3854074504e252150407684f2d2b37efa60f792f808049dd274de55cf,956,152,TIGHT_CROP,VALID
FIG_LEBO112_P3_1,lebo112,12,on,3,/extracted_figures/lebo112_p3_img1.jpeg,SOURCE_lebo112_12_on,b4752b92063c5d2f17dbe5d7751e4988b826a347f487eb26e373a1d55e628c0d,956,152,TIGHT_CROP,VALID
FIG_LEBO112_P4_1,lebo112,12,12.1,4,/extracted_figures/lebo112_p4_img1.jpeg,SOURCE_lebo112_12_12.1,75df10e3854074504e252150407684f2d2b37efa60f792f808049dd274de55cf,956,152,TIGHT_CROP,VALID
FIG_LEBO112_12_1,lebo112,12,12.1,4,/extracted_figures/lebo112_fig_12_1.png,SOURCE_lebo112_12_12.1,70d591ec5d505acb19e16991fe50d0fe62dcca0fb23810345f4b3f7f523a6d02,498,444,TIGHT_CROP,VALID
FIG_LEBO112_P5_1,lebo112,12,on,5,/extracted_figures/lebo112_p5_img1.jpeg,SOURCE_lebo112_12_on,b4752b92063c5d2f17dbe5d7751e4988b826a347f487eb26e373a1d55e628c0d,956,152,TIGHT_CROP,VALID
FIG_LEBO112_P6_1,lebo112,12,12.2),6,/extracted_figures/lebo112_p6_img1.jpeg,SOURCE_lebo112_12_12.2),75df10e3854074504e252150407684f2d2b37efa60f792f808049dd274de55cf,956,152,TIGHT_CROP,VALID
FIG_LEBO112_12_2,lebo112,12,12.2,6,/extracted_figures/lebo112_fig_12_2.png,SOURCE_lebo112_12_12.2,2de4356954dac1a6e4fba170711f2671203be0ab5bdb19830f0978a7f8990d32,498,328,TIGHT_CROP,VALID
FIG_LEBO112_P7_1,lebo112,12,12.3),7,/extracted_figures/lebo112_p7_img1.jpeg,SOURCE_lebo112_12_12.3),b4752b92063c5d2f17dbe5d7751e4988b826a347f487eb26e373a1d55e628c0d,956,152,TIGHT_CROP,VALID
FIG_LEBO112_12_3,lebo112,12,12.3,7,/extracted_figures/lebo112_fig_12_3.png,SOURCE_lebo112_12_12.3,f6dd825c72f2aa4f1707d32a6a1248ee9bb7f66d6a94012a7d9cd8290ebf9d5f,498,315,TIGHT_CROP,VALID
FIG_LEBO112_P8_1,lebo112,12,12.4,8,/extracted_figures/lebo112_p8_img1.jpeg,SOURCE_lebo112_12_12.4,75df10e3854074504e252150407684f2d2b37efa60f792f808049dd274de55cf,956,152,TIGHT_CROP,VALID
FIG_LEBO112_P9_1,lebo112,12,on,9,/extracted_figures/lebo112_p9_img1.jpeg,SOURCE_lebo112_12_on,b4752b92063c5d2f17dbe5d7751e4988b826a347f487eb26e373a1d55e628c0d,956,152,TIGHT_CROP,VALID
FIG_LEBO112_12_4,lebo112,12,12.4,9,/extracted_figures/lebo112_fig_12_4.png,SOURCE_lebo112_12_12.4,33f270fb112643f59a42bce53e3a17eba361994ccc15cf7e5cf77a4d5c569689,498,227,TIGHT_CROP,VALID
FIG_LEBO112_P10_1,lebo112,12,on,10,/extracted_figures/lebo112_p10_img1.jpeg,SOURCE_lebo112_12_on,75df10e3854074504e252150407684f2d2b37efa60f792f808049dd274de55cf,956,152,TIGHT_CROP,VALID
FIG_LEBO112_P11_1,lebo112,12,on,11,/extracted_figures/lebo112_p11_img1.jpeg,SOURCE_lebo112_12_on,b4752b92063c5d2f17dbe5d7751e4988b826a347f487eb26e373a1d55e628c0d,956,152,TIGHT_CROP,VALID
FIG_LEBO113_P1_1,lebo113,13,on,1,/extracted_figures/lebo113_p1_img1.jpeg,SOURCE_lebo113_13_on,75df10e3854074504e252150407684f2d2b37efa60f792f808049dd274de55cf,956,152,TIGHT_CROP,VALID
FIG_LEBO113_P1_2,lebo113,13,on,1,/extracted_figures/lebo113_p1_img2.jpeg,SOURCE_lebo113_13_on,ca86dc2a69fa57a79383eba292c3dea083cf5858dd63c0b470c1fcf8ea62e7fc,206,210,TIGHT_CROP,VALID
FIG_LEBO113_P2_1,lebo113,13,on,2,/extracted_figures/lebo113_p2_img1.jpeg,SOURCE_lebo113_13_on,b4752b92063c5d2f17dbe5d7751e4988b826a347f487eb26e373a1d55e628c0d,956,152,TIGHT_CROP,VALID
FIG_LEBO113_P3_1,lebo113,13,"13.1,",3,/extracted_figures/lebo113_p3_img1.jpeg,"SOURCE_lebo113_13_13.1,",75df10e3854074504e252150407684f2d2b37efa60f792f808049dd274de55cf,956,152,TIGHT_CROP,VALID
FIG_LEBO113_13_1,lebo113,13,13.1,3,/extracted_figures/lebo113_fig_13_1.png,SOURCE_lebo113_13_13.1,b32f09c21e88b90bcef0735be002860c5d1042059f1e3bb8c84e2407b6377002,498,370,TIGHT_CROP,VALID
FIG_LEBO113_P4_1,lebo113,13,on,4,/extracted_figures/lebo113_p4_img1.jpeg,SOURCE_lebo113_13_on,b4752b92063c5d2f17dbe5d7751e4988b826a347f487eb26e373a1d55e628c0d,956,152,TIGHT_CROP,VALID
FIG_LEBO113_P5_1,lebo113,13,13.2,5,/extracted_figures/lebo113_p5_img1.jpeg,SOURCE_lebo113_13_13.2,75df10e3854074504e252150407684f2d2b37efa60f792f808049dd274de55cf,956,152,TIGHT_CROP,VALID
FIG_LEBO113_13_2,lebo113,13,13.2,5,/extracted_figures/lebo113_fig_13_2.png,SOURCE_lebo113_13_13.2,236cf720d91acdd8736102c60ef75ac8f2447c598ac0720a3e8f6577d7bb8475,272,252,TIGHT_CROP,VALID
FIG_LEBO113_P6_1,lebo113,13,on,6,/extracted_figures/lebo113_p6_img1.jpeg,SOURCE_lebo113_13_on,b4752b92063c5d2f17dbe5d7751e4988b826a347f487eb26e373a1d55e628c0d,956,152,TIGHT_CROP,VALID
FIG_LEBO113_P7_1,lebo113,13,on,7,/extracted_figures/lebo113_p7_img1.jpeg,SOURCE_lebo113_13_on,75df10e3854074504e252150407684f2d2b37efa60f792f808049dd274de55cf,956,152,TIGHT_CROP,VALID
FIG_LEBO113_P8_1,lebo113,13,on,8,/extracted_figures/lebo113_p8_img1.jpeg,SOURCE_lebo113_13_on,b4752b92063c5d2f17dbe5d7751e4988b826a347f487eb26e373a1d55e628c0d,956,152,TIGHT_CROP,VALID
FIG_LEBO113_P9_1,lebo113,13,on,9,/extracted_figures/lebo113_p9_img1.jpeg,SOURCE_lebo113_13_on,75df10e3854074504e252150407684f2d2b37efa60f792f808049dd274de55cf,956,152,TIGHT_CROP,VALID
FIG_LEBO113_P10_1,lebo113,13,on,10,/extracted_figures/lebo113_p10_img1.jpeg,SOURCE_lebo113_13_on,b4752b92063c5d2f17dbe5d7751e4988b826a347f487eb26e373a1d55e628c0d,956,152,TIGHT_CROP,VALID
FIG_LEBO113_P11_1,lebo113,13,on,11,/extracted_figures/lebo113_p11_img1.jpeg,SOURCE_lebo113_13_on,75df10e3854074504e252150407684f2d2b37efa60f792f808049dd274de55cf,956,152,TIGHT_CROP,VALID
FIG_LEBO113_P12_1,lebo113,13,on,12,/extracted_figures/lebo113_p12_img1.jpeg,SOURCE_lebo113_13_on,b4752b92063c5d2f17dbe5d7751e4988b826a347f487eb26e373a1d55e628c0d,956,152,TIGHT_CROP,VALID
FIG_LECH101_P1_1,lech101,1,on,1,/extracted_figures/lech101_p1_img1.jpx,SOURCE_lech101_1_on,9d7be3e52f7aa9a8e1f438ae3c1af03ab5d1a187e55ede39bed2a989a30b8b54,177,177,TIGHT_CROP,VALID
FIG_LECH101_P2_1,lech101,1,on,2,/extracted_figures/lech101_p2_img1.jpx,SOURCE_lech101_1_on,f4f985a212028b20d0e28555cf655e7ad26416ca606296b1accc9c5d51461fd5,994,438,TIGHT_CROP,VALID
FIG_LECH101_P5_2,lech101,1,on,5,/extracted_figures/lech101_p5_img2.jpx,SOURCE_lech101_1_on,5c26eb0113a054222d926afac67312fec10c6f112ce0871f79e1a1a03c57bbd6,991,378,TIGHT_CROP,VALID
FIG_LECH101_1_1,lech101,1,1.1,7,/extracted_figures/lech101_fig_1_1.png,SOURCE_lech101_1_1.1,16b89c0f97602ccfdc2def0f5f8d36c7312d1a8ed136ca88bf0d355059ae472b,276,162,TIGHT_CROP,VALID
FIG_LECH101_1_2,lech101,1,1.2,7,/extracted_figures/lech101_fig_1_2.png,SOURCE_lech101_1_1.2,c05e20b09f4c6475d12f9ebac03bf5c9a4b046b6cc384e09e2a7651482cd69c5,276,195,TIGHT_CROP,VALID
FIG_LECH101_P8_1,lech101,1,on,8,/extracted_figures/lech101_p8_img1.jpx,SOURCE_lech101_1_on,220c48d1bf3cb3ecb141b9584b471188e009575c809f8095942c7f2657328e57,996,552,TIGHT_CROP,VALID
FIG_LECH101_P8_2,lech101,1,on,8,/extracted_figures/lech101_p8_img2.jpx,SOURCE_lech101_1_on,0378279c09263ca2c8c21a64b2b9fcf00317a0c853792d680720868650c92371,989,243,TIGHT_CROP,VALID
FIG_LECH101_P9_1,lech101,1,on,9,/extracted_figures/lech101_p9_img1.jpx,SOURCE_lech101_1_on,2e69280843802bbdb292e73bb4da2a2b4546a68b9bf08763e701e4d9df1b21bd,942,202,TIGHT_CROP,VALID
FIG_LECH101_1_3,lech101,1,1.3,10,/extracted_figures/lech101_fig_1_3.png,SOURCE_lech101_1_1.3,e6364c7ba3e5de9e0928b7b272e79288c9a45004bcc8b07ec572dfa0f279bb4a,276,205,TIGHT_CROP,VALID
FIG_LECH101_1_4,lech101,1,1.4,12,/extracted_figures/lech101_fig_1_4.png,SOURCE_lech101_1_1.4,0e956375952902616faf023a0c3eb46c898506ed3ae0d278268d2ca424a50b45,276,177,TIGHT_CROP,VALID
FIG_LECH101_1_5,lech101,1,1.5,13,/extracted_figures/lech101_fig_1_5.png,SOURCE_lech101_1_1.5,6b3cec68165e89c465771e65b4f090c57b604cd0ac41978c4bfaa5384adf8b62,276,170,TIGHT_CROP,VALID
FIG_LECH101_1_6,lech101,1,1.6,14,/extracted_figures/lech101_fig_1_6.png,SOURCE_lech101_1_1.6,46059cd1b840cdc5ea3dbe808c1c9a68e5e8d2e8b4c1891cfb83a272b51449dc,276,208,TIGHT_CROP,VALID
FIG_LECH101_P16_1,lech101,1,on,16,/extracted_figures/lech101_p16_img1.jpx,SOURCE_lech101_1_on,1b31d8b51eab671956de8d5d8eeb03b897b0e1c5806bed48615c4de569e2b472,994,374,TIGHT_CROP,VALID
FIG_LECH101_1_7,lech101,1,1.7,17,/extracted_figures/lech101_fig_1_7.png,SOURCE_lech101_1_1.7,f5e6ac112d082ba3eb4ec8e00287ed10283094ec9776524751400126cb7685e9,276,195,TIGHT_CROP,VALID
FIG_LECH101_1_8,lech101,1,1.8,18,/extracted_figures/lech101_fig_1_8.png,SOURCE_lech101_1_1.8,0256bf9fca91ae390399205b8946441fa219b2d644a1d4a96e80b04ab607328a,276,76,TIGHT_CROP,VALID
FIG_LECH101_P20_1,lech101,1,on,20,/extracted_figures/lech101_p20_img1.jpx,SOURCE_lech101_1_on,a4947beb16c417eb257c5bc44032c89455309417824b076bb7c0e842640ba338,996,762,TIGHT_CROP,VALID
FIG_LECH101_1_9,lech101,1,1.9,20,/extracted_figures/lech101_fig_1_9.png,SOURCE_lech101_1_1.9,82e6b5b9467bca85a9f95a246ee082a2636c285f498b13e3cde1c249f8c8422f,276,185,TIGHT_CROP,VALID
FIG_LECH101_1_10,lech101,1,1.10,21,/extracted_figures/lech101_fig_1_10.png,SOURCE_lech101_1_1.10,dacef4c6f81d3e113e407ae2faa15b31f942c5254bddbdbe89acabff68a09065,276,196,TIGHT_CROP,VALID
FIG_LECH101_P22_1,lech101,1,on,22,/extracted_figures/lech101_p22_img1.jpx,SOURCE_lech101_1_on,5c26eb0113a054222d926afac67312fec10c6f112ce0871f79e1a1a03c57bbd6,991,378,TIGHT_CROP,VALID
FIG_LECH101_1_11,lech101,1,1.11,23,/extracted_figures/lech101_fig_1_11.png,SOURCE_lech101_1_1.11,3874a552190cca9493b2a39f9d2c95bbc9bd175ff0ad212925bd99e9bb80fa20,276,86,TIGHT_CROP,VALID
FIG_LECH101_P25_1,lech101,1,on,25,/extracted_figures/lech101_p25_img1.jpx,SOURCE_lech101_1_on,3307374c4d268ff936dfcdefa1a9a622b2a66ee3ceb237c0e314a5c96a66afd4,1006,1030,TIGHT_CROP,VALID
FIG_LECH101_P25_2,lech101,1,on,25,/extracted_figures/lech101_p25_img2.jpx,SOURCE_lech101_1_on,7a9a2d262dea0a552d490e8a9d5e5aad79dbaf03cd1f0dbd047d21fa8fb9aa54,753,252,TIGHT_CROP,VALID
FIG_LECH101_P26_1,lech101,1,on,26,/extracted_figures/lech101_p26_img1.jpx,SOURCE_lech101_1_on,6e8b04755417e205d162c7f617e782eb17fb975fc64f500978d906be79d29ca8,1000,1275,FULL_PAGE_LIKE,VALID
FIG_LECH102_P1_1,lech102,2,on,1,/extracted_figures/lech102_p1_img1.jpx,SOURCE_lech102_2_on,27542b10bf50fc90f6217a49d54f2fb3682b5da2d596e0aea93e954d709be6ab,177,177,TIGHT_CROP,VALID
FIG_LECH102_P2_1,lech102,2,on,2,/extracted_figures/lech102_p2_img1.jpx,SOURCE_lech102_2_on,5951d052afe56cbfdf434f719122e1c7675bb3093d208454bab796443252d02d,107,112,TIGHT_CROP,VALID
FIG_LECH102_P2_2,lech102,2,on,2,/extracted_figures/lech102_p2_img2.jpx,SOURCE_lech102_2_on,ca582ecaed5eda511d7576ad942790143fde52dbfa5c3eaf0b3f4f424ab8594b,158,167,TIGHT_CROP,VALID
FIG_LECH102_P2_3,lech102,2,on,2,/extracted_figures/lech102_p2_img3.jpx,SOURCE_lech102_2_on,1c6230d3971415f542490988b1c00ad7261bbf49a7f01f7160cd12b5b9369966,103,109,TIGHT_CROP,VALID
FIG_LECH102_2_2,lech102,2,2.2,2,/extracted_figures/lech102_fig_2_2.png,SOURCE_lech102_2_2.2,0e3ecf59a58f3189092018dd35f4d71745a93e08605ece5ce89c15254d283475,429,338,TIGHT_CROP,VALID
FIG_LECH102_2_1,lech102,2,2.1,2,/extracted_figures/lech102_fig_2_1.png,SOURCE_lech102_2_2.1,14dc3ad57ba281df4bbafef455f58d0cd1d09b183656583f1e2072749d1f6f56,276,162,TIGHT_CROP,VALID
FIG_LECH102_3_3,lech102,2,3.3,4,/extracted_figures/lech102_fig_3_3.png,SOURCE_lech102_2_3.3,9b860cf5d2e15f47f79112377337533cc0b64f550b2f75445c3571df9f89f5d3,504,491,TIGHT_CROP,VALID
FIG_LECH102_2_3,lech102,2,2.3,4,/extracted_figures/lech102_fig_2_3.png,SOURCE_lech102_2_2.3,db7434cb4f378cd41bb2a8cdf1d200a457c1ec75ae03e24a248ce381a0faeab5,276,221,TIGHT_CROP,VALID
FIG_LECH102_P7_1,lech102,2,on,7,/extracted_figures/lech102_p7_img1.jpx,SOURCE_lech102_2_on,238bf2b1ad8510d4e4210761cfc59f5dd1b6772b14dde661b9b2053b610f2ce1,987,1149,TIGHT_CROP,VALID
FIG_LECH102_P11_1,lech102,2,on,11,/extracted_figures/lech102_p11_img1.jpx,SOURCE_lech102_2_on,9fd25838e2ee67c26a6244625b615c854efeb19d6e502d2a0bd5d3ead0098007,951,371,TIGHT_CROP,VALID
FIG_LECH102_P12_1,lech102,2,on,12,/extracted_figures/lech102_p12_img1.jpx,SOURCE_lech102_2_on,079ac0b968ffc576751df15a84c279a478f195a1c2e64409bd039d96ed945290,752,379,TIGHT_CROP,VALID
FIG_LECH102_2_4,lech102,2,2.4,13,/extracted_figures/lech102_fig_2_4.png,SOURCE_lech102_2_2.4,44b97f06511fa6519a9e1f8b2fbfcdf19fcd9bd1cf4f646eefa9b6005b54ef59,276,146,TIGHT_CROP,VALID
FIG_LECH102_P14_1,lech102,2,on,14,/extracted_figures/lech102_p14_img1.jpx,SOURCE_lech102_2_on,14311c9d6fd71f26e5d3b8d16c84435e061cfbe1bc08432f8794efb1ff442bf1,751,194,TIGHT_CROP,VALID
FIG_LECH102_2_5,lech102,2,2.5,14,/extracted_figures/lech102_fig_2_5.png,SOURCE_lech102_2_2.5,39930e47ba058725718f50c21cf3606eee5a5465581d4856cdc40451f5d1d7cc,276,195,TIGHT_CROP,VALID
FIG_LECH102_P15_1,lech102,2,on,15,/extracted_figures/lech102_p15_img1.jpx,SOURCE_lech102_2_on,95c3a8282e206bcefda2f8b69ca58400976dd0877b0e1cd2bdffd4a07edd7961,996,1110,TIGHT_CROP,VALID
FIG_LECH102_P16_1,lech102,2,on,16,/extracted_figures/lech102_p16_img1.jpx,SOURCE_lech102_2_on,1d8853c84e44baae85383737ca61483689d17733173b6724db2edd95c739bb08,990,1088,TIGHT_CROP,VALID
FIG_LECH102_2_6,lech102,2,2.6,17,/extracted_figures/lech102_fig_2_6.png,SOURCE_lech102_2_2.6,6601bfb4c3b28a25a8dd85907c3e35fb7ffe16042dd2097f818662b338e529f7,276,263,TIGHT_CROP,VALID
FIG_LECH102_P18_1,lech102,2,on,18,/extracted_figures/lech102_p18_img1.jpx,SOURCE_lech102_2_on,c0eff8833a79185d4b2d118c5b6ca59b1cfcce7d825ca0e2d9b74e72239124c9,986,1285,TIGHT_CROP,VALID
FIG_LECH102_3_7,lech102,2,3.7,18,/extracted_figures/lech102_fig_3_7.png,SOURCE_lech102_2_3.7,a0a3006de1945cc6a6518bb3c7fc26cae77639740981a10fed5ced3fa9f6717d,506,491,TIGHT_CROP,VALID
FIG_LECH102_2_7,lech102,2,2.7,18,/extracted_figures/lech102_fig_2_7.png,SOURCE_lech102_2_2.7,8b18cce3b037abde72d465d7b9e336bb470295c4d6ff417e419ed84e1e3c74ef,276,255,TIGHT_CROP,VALID
FIG_LECH102_P20_1,lech102,2,on,20,/extracted_figures/lech102_p20_img1.jpx,SOURCE_lech102_2_on,982a4f5c7716d76a731caf1bf3cad4b9b66ea88778af2e5d2de2ad1104d66e21,993,825,TIGHT_CROP,VALID
FIG_LECH102_P21_1,lech102,2,on,21,/extracted_figures/lech102_p21_img1.jpx,SOURCE_lech102_2_on,1fe018e3219f3f3a0fca98d33b653b94b582f62634b8d8b6340ca8e11757c945,950,206,TIGHT_CROP,VALID
FIG_LECH102_P24_2,lech102,2,on,24,/extracted_figures/lech102_p24_img2.jpx,SOURCE_lech102_2_on,6b5d47d69e981ca363d40c92b92523d2ab28f7ef38033026e856aa138f6b8375,225,365,TIGHT_CROP,VALID
FIG_LECH102_2_8,lech102,2,2.8,24,/extracted_figures/lech102_fig_2_8.png,SOURCE_lech102_2_2.8,8b4a2036e78939b4d1b7e0e70756a9630672eef73f62132bf4f4084edfe92de1,276,51,TIGHT_CROP,VALID
FIG_LECH102_P25_1,lech102,2,on,25,/extracted_figures/lech102_p25_img1.jpx,SOURCE_lech102_2_on,47125d6bac25eb1c99a2db2bd0f869a7754a8dc6891437f3bf9a25c729bdea93,491,407,TIGHT_CROP,VALID
FIG_LECH102_P25_2,lech102,2,on,25,/extracted_figures/lech102_p25_img2.jpx,SOURCE_lech102_2_on,6ba3fdc137e8a23bb0c1ec71bd750a2495504207a3a21231fe4fb81756ded3e5,321,260,TIGHT_CROP,VALID
FIG_LECH102_2_10,lech102,2,2.10,25,/extracted_figures/lech102_fig_2_10.png,SOURCE_lech102_2_2.10,8628db24f8b2df287c111087bf9b9d81c584091ee4e8317713903ed0ebfc4058,276,254,TIGHT_CROP,VALID
FIG_LECH102_2_9,lech102,2,2.9,25,/extracted_figures/lech102_fig_2_9.png,SOURCE_lech102_2_2.9,a4870fe120ecd49e4cba32c3b96e440f0582b314b22748b719c67394ac13d8fa,276,163,TIGHT_CROP,VALID
FIG_LECH102_P26_1,lech102,2,on,26,/extracted_figures/lech102_p26_img1.jpx,SOURCE_lech102_2_on,95bf10e629ba3f90ae5896c8d08334505878cf4423b1971a20834544183d81a1,214,313,TIGHT_CROP,VALID
FIG_LECH102_2_11,lech102,2,2.11,26,/extracted_figures/lech102_fig_2_11.png,SOURCE_lech102_2_2.11,c45330114d9849a32eb7158d91abfac65e287267a6b1ed4f62b147f0fa6ff078,276,176,TIGHT_CROP,VALID
FIG_LECH102_2_12,lech102,2,2.12,26,/extracted_figures/lech102_fig_2_12.png,SOURCE_lech102_2_2.12,44394297ecfc640c50feeed0b2dffab23871684142ab287c735d140e724c6a06,276,203,TIGHT_CROP,VALID
FIG_LECH102_2_13,lech102,2,2.13,27,/extracted_figures/lech102_fig_2_13.png,SOURCE_lech102_2_2.13,4bba6050b6dee2f68338677893d09bbaffe0f7864de3df45f790dbbb9f638f68,276,195,TIGHT_CROP,VALID
FIG_LECH103_P1_1,lech103,3,on,1,/extracted_figures/lech103_p1_img1.jpx,SOURCE_lech103_3_on,d039b128398aab6d04d2086bf2a769b9ebcef0c4f1b2f5af254a2c12257ef18f,177,177,TIGHT_CROP,VALID
FIG_LECH103_P3_1,lech103,3,on,3,/extracted_figures/lech103_p3_img1.jpx,SOURCE_lech103_3_on,3320cc18772b080402c055ac0d89ba2591ed53b2baf2a572aea6345c1bd40984,988,510,TIGHT_CROP,VALID
FIG_LECH103_3_1,lech103,3,3.1,3,/extracted_figures/lech103_fig_3_1.png,SOURCE_lech103_3_3.1,52c0a4728dc0954607f0d1df44a2f944a9018e4a8c76a295d5519cd20b0b7d1d,506,227,TIGHT_CROP,VALID
FIG_LECH103_P4_1,lech103,3,on,4,/extracted_figures/lech103_p4_img1.jpx,SOURCE_lech103_3_on,6454b44f27bbc636a912ad3df0479e2789fdaf6d4d863ebee7e4ae5d8fa11ee3,992,672,TIGHT_CROP,VALID
FIG_LECH103_P4_2,lech103,3,on,4,/extracted_figures/lech103_p4_img2.jpx,SOURCE_lech103_3_on,7812a0eae205172d070df8dd08497a8e67aff20fd99ba834a79053afdd28bacb,902,370,TIGHT_CROP,VALID
FIG_LECH103_3_2,lech103,3,3.2,5,/extracted_figures/lech103_fig_3_2.png,SOURCE_lech103_3_3.2,d742fc8bd03d6f9fea1b13f1eff3bc5c363413db57f53f56ec6121fda124d87a,506,54,TIGHT_CROP,VALID
FIG_LECH103_P6_1,lech103,3,on,6,/extracted_figures/lech103_p6_img1.jpx,SOURCE_lech103_3_on,b793a768781fed7e7351dd45238dfbe11995d6558cd47bda2006aa7fa11ef33d,986,596,TIGHT_CROP,VALID
FIG_LECH103_P6_2,lech103,3,on,6,/extracted_figures/lech103_p6_img2.jpx,SOURCE_lech103_3_on,767c2ab5059963c217cc28299b834242c198a0ad20b6ce314a4d6495a7574b23,935,215,TIGHT_CROP,VALID
FIG_LECH103_P7_1,lech103,3,on,7,/extracted_figures/lech103_p7_img1.jpx,SOURCE_lech103_3_on,f4ba2a9b788d092f1cc37310a56e16230c7f25db25688302158d50a2837e2102,984,221,TIGHT_CROP,VALID
FIG_LECH103_P8_1,lech103,3,on,8,/extracted_figures/lech103_p8_img1.jpx,SOURCE_lech103_3_on,4c0cfe40ca4732d39dd17790c247bfd4463df3776de49099d21d6ee814035a51,746,267,TIGHT_CROP,VALID
FIG_LECH103_P9_1,lech103,3,on,9,/extracted_figures/lech103_p9_img1.jpx,SOURCE_lech103_3_on,9bfafcb3f15b0d0bdcb9dd2865e96486147f10216624977bdbfc2439e4753d64,753,267,TIGHT_CROP,VALID
FIG_LECH103_P9_2,lech103,3,on,9,/extracted_figures/lech103_p9_img2.jpx,SOURCE_lech103_3_on,8e163eea8bbaf505caa1c49c98be8a1dde1ceeb39e43f547570361fb8da57da6,985,252,TIGHT_CROP,VALID
FIG_LECH103_P11_1,lech103,3,on,11,/extracted_figures/lech103_p11_img1.jpx,SOURCE_lech103_3_on,c9cb624b5e75ddfa64ef43f7bb22f11fb69f3e423a202084278bc72220639edf,929,211,TIGHT_CROP,VALID
FIG_LECH103_3_3,lech103,3,3.3,12,/extracted_figures/lech103_fig_3_3.png,SOURCE_lech103_3_3.3,00d760e7844624f40c15ea74d5d0b17b260767f276a1280ac95eb93c8231b4a4,276,125,TIGHT_CROP,VALID
FIG_LECH103_P14_1,lech103,3,on,14,/extracted_figures/lech103_p14_img1.jpx,SOURCE_lech103_3_on,b7dcd7104d332e119f679bda77d960df8b71a0c6934ee7c999827964c71ce47f,981,486,TIGHT_CROP,VALID
FIG_LECH103_3_4,lech103,3,3.4,14,/extracted_figures/lech103_fig_3_4.png,SOURCE_lech103_3_3.4,712e63005329111c2529873775c9c2deb89305b3649dbbe43ea6dae73ecb29a4,276,210,TIGHT_CROP,VALID
FIG_LECH103_3_5,lech103,3,3.5,14,/extracted_figures/lech103_fig_3_5.png,SOURCE_lech103_3_3.5,2a7bee21191fbe69d79582a6707c36125fb20b2f7f82261d84365b52e788893d,276,213,TIGHT_CROP,VALID
FIG_LECH103_P15_1,lech103,3,on,15,/extracted_figures/lech103_p15_img1.jpx,SOURCE_lech103_3_on,863969aeeaf6ad1158e357aa2025660dd36df0b29021d26d00c69504951dcdd0,982,723,TIGHT_CROP,VALID
FIG_LECH103_P16_1,lech103,3,on,16,/extracted_figures/lech103_p16_img1.jpx,SOURCE_lech103_3_on,dd5b5de8de4e402f7fdc01838eec460ed5e335930962959330aab63ab9ac493f,985,412,TIGHT_CROP,VALID
FIG_LECH103_P17_1,lech103,3,on,17,/extracted_figures/lech103_p17_img1.jpx,SOURCE_lech103_3_on,16b4ba9dce86ef70823f9e379472b0ce721bb4fd3768870cd23b0a153c68d8c3,990,707,TIGHT_CROP,VALID
FIG_LECH103_P17_2,lech103,3,on,17,/extracted_figures/lech103_p17_img2.jpx,SOURCE_lech103_3_on,6f01dfd27b9553f0216bba8a39e58c5cb68ccb7144292a3158ba96b7e09049ef,990,238,TIGHT_CROP,VALID
FIG_LECH103_P18_1,lech103,3,on,18,/extracted_figures/lech103_p18_img1.jpx,SOURCE_lech103_3_on,b42ac1677f5711a18135348ebd61f71ae85a4456827d7d4355f3caa4c815aa54,935,200,TIGHT_CROP,VALID
FIG_LECH103_3_6,lech103,3,3.6,19,/extracted_figures/lech103_fig_3_6.png,SOURCE_lech103_3_3.6,dfa33ffd47e87a2b5ba1ff8d00a472da26ccda278823d38fe807b3e3a0674214,276,78,TIGHT_CROP,VALID
FIG_LECH103_3_7,lech103,3,3.7,19,/extracted_figures/lech103_fig_3_7.png,SOURCE_lech103_3_3.7,d7086df6b1fb4281b07cf31c072af7304f3800e379ca2a4ddd6819a5205e9714,276,210,TIGHT_CROP,VALID
FIG_LECH103_3_8,lech103,3,3.8,19,/extracted_figures/lech103_fig_3_8.png,SOURCE_lech103_3_3.8,289c921934fa74635f250cdfe26614d06e30fa8cbca259c65a7e7cefcd30b4c9,276,445,TIGHT_CROP,VALID
FIG_LECH103_3_9,lech103,3,3.9,20,/extracted_figures/lech103_fig_3_9.png,SOURCE_lech103_3_3.9,be55dce0416ffc98d09659bba90846c5dd84ac80c27bdce0984e834c6555f9fc,276,168,TIGHT_CROP,VALID
FIG_LECH103_3_10,lech103,3,3.10,20,/extracted_figures/lech103_fig_3_10.png,SOURCE_lech103_3_3.10,368e58ec6711dc01742755a055245cde5e97b3cb9f84319de9ffcd6f14960d2d,276,195,TIGHT_CROP,VALID
FIG_LECH103_P21_1,lech103,3,on,21,/extracted_figures/lech103_p21_img1.jpx,SOURCE_lech103_3_on,2eb507abc483262d8ddbc2c1d174217fce05f1836b3995dc8216562463cdc2ec,990,947,TIGHT_CROP,VALID
FIG_LECH103_P22_1,lech103,3,on,22,/extracted_figures/lech103_p22_img1.jpx,SOURCE_lech103_3_on,c09e4db46710ca6fbe73a7e8ecf640a320a607759fdb77ac8bc94fdbf2767427,990,944,TIGHT_CROP,VALID
FIG_LECH103_3_11,lech103,3,3.11,22,/extracted_figures/lech103_fig_3_11.png,SOURCE_lech103_3_3.11,aadd6e0b0f23c389fb799039f799af8a111542e4b0e734e32597379fec853c52,276,150,TIGHT_CROP,VALID
FIG_LECH103_3_12,lech103,3,3.12,23,/extracted_figures/lech103_fig_3_12.png,SOURCE_lech103_3_3.12,6e5e8f2560f690c3ab2a08bc33451fc43aeebde84b3dcf0e785e9877e0e26c55,276,134,TIGHT_CROP,VALID
FIG_LECH103_P24_1,lech103,3,on,24,/extracted_figures/lech103_p24_img1.jpx,SOURCE_lech103_3_on,3c4f57e601b294909ab6e09e7a340429a2a00c26ea8952a7e02adb4cf2525e23,943,691,TIGHT_CROP,VALID
FIG_LECH103_P24_2,lech103,3,on,24,/extracted_figures/lech103_p24_img2.jpx,SOURCE_lech103_3_on,6decdbcae2d2a578f81376feea90e369f630900608e3cb0ef167ad6ca3a5b3f6,943,275,TIGHT_CROP,VALID
FIG_LECH104_P1_1,lech104,4,on,1,/extracted_figures/lech104_p1_img1.jpx,SOURCE_lech104_4_on,52469aa438d53bb5514713e035ee8801af98b054aa53a96bf4ba91ce3acf787e,177,177,TIGHT_CROP,VALID
FIG_LECH104_P2_1,lech104,4,on,2,/extracted_figures/lech104_p2_img1.jpx,SOURCE_lech104_4_on,eff56aac857e6941e4dce4fcda5a88344712e3dab12b7f3615e9eb4b3b5238b1,988,170,TIGHT_CROP,VALID
FIG_LECH104_P3_1,lech104,4,on,3,/extracted_figures/lech104_p3_img1.jpx,SOURCE_lech104_4_on,053374c59173a709dcacd932c53fc7b20d62e6af828e68f8e9702d71e3964904,988,161,TIGHT_CROP,VALID
FIG_LECH104_P3_2,lech104,4,on,3,/extracted_figures/lech104_p3_img2.jpx,SOURCE_lech104_4_on,d6c08958d19e59ddb1ee71218c01471556f20700c881129d4dc9c65b70be0f15,988,161,TIGHT_CROP,VALID
FIG_LECH104_P3_3,lech104,4,on,3,/extracted_figures/lech104_p3_img3.jpx,SOURCE_lech104_4_on,068cc2a6d569236488d524e4d1e741c955e77709e3e691d38e557e2de14e5785,983,207,TIGHT_CROP,VALID
FIG_LECH104_P4_2,lech104,4,on,4,/extracted_figures/lech104_p4_img2.jpx,SOURCE_lech104_4_on,ef2f87d37866949c21c2a979a14af59d06bb5dee4de7d4324bf291ccca0865b1,876,126,TIGHT_CROP,VALID
FIG_LECH104_4_1,lech104,4,4.1,4,/extracted_figures/lech104_fig_4_1.png,SOURCE_lech104_4_4.1,8ac73cd49b61d5662419f9218b8222498721335f9b572e38a8237d445449e412,276,248,TIGHT_CROP,VALID
FIG_LECH104_4_2,lech104,4,4.2,5,/extracted_figures/lech104_fig_4_2.png,SOURCE_lech104_4_4.2,377212b27516aea8fe246bd2353068707921367abdcd190d26262ce90c280439,276,263,TIGHT_CROP,VALID
FIG_LECH104_4_3,lech104,4,4.3,6,/extracted_figures/lech104_fig_4_3.png,SOURCE_lech104_4_4.3,af069fe2cd2bd01ef34a20a84275bd1a89b847ffe629c3c7defdafaca9ecfd28,276,197,TIGHT_CROP,VALID
FIG_LECH104_P7_1,lech104,4,on,7,/extracted_figures/lech104_p7_img1.jpx,SOURCE_lech104_4_on,a5536adeaa90150f19dd71bd74c7cce2de45d2aa04e972495335ceee1203c90c,983,167,TIGHT_CROP,VALID
FIG_LECH104_P7_2,lech104,4,on,7,/extracted_figures/lech104_p7_img2.jpx,SOURCE_lech104_4_on,d0b639bcf938cba414a7ac35e451b611c36165c5ea8d64284be4df5e5dcf088c,876,114,TIGHT_CROP,VALID
FIG_LECH104_P9_1,lech104,4,on,9,/extracted_figures/lech104_p9_img1.jpx,SOURCE_lech104_4_on,5e4a889ec7876072b9964d9e8d7a37d89a44129f609f4216017f29ad02c2d362,749,126,TIGHT_CROP,VALID
FIG_LECH104_P9_2,lech104,4,on,9,/extracted_figures/lech104_p9_img2.jpx,SOURCE_lech104_4_on,bb719ecc3aedc7af07fbafc83b800b1983d43d1505d54ecf4570bd9ebef3fe59,932,143,TIGHT_CROP,VALID
FIG_LECH104_P10_2,lech104,4,on,10,/extracted_figures/lech104_p10_img2.jpx,SOURCE_lech104_4_on,ef2f87d37866949c21c2a979a14af59d06bb5dee4de7d4324bf291ccca0865b1,876,126,TIGHT_CROP,VALID
FIG_LECH104_4_4,lech104,4,4.4,10,/extracted_figures/lech104_fig_4_4.png,SOURCE_lech104_4_4.4,263a933f177f09c2ae2e081e35e613826de0e683de06267547a49f416b1ac687,506,264,TIGHT_CROP,VALID
FIG_LECH104_P11_1,lech104,4,on,11,/extracted_figures/lech104_p11_img1.jpx,SOURCE_lech104_4_on,b1b560c608c7d476ede86efb3768603c6a9c595d987972ae14fcdbcfac305c30,757,302,TIGHT_CROP,VALID
FIG_LECH104_P12_3,lech104,4,on,12,/extracted_figures/lech104_p12_img3.jpx,SOURCE_lech104_4_on,d5e59e8f6ce3647265a7093459c0b671d9292ec592332cd2f54cc6ab9cfd69d5,983,150,TIGHT_CROP,VALID
FIG_LECH104_P13_1,lech104,4,on,13,/extracted_figures/lech104_p13_img1.jpx,SOURCE_lech104_4_on,d0471a5f843ab36450f2a2334bf40c0ddacc599f42a7365a395bc88d5868490b,996,429,TIGHT_CROP,VALID
FIG_LECH104_P13_2,lech104,4,on,13,/extracted_figures/lech104_p13_img2.jpx,SOURCE_lech104_4_on,9268b63aa72eeb46ea2b08039c8793cbd89c7fa3adb99f25828133cbd063313f,942,134,TIGHT_CROP,VALID
FIG_LECH104_P14_1,lech104,4,on,14,/extracted_figures/lech104_p14_img1.jpx,SOURCE_lech104_4_on,bc8b5d6bd0d77ff18681e74de39f63143c13603bc0ce9b8f64626596255a646e,757,427,TIGHT_CROP,VALID
FIG_LECH104_P14_2,lech104,4,on,14,/extracted_figures/lech104_p14_img2.jpx,SOURCE_lech104_4_on,77df1d3e86e0eae6e8ba59336c3d505801b1cc70775053854541cb4b4c7342d1,983,180,TIGHT_CROP,VALID
FIG_LECH104_P15_1,lech104,4,on,15,/extracted_figures/lech104_p15_img1.jpx,SOURCE_lech104_4_on,6ca0e16442dc827cdecbd19f34a7457525f23d2b26dfb150c3551c36cf300a79,749,530,TIGHT_CROP,VALID
FIG_LECH104_P15_3,lech104,4,on,15,/extracted_figures/lech104_p15_img3.jpx,SOURCE_lech104_4_on,bcb3893fcbbf55c84688373201289aa6fb7176bb997773e213ae660e723ab055,440,180,TIGHT_CROP,VALID
FIG_LECH104_4_5,lech104,4,4.5,15,/extracted_figures/lech104_fig_4_5.png,SOURCE_lech104_4_4.5,6246f99b29ee13e87b95c326966c0cff6ebb23403e7fa3d83c7657f809aa1f25,276,226,TIGHT_CROP,VALID
FIG_LECH104_P17_1,lech104,4,on,17,/extracted_figures/lech104_p17_img1.jpx,SOURCE_lech104_4_on,c17a66571b925a935c61cbb10e3d49b4aa413a10c603a76a1d3991257d98350d,983,235,TIGHT_CROP,VALID
FIG_LECH104_P17_2,lech104,4,on,17,/extracted_figures/lech104_p17_img2.jpx,SOURCE_lech104_4_on,1c4420b15358b5c91a82fd5cb9c93c63415368d65ff7e9818b04f831a979a092,758,102,TIGHT_CROP,VALID
FIG_LECH104_4_6,lech104,4,4.6,21,/extracted_figures/lech104_fig_4_6.png,SOURCE_lech104_4_4.6,6c96bff5db55a4e121c74878e51eb255d38176da7e76dfbdb6dff717946df4fa,276,129,TIGHT_CROP,VALID
FIG_LECH104_P23_1,lech104,4,on,23,/extracted_figures/lech104_p23_img1.jpx,SOURCE_lech104_4_on,1a2e7823463db1cb6c552c893d13c89e47c1b535f349a674ddb60c2d77511fa3,985,552,TIGHT_CROP,VALID
FIG_LECH104_4_7,lech104,4,4.7,23,/extracted_figures/lech104_fig_4_7.png,SOURCE_lech104_4_4.7,8664a13c4deb9e3b578652e5e59142e230faaa3eac4783cd19416d876fafc9c5,301,227,TIGHT_CROP,VALID
FIG_LECH104_P24_1,lech104,4,on,24,/extracted_figures/lech104_p24_img1.jpx,SOURCE_lech104_4_on,6774fea4181c9cef9f7c58c5229c9be12e1f7a7bbc98be046472fb3eb12c83c8,983,185,TIGHT_CROP,VALID
FIG_LECH104_P25_2,lech104,4,on,25,/extracted_figures/lech104_p25_img2.jpx,SOURCE_lech104_4_on,b4b91ff873cb44f64c2f668c33ee8836cd00be1dfc115f8dfa0da358401029d1,880,124,TIGHT_CROP,VALID
FIG_LECH104_P26_1,lech104,4,on,26,/extracted_figures/lech104_p26_img1.jpx,SOURCE_lech104_4_on,b4ebcf4e98bcabf3e1f23ac5c736f00f346a1e38256eab0cbc7a3920917fd7a1,991,1100,TIGHT_CROP,VALID
FIG_LECH104_P27_1,lech104,4,on,27,/extracted_figures/lech104_p27_img1.jpx,SOURCE_lech104_4_on,16067639285c8fcc7f8ac064a6765596b73264f6ab98ab6f8eeaae20822c13e9,991,1086,TIGHT_CROP,VALID
FIG_LECH105_P1_1,lech105,5,on,1,/extracted_figures/lech105_p1_img1.jpx,SOURCE_lech105_5_on,2a44a467a8b6cc7f35643539bd3b6f445e37bb3071807c01a1520783f7ff6a36,177,177,TIGHT_CROP,VALID
FIG_LECH105_P2_1,lech105,5,on,2,/extracted_figures/lech105_p2_img1.jpx,SOURCE_lech105_5_on,824c84841e054b91f5e95dc06a0c81140ab6de2344998f755a0e3eb0d41a5a57,749,197,TIGHT_CROP,VALID
FIG_LECH105_P3_2,lech105,5,on,3,/extracted_figures/lech105_p3_img2.jpx,SOURCE_lech105_5_on,99a003d1659aa4c9b38bc2ce824dbdcbd0f1e28cd91c86c7e21dc39e2791354a,147,196,TIGHT_CROP,VALID
FIG_LECH105_5_1,lech105,5,5.1,5,/extracted_figures/lech105_fig_5_1.png,SOURCE_lech105_5_5.1,17ffb59a7744f79be4bbacaed7519ffd5f272a5e6d024639d3a6ad2ff2bad781,506,122,TIGHT_CROP,VALID
FIG_LECH105_P8_1,lech105,5,on,8,/extracted_figures/lech105_p8_img1.jpx,SOURCE_lech105_5_on,49bb17fb600fc714930243c9bc40739803615181062c5a1de5e98e74a5d1f97a,884,358,TIGHT_CROP,VALID
FIG_LECH105_5_2,lech105,5,5.2,8,/extracted_figures/lech105_fig_5_2.png,SOURCE_lech105_5_5.2,5b9788e9ac52dd5447309645effc0ef0e9f771fa035230a7df5e48cf2f3120b5,276,106,TIGHT_CROP,VALID
FIG_LECH105_5_3,lech105,5,5.3,8,/extracted_figures/lech105_fig_5_3.png,SOURCE_lech105_5_5.3,cb5cf3e86eadf30219fcd7792718fe7651b2ec63fce7d21eb53dd6e2a9d90c4e,276,114,TIGHT_CROP,VALID
FIG_LECH105_P9_1,lech105,5,on,9,/extracted_figures/lech105_p9_img1.jpx,SOURCE_lech105_5_on,c39f6be1094f9c26edaa4bd13f852b7efacaf884a7e704d42c36eddb857b20dd,977,197,TIGHT_CROP,VALID
FIG_LECH105_5_4,lech105,5,5.4,9,/extracted_figures/lech105_fig_5_4.png,SOURCE_lech105_5_5.4,3535a6944e13c6656a78caa4daf1f78fd494225a5e4d1cae7ce18ccc2a1cf36f,276,115,TIGHT_CROP,VALID
FIG_LECH105_5_6,lech105,5,5.6,9,/extracted_figures/lech105_fig_5_6.png,SOURCE_lech105_5_5.6,0cbc93d4d9f491c872fbbd452b37a2227905733437c363057c1734a19914d197,276,184,TIGHT_CROP,VALID
FIG_LECH105_5_7,lech105,5,5.7,9,/extracted_figures/lech105_fig_5_7.png,SOURCE_lech105_5_5.7,892177b341614239b6e8d4f90d0b1f086da122b57d40088f42d7ddd0a182b71c,276,312,TIGHT_CROP,VALID
FIG_LECH105_5_5,lech105,5,5.5,9,/extracted_figures/lech105_fig_5_5.png,SOURCE_lech105_5_5.5,2ea5076bc5f71d3136d951af5e33f952dc0b69ae3d5ed046dc8623651d5e6de7,276,236,TIGHT_CROP,VALID
FIG_LECH105_P11_1,lech105,5,on,11,/extracted_figures/lech105_p11_img1.jpx,SOURCE_lech105_5_on,795c2d173a703d2d0b4bca7cc9bddb13565ec01136350ceb4a4ebd44d7954b02,985,258,TIGHT_CROP,VALID
FIG_LECH105_P11_2,lech105,5,on,11,/extracted_figures/lech105_p11_img2.jpx,SOURCE_lech105_5_on,3534fa6d348c9e75f1964fbb054c0f70ce35702664c75d73ba7cef0efcb8d88d,750,218,TIGHT_CROP,VALID
FIG_LECH105_P14_1,lech105,5,on,14,/extracted_figures/lech105_p14_img1.jpx,SOURCE_lech105_5_on,75b6eab786a6b22d21a1363d23ccbed0388c6242688525eb697dc414670dc192,982,205,TIGHT_CROP,VALID
FIG_LECH105_P15_1,lech105,5,on,15,/extracted_figures/lech105_p15_img1.jpx,SOURCE_lech105_5_on,b7b3d4c00ab2e3058357f339359848b6393dc3d4ba2e2cab34c914c817586a6f,678,463,TIGHT_CROP,VALID
FIG_LECH105_5_8,lech105,5,5.8,15,/extracted_figures/lech105_fig_5_8.png,SOURCE_lech105_5_5.8,a604f32d9143e4ca18cd33c546708e3ace96a940d5ab7da7e94cb4832da1ca97,276,266,TIGHT_CROP,VALID
FIG_LECH105_P16_2,lech105,5,on,16,/extracted_figures/lech105_p16_img2.jpx,SOURCE_lech105_5_on,6a0bace28d654fe7c95354de1e65d4ad3821031fe59d891d8a3354640d169350,991,268,TIGHT_CROP,VALID
FIG_LECH105_5_9,lech105,5,5.9,16,/extracted_figures/lech105_fig_5_9.png,SOURCE_lech105_5_5.9,e9a0da0c2df5d3b064332597d7b719bb968b041ab1925f1d67ac99ae7d6961aa,276,160,TIGHT_CROP,VALID
FIG_LECH105_P17_1,lech105,5,on,17,/extracted_figures/lech105_p17_img1.jpx,SOURCE_lech105_5_on,eafb20fb367e6c7a7df497a67521dc84ee2a0c4339eb533f578c88a776f95c86,950,708,TIGHT_CROP,VALID
FIG_LECH105_5_11,lech105,5,5.11,17,/extracted_figures/lech105_fig_5_11.png,SOURCE_lech105_5_5.11,28f5e8a914adfc0c548feeb20ec360f1441bf4b41ec474882f568328e2530d59,276,185,TIGHT_CROP,VALID
FIG_LECH105_5_10,lech105,5,5.10,17,/extracted_figures/lech105_fig_5_10.png,SOURCE_lech105_5_5.10,8af11f82f8aa0578678bef92769f17cec361d0a6b1915680bbb619f1f383cda2,276,159,TIGHT_CROP,VALID
FIG_LECH105_P18_1,lech105,5,on,18,/extracted_figures/lech105_p18_img1.jpx,SOURCE_lech105_5_on,7680407e6960360a930d9f719fde5cc494a6b171e14c04982db908c91e34bd4a,962,701,TIGHT_CROP,VALID
FIG_LECH105_P18_2,lech105,5,on,18,/extracted_figures/lech105_p18_img2.jpx,SOURCE_lech105_5_on,2c51e891a58dc1a1c946cfc5e822f07eb99c5543136db79d57300c0b40170578,244,150,TIGHT_CROP,VALID
FIG_LECH105_P18_3,lech105,5,on,18,/extracted_figures/lech105_p18_img3.jpx,SOURCE_lech105_5_on,b3da25821cad3fc02eb9bc39117d149a5ab75a4a2c9e7920aa99f847cc04091c,228,148,TIGHT_CROP,VALID
FIG_LECH105_5_12,lech105,5,5.12,18,/extracted_figures/lech105_fig_5_12.png,SOURCE_lech105_5_5.12,f47ee7465b23b48a68eece65c5860eaded6c82f31b1b24ba92ebafbdacf42fdd,276,113,TIGHT_CROP,VALID
FIG_LECH105_5_13,lech105,5,5.13,19,/extracted_figures/lech105_fig_5_13.png,SOURCE_lech105_5_5.13,5c850e512f8ff8daa19e6537a4192c75393baa20527fcf71aea734ed91710b9b,276,199,TIGHT_CROP,VALID
FIG_LECH105_5_14,lech105,5,5.14,19,/extracted_figures/lech105_fig_5_14.png,SOURCE_lech105_5_5.14,cf678081a8af9ccd9ebf4c8f4356fbd465d402375a7a65938ccc73f56352b1ba,506,300,TIGHT_CROP,VALID
FIG_LECH105_P20_1,lech105,5,on,20,/extracted_figures/lech105_p20_img1.jpx,SOURCE_lech105_5_on,62f11bf1afa6afbeb7995fa4669f4d8094aebdb8879e627de18ea84b920f9712,946,875,TIGHT_CROP,VALID
FIG_LECH201_P1_1,lech201,6,on,1,/extracted_figures/lech201_p1_img1.jpx,SOURCE_lech201_6_on,e2370da1aff204107d601fdabfb26e8dff7d8e612beb96b9a85d836420c08b52,177,177,TIGHT_CROP,VALID
FIG_LECH201_P4_2,lech201,6,on,4,/extracted_figures/lech201_p4_img2.jpx,SOURCE_lech201_6_on,bb7b4064592d06f3bb9efe7a824aaeaaac2531f46ebf5634291b6d2f3779ba59,761,650,TIGHT_CROP,VALID
FIG_LECH201_P5_2,lech201,6,on,5,/extracted_figures/lech201_p5_img2.jpx,SOURCE_lech201_6_on,9d48f959cf34f4b8d30c8c2cd68e056058c07ab5792f4fa4ae4e2e8a6ce92a3a,753,250,TIGHT_CROP,VALID
FIG_LECH201_P6_1,lech201,6,on,6,/extracted_figures/lech201_p6_img1.jpx,SOURCE_lech201_6_on,9db544efda341cbe835c35333bf6602af3be7013f754ec95205e778d4fb589ca,983,189,TIGHT_CROP,VALID
FIG_LECH201_P7_1,lech201,6,on,7,/extracted_figures/lech201_p7_img1.jpx,SOURCE_lech201_6_on,82f72d55ca5ea826dd3b050ea2d297503a84e5b9445d1aae0191188938ac5563,988,227,TIGHT_CROP,VALID
FIG_LECH201_P9_1,lech201,6,on,9,/extracted_figures/lech201_p9_img1.jpx,SOURCE_lech201_6_on,44b89c98448bedd89357ec7235b442673881917ac0123196fa589b5f5708d413,997,790,TIGHT_CROP,VALID
FIG_LECH201_P10_1,lech201,6,on,10,/extracted_figures/lech201_p10_img1.jpx,SOURCE_lech201_6_on,6520b0adba93efd1f1fbc612a9342c2ddcdd23ab1c3f433580bd105b1836142d,529,290,TIGHT_CROP,VALID
FIG_LECH201_6_1,lech201,6,6.1,10,/extracted_figures/lech201_fig_6_1.png,SOURCE_lech201_6_6.1,b93cfc880e6bf41a09b941c870df37fa869064a44abef64f57a14143c1e6b9a4,506,209,TIGHT_CROP,VALID
FIG_LECH201_P11_1,lech201,6,on,11,/extracted_figures/lech201_p11_img1.jpx,SOURCE_lech201_6_on,82a053e92c80ce8aebaea3c3a44e5b028517ad9caa0b8fc2c4f92b835a9b6493,983,139,TIGHT_CROP,VALID
FIG_LECH201_P11_2,lech201,6,on,11,/extracted_figures/lech201_p11_img2.jpx,SOURCE_lech201_6_on,9db544efda341cbe835c35333bf6602af3be7013f754ec95205e778d4fb589ca,983,189,TIGHT_CROP,VALID
FIG_LECH201_P13_1,lech201,6,on,13,/extracted_figures/lech201_p13_img1.jpx,SOURCE_lech201_6_on,12a0417feff324a15d54cc5a2e13876e73e539e8975a97c3e04ca32318e72629,989,248,TIGHT_CROP,VALID
FIG_LECH201_P13_2,lech201,6,on,13,/extracted_figures/lech201_p13_img2.jpx,SOURCE_lech201_6_on,3b466420bbd3dc86d1dd224c92b3f198d9f45c6b06e3594b5f98ee787310d065,824,103,TIGHT_CROP,VALID
FIG_LECH201_P13_3,lech201,6,on,13,/extracted_figures/lech201_p13_img3.jpx,SOURCE_lech201_6_on,210f88aa9c50ab78cfb75c7405f4f3ca6569908ef1c172b5af2f5ad8ba866dbe,977,113,TIGHT_CROP,VALID
FIG_LECH201_6_2,lech201,6,6.2,13,/extracted_figures/lech201_fig_6_2.png,SOURCE_lech201_6_6.2,cd1b80908edb14dd91add07e5469bac230214aa1ae167b015a2c9cf4d6ee1458,506,98,TIGHT_CROP,VALID
FIG_LECH201_P14_1,lech201,6,on,14,/extracted_figures/lech201_p14_img1.jpx,SOURCE_lech201_6_on,997bb873063cf46395d21b0b837904870a2bcd7c447e0a2d874f1064932ee7a9,1972,621,TIGHT_CROP,VALID
FIG_LECH201_6_3,lech201,6,6.3,15,/extracted_figures/lech201_fig_6_3.png,SOURCE_lech201_6_6.3,7c32bb132d31534f7a27b3216c3d93231984409e952294bf3b913d2e77048030,506,177,TIGHT_CROP,VALID
FIG_LECH201_P18_1,lech201,6,on,18,/extracted_figures/lech201_p18_img1.jpx,SOURCE_lech201_6_on,1c8d452a31a782e980414f7b7ae884d1b4e2f68379978698f6fa051910e74c0e,487,453,TIGHT_CROP,VALID
FIG_LECH201_6_6,lech201,6,6.6,18,/extracted_figures/lech201_fig_6_6.png,SOURCE_lech201_6_6.6,7b9d8a3edf72d313002283c818c6e7eb3fb8b5876011451433463b7e046c21c4,506,491,TIGHT_CROP,VALID
FIG_LECH201_P19_1,lech201,6,on,19,/extracted_figures/lech201_p19_img1.jpx,SOURCE_lech201_6_on,710cdebfce9f8d7a0ac4a3a2bdde2cbbb2e7c35367a9cc973acc7a5d1d8f2b67,261,132,TIGHT_CROP,VALID
FIG_LECH201_P19_2,lech201,6,on,19,/extracted_figures/lech201_p19_img2.jpx,SOURCE_lech201_6_on,a3d866bfb31c7fead407d34078290a3491cced88b2dcd9f9659e611ed464ae6b,982,638,TIGHT_CROP,VALID
FIG_LECH201_P19_3,lech201,6,on,19,/extracted_figures/lech201_p19_img3.jpx,SOURCE_lech201_6_on,210f88aa9c50ab78cfb75c7405f4f3ca6569908ef1c172b5af2f5ad8ba866dbe,977,113,TIGHT_CROP,VALID
FIG_LECH201_6_7,lech201,6,6.7,19,/extracted_figures/lech201_fig_6_7.png,SOURCE_lech201_6_6.7,e26f5c301d22778c60dcec328bb4c10fce2255858b9400cd349ff1cd3600c409,276,207,TIGHT_CROP,VALID
FIG_LECH201_6_5,lech201,6,6.5,19,/extracted_figures/lech201_fig_6_5.png,SOURCE_lech201_6_6.5,3c61f1ea917e2a7db8953618949f076312d95f45b1d9ed97a2694ea2d509cad9,506,229,TIGHT_CROP,VALID
FIG_LECH201_P20_1,lech201,6,on,20,/extracted_figures/lech201_p20_img1.jpx,SOURCE_lech201_6_on,a3d866bfb31c7fead407d34078290a3491cced88b2dcd9f9659e611ed464ae6b,982,638,TIGHT_CROP,VALID
FIG_LECH201_P22_1,lech201,6,on,22,/extracted_figures/lech201_p22_img1.jpx,SOURCE_lech201_6_on,f2671a28b8da29ccbded8e46f758e7f08e794b2daf1d42a12f0279d3243d71be,987,311,TIGHT_CROP,VALID
FIG_LECH201_P23_1,lech201,6,on,23,/extracted_figures/lech201_p23_img1.jpx,SOURCE_lech201_6_on,f2671a28b8da29ccbded8e46f758e7f08e794b2daf1d42a12f0279d3243d71be,987,311,TIGHT_CROP,VALID
FIG_LECH201_P23_2,lech201,6,on,23,/extracted_figures/lech201_p23_img2.jpeg,SOURCE_lech201_6_on,2c3be0a5635aad2ca9d930800da917ae7ddecd121c34fa069f1785b4ecedb954,261,346,TIGHT_CROP,VALID
FIG_LECH201_P25_1,lech201,6,on,25,/extracted_figures/lech201_p25_img1.jpx,SOURCE_lech201_6_on,f2671a28b8da29ccbded8e46f758e7f08e794b2daf1d42a12f0279d3243d71be,987,311,TIGHT_CROP,VALID
FIG_LECH201_P28_1,lech201,6,on,28,/extracted_figures/lech201_p28_img1.jpx,SOURCE_lech201_6_on,44b89c98448bedd89357ec7235b442673881917ac0123196fa589b5f5708d413,997,790,TIGHT_CROP,VALID
FIG_LECH201_P30_1,lech201,6,on,30,/extracted_figures/lech201_p30_img1.jpx,SOURCE_lech201_6_on,2e5d6259d0a0708c4294909ea7ca26357f563a0a90a25546ad558d5ad0efcf04,987,250,TIGHT_CROP,VALID
FIG_LECH201_P31_1,lech201,6,on,31,/extracted_figures/lech201_p31_img1.jpx,SOURCE_lech201_6_on,e248878ce277d177d1580ac658d72840b5f6bc0e2f6c163fdf6ff4931d293a9c,987,451,TIGHT_CROP,VALID
FIG_LECH202_P1_1,lech202,7,on,1,/extracted_figures/lech202_p1_img1.jpx,SOURCE_lech202_7_on,d21a9b7cd4247d0a2eac02d55f387dfc4311dc320e12e2df34e246376fec5174,177,177,TIGHT_CROP,VALID
FIG_LECH202_P3_1,lech202,7,on,3,/extracted_figures/lech202_p3_img1.jpx,SOURCE_lech202_7_on,4008c96d3780bed6bb97c6fbf1c8c10610b83922b1d4ed3b2f2e41192d50a192,1505,500,TIGHT_CROP,VALID
FIG_LECH202_P4_1,lech202,7,on,4,/extracted_figures/lech202_p4_img1.jpx,SOURCE_lech202_7_on,b184cb4d8c80fe6ff3397abfa2631b0c9794f9addefb304b29846a151babe102,752,554,TIGHT_CROP,VALID
FIG_LECH202_P5_1,lech202,7,on,5,/extracted_figures/lech202_p5_img1.jpx,SOURCE_lech202_7_on,891388ec9ab2d27fe04ef6fd4d3e44f5c48caf1b166aeedd3b3cafe9ccfd1857,987,599,TIGHT_CROP,VALID
FIG_LECH202_P6_1,lech202,7,on,6,/extracted_figures/lech202_p6_img1.jpx,SOURCE_lech202_7_on,78c16cc0df3e9354090705f0b65f41113d2b0f9ed73fc61bc2db348130f12774,985,341,TIGHT_CROP,VALID
FIG_LECH202_P6_2,lech202,7,on,6,/extracted_figures/lech202_p6_img2.jpx,SOURCE_lech202_7_on,4008c96d3780bed6bb97c6fbf1c8c10610b83922b1d4ed3b2f2e41192d50a192,1505,500,TIGHT_CROP,VALID
FIG_LECH202_7_1,lech202,7,7.1,6,/extracted_figures/lech202_fig_7_1.png,SOURCE_lech202_7_7.1,b5e78623af0ec98e6539875df23add612ec59520fa04d6685245c4ceb6c615f8,276,107,TIGHT_CROP,VALID
FIG_LECH202_P9_1,lech202,7,on,9,/extracted_figures/lech202_p9_img1.jpx,SOURCE_lech202_7_on,f6f812113f03b00c22f231c16da7457f10aabef48d20bf831dfdf7b8936048a6,990,336,TIGHT_CROP,VALID
FIG_LECH202_P11_1,lech202,7,on,11,/extracted_figures/lech202_p11_img1.jpx,SOURCE_lech202_7_on,4008c96d3780bed6bb97c6fbf1c8c10610b83922b1d4ed3b2f2e41192d50a192,1505,500,TIGHT_CROP,VALID
FIG_LECH202_P12_1,lech202,7,on,12,/extracted_figures/lech202_p12_img1.jpx,SOURCE_lech202_7_on,4fa2a9b5643902ad2621c9f91a7dcda40f499f74a5af044ac765c2dba0743485,996,199,TIGHT_CROP,VALID
FIG_LECH202_P15_2,lech202,7,on,15,/extracted_figures/lech202_p15_img2.jpx,SOURCE_lech202_7_on,17019d429b9381dd2814d3c1c599939b517464fb408a6e0adac48e36ea4adafc,985,180,TIGHT_CROP,VALID
FIG_LECH202_P21_1,lech202,7,on,21,/extracted_figures/lech202_p21_img1.jpx,SOURCE_lech202_7_on,7044f4f21fbed2edad548758b4cdb33e819d4d97ee950817bfe6804f3d5be339,937,313,TIGHT_CROP,VALID
FIG_LECH202_P24_1,lech202,7,on,24,/extracted_figures/lech202_p24_img1.jpx,SOURCE_lech202_7_on,1dc692793703791b323202899b5ffe33f675ec42f192f85dfdf7e48e2f9fe1fb,984,519,TIGHT_CROP,VALID
FIG_LECH202_P26_1,lech202,7,on,26,/extracted_figures/lech202_p26_img1.jpx,SOURCE_lech202_7_on,99c0c8ffd25104e7bc32ce889d8e0e55f4ca80291e57dbe5df68ea902359cd9a,928,729,TIGHT_CROP,VALID
FIG_LECH202_P26_2,lech202,7,on,26,/extracted_figures/lech202_p26_img2.jpx,SOURCE_lech202_7_on,ada128f72df329ec7a3c4cde6c6412f743f76872015836f32a5dab27f617f416,535,263,TIGHT_CROP,VALID
FIG_LECH202_P27_1,lech202,7,on,27,/extracted_figures/lech202_p27_img1.jpx,SOURCE_lech202_7_on,71f012740c73158b3769961ad6c894b65b6173d7fcefcbd980254b26915cc5d0,995,460,TIGHT_CROP,VALID
FIG_LECH202_P28_1,lech202,7,on,28,/extracted_figures/lech202_p28_img1.jpx,SOURCE_lech202_7_on,4008c96d3780bed6bb97c6fbf1c8c10610b83922b1d4ed3b2f2e41192d50a192,1505,500,TIGHT_CROP,VALID
FIG_LECH202_P29_1,lech202,7,on,29,/extracted_figures/lech202_p29_img1.jpx,SOURCE_lech202_7_on,a77153450eecd5288b3b4e1eb3704b8a323b5f25dba6d474345fcc9d1a660ca4,938,883,TIGHT_CROP,VALID
FIG_LECH202_P29_2,lech202,7,on,29,/extracted_figures/lech202_p29_img2.jpx,SOURCE_lech202_7_on,4008c96d3780bed6bb97c6fbf1c8c10610b83922b1d4ed3b2f2e41192d50a192,1505,500,TIGHT_CROP,VALID
FIG_LECH203_P1_2,lech203,8,on,1,/extracted_figures/lech203_p1_img2.jpx,SOURCE_lech203_8_on,722c82c787784c6821c55b75fa880a3b56f86c0117c7f5f1b520aa9c936f0c23,177,177,TIGHT_CROP,VALID
FIG_LECH203_P4_1,lech203,8,on,4,/extracted_figures/lech203_p4_img1.jpx,SOURCE_lech203_8_on,28ed3aa42a9b1a209f868064a8871b108fbda223beb957034f9ccb5be9fabbb3,992,840,TIGHT_CROP,VALID
FIG_LECH203_P5_1,lech203,8,on,5,/extracted_figures/lech203_p5_img1.jpx,SOURCE_lech203_8_on,5b6fb7883f407f8e676c43318f8ae84349cbc6c3e3f48eb6bcc6fe75a801a0dc,948,177,TIGHT_CROP,VALID
FIG_LECH203_8_1,lech203,8,8.1,5,/extracted_figures/lech203_fig_8_1.png,SOURCE_lech203_8_8.1,134f922014877321932c7dca618f51c3eef74147d97b83df38cb662a36359841,506,113,TIGHT_CROP,VALID
FIG_LECH203_P8_1,lech203,8,on,8,/extracted_figures/lech203_p8_img1.jpx,SOURCE_lech203_8_on,27fe4959a86aa90fc8b5b6aa9d980cdf896489afd9361a5cb06c5d8dad193e94,986,344,TIGHT_CROP,VALID
FIG_LECH203_P9_1,lech203,8,on,9,/extracted_figures/lech203_p9_img1.jpx,SOURCE_lech203_8_on,518c23942c8d5732a4393987f0e2acd58ff606a39767cd4ad5dad6a7fe8803af,984,374,TIGHT_CROP,VALID
FIG_LECH203_P10_1,lech203,8,on,10,/extracted_figures/lech203_p10_img1.jpx,SOURCE_lech203_8_on,0cc649db69affdce7c300b62df6034b26082104cdb70da46c81aa62d44405b1a,751,146,TIGHT_CROP,VALID
FIG_LECH203_P10_2,lech203,8,on,10,/extracted_figures/lech203_p10_img2.jpx,SOURCE_lech203_8_on,7a0e77f0aad4aca31a5ff86d484cb828f3ed76dcf932616e0112870a9caab0ed,964,276,TIGHT_CROP,VALID
FIG_LECH203_8_2,lech203,8,8.2,10,/extracted_figures/lech203_fig_8_2.png,SOURCE_lech203_8_8.2,7fa1db2870af12e8db00da11a4be92a07a3cfb816d40f84e761ca92b7ffcea10,276,123,TIGHT_CROP,VALID
FIG_LECH203_P12_1,lech203,8,on,12,/extracted_figures/lech203_p12_img1.jpx,SOURCE_lech203_8_on,389d0c1cd4bf6091291fea99e4b279c6cb98a5a16994f9dd08b7e93ba9880416,994,594,TIGHT_CROP,VALID
FIG_LECH203_P17_1,lech203,8,on,17,/extracted_figures/lech203_p17_img1.jpx,SOURCE_lech203_8_on,18dc04fb0e5547a86ded4e16ae24e0d0c11a9fa13bfa752f7bca01ef9466e3b6,957,684,TIGHT_CROP,VALID
FIG_LECH203_P18_1,lech203,8,on,18,/extracted_figures/lech203_p18_img1.jpx,SOURCE_lech203_8_on,6c585f4837eb28806bbc4e912e32429a2ac914f1dfb612e1f474271ded810e03,988,691,TIGHT_CROP,VALID
FIG_LECH203_P19_1,lech203,8,on,19,/extracted_figures/lech203_p19_img1.jpx,SOURCE_lech203_8_on,6c585f4837eb28806bbc4e912e32429a2ac914f1dfb612e1f474271ded810e03,988,691,TIGHT_CROP,VALID
FIG_LECH203_P19_2,lech203,8,on,19,/extracted_figures/lech203_p19_img2.jpx,SOURCE_lech203_8_on,7be65eb2748fad0077c9184958a510b286e0dad3a2dfe1cb867b075a5d83daf9,775,333,TIGHT_CROP,VALID
FIG_LECH203_P21_1,lech203,8,on,21,/extracted_figures/lech203_p21_img1.jpx,SOURCE_lech203_8_on,c0c89d50773e01392da31fbf9ea7559f715bce7612cc27b95a42750556218796,1002,1259,FULL_PAGE_LIKE,VALID
FIG_LECH203_P22_1,lech203,8,on,22,/extracted_figures/lech203_p22_img1.jpx,SOURCE_lech203_8_on,c0c89d50773e01392da31fbf9ea7559f715bce7612cc27b95a42750556218796,1002,1259,FULL_PAGE_LIKE,VALID
FIG_LECH203_P22_2,lech203,8,on,22,/extracted_figures/lech203_p22_img2.jpx,SOURCE_lech203_8_on,9f01890bf906a5c571e0ce932df2f934076ebcb6d866e8748df57fd431688da0,749,184,TIGHT_CROP,VALID
FIG_LECH203_P26_1,lech203,8,on,26,/extracted_figures/lech203_p26_img1.jpx,SOURCE_lech203_8_on,7161ac195077b39c5c3a16a857e03577b413d8de78910d968ce056a265353f2f,951,537,TIGHT_CROP,VALID
FIG_LECH203_P28_1,lech203,8,on,28,/extracted_figures/lech203_p28_img1.jpx,SOURCE_lech203_8_on,2a575c1baffdb68d545c85d117edc1654bc34b078a5042823e315090b846126e,935,1017,TIGHT_CROP,VALID
FIG_LECH203_P29_1,lech203,8,on,29,/extracted_figures/lech203_p29_img1.jpx,SOURCE_lech203_8_on,2a575c1baffdb68d545c85d117edc1654bc34b078a5042823e315090b846126e,935,1017,TIGHT_CROP,VALID
FIG_LECH204_P1_2,lech204,9,on,1,/extracted_figures/lech204_p1_img2.jpx,SOURCE_lech204_9_on,32d990dd23f7af46d7b317e261c1c5b932206573fda69a2cbbf617e5c0c4544e,177,177,TIGHT_CROP,VALID
FIG_LECH204_9_1,lech204,9,9.1,2,/extracted_figures/lech204_fig_9_1.png,SOURCE_lech204_9_9.1,0ca5fec3c5f9d2f0d90bbb4e9dedca536b323094a38eb501e9a229d6e00d0599,276,219,TIGHT_CROP,VALID
FIG_LECH204_P3_1,lech204,9,on,3,/extracted_figures/lech204_p3_img1.jpx,SOURCE_lech204_9_on,ee57e84399e4d795f5a4df8d940fb2259ad6cb1f1af5ed3a8b0ec67995ba7122,991,1007,TIGHT_CROP,VALID
FIG_LECH204_P7_2,lech204,9,on,7,/extracted_figures/lech204_p7_img2.jpx,SOURCE_lech204_9_on,034aaa1a159e47a411f958d2ece1d76df4f4dc385279341e207e5d261e2cabf2,818,161,TIGHT_CROP,VALID
FIG_LECH204_P8_1,lech204,9,on,8,/extracted_figures/lech204_p8_img1.jpx,SOURCE_lech204_9_on,de5f2f1fca192313de9b181bf24b597d5c5e9ffef47bebcb3fd3ec11655228fb,987,217,TIGHT_CROP,VALID
FIG_LECH204_9_2,lech204,9,9.2,8,/extracted_figures/lech204_fig_9_2.png,SOURCE_lech204_9_9.2,2fc1c5b928ad0106017631b87068ac24cf443541f832821f2d6a23df90e10d28,276,122,TIGHT_CROP,VALID
FIG_LECH204_P9_1,lech204,9,on,9,/extracted_figures/lech204_p9_img1.jpx,SOURCE_lech204_9_on,7cd4d2ba0455d9bb8b188a586866324d863595f6235f6d81efcc0bcd0828b632,828,375,TIGHT_CROP,VALID
FIG_LECH204_P12_1,lech204,9,on,12,/extracted_figures/lech204_p12_img1.jpx,SOURCE_lech204_9_on,1d445c57d5290ac9cbda09492341d0353f834176dede22604c5e7803f786d6f0,984,201,TIGHT_CROP,VALID
FIG_LECH204_P19_2,lech204,9,on,19,/extracted_figures/lech204_p19_img2.jpx,SOURCE_lech204_9_on,3dab0f7aa11467c9a7b34bd0f0196413c88619985248f2f62f13a17f2017cdef,991,1075,TIGHT_CROP,VALID
FIG_LECH204_P19_3,lech204,9,on,19,/extracted_figures/lech204_p19_img3.jpx,SOURCE_lech204_9_on,303851ce854013318151d84291fd9cf9a933ae8169a92c3a9a9268b9b216abbf,575,156,TIGHT_CROP,VALID
FIG_LECH204_P20_1,lech204,9,on,20,/extracted_figures/lech204_p20_img1.jpx,SOURCE_lech204_9_on,3dab0f7aa11467c9a7b34bd0f0196413c88619985248f2f62f13a17f2017cdef,991,1075,TIGHT_CROP,VALID
FIG_LECH205_P1_1,lech205,10,on,1,/extracted_figures/lech205_p1_img1.jpx,SOURCE_lech205_10_on,796831b0935ba1a1d7bc8217cf60fc6b71b3e2c8aeed6094b0882481fe39c153,177,177,TIGHT_CROP,VALID
FIG_LECH205_P2_1,lech205,10,on,2,/extracted_figures/lech205_p2_img1.jpx,SOURCE_lech205_10_on,cf7530df9c66320bbd4231918b77085a11a13a29afa4ba832eceee8fcff6bf80,749,211,TIGHT_CROP,VALID
FIG_LECH205_P10_1,lech205,10,on,10,/extracted_figures/lech205_p10_img1.jpx,SOURCE_lech205_10_on,c56737c51f95dc66fda6a348024f24369bb6aa0397530592237543544a7e66e0,937,213,TIGHT_CROP,VALID
FIG_LECH205_P10_2,lech205,10,on,10,/extracted_figures/lech205_p10_img2.jpx,SOURCE_lech205_10_on,98549983fb6bebf15fdab3e3b5b7cfb2d0df480ae1192bb2af563fc960becced,787,902,TIGHT_CROP,VALID
FIG_LECH205_10_2,lech205,10,10.2,13,/extracted_figures/lech205_fig_10_2.png,SOURCE_lech205_10_10.2,b456d97317337c4fda02aca6263ba9860ae37a0dd33e8046d4558ab862dd58b7,276,197,TIGHT_CROP,VALID
FIG_LECH205_10_1,lech205,10,10.1,13,/extracted_figures/lech205_fig_10_1.png,SOURCE_lech205_10_10.1,9007a24cbaeea818ea091996a960d280e070c3398077e105481bcac65c4e040f,276,108,TIGHT_CROP,VALID
FIG_LECH205_P14_1,lech205,10,10.3,14,/extracted_figures/lech205_p14_img1.jpx,SOURCE_lech205_10_10.3,1f58a494985d142facf917a38935ddd63bfd706b7d0b00a4a74fbd9b2e4c0c1b,715,567,TIGHT_CROP,VALID
FIG_LECH205_10_3,lech205,10,10.3,14,/extracted_figures/lech205_fig_10_3.png,SOURCE_lech205_10_10.3,4a144aa93789dc11edf3ab74cfc8e134103c6fbdf048148b8cb7adb2b6705047,506,219,TIGHT_CROP,VALID
FIG_LECH205_10_4,lech205,10,10.4,14,/extracted_figures/lech205_fig_10_4.png,SOURCE_lech205_10_10.4,68364ae6f03988e1de2b54d369eb1078bc542088a80fb14898fc079273f99147,276,508,TIGHT_CROP,VALID
FIG_LECH205_P15_1,lech205,10,on,15,/extracted_figures/lech205_p15_img1.jpx,SOURCE_lech205_10_on,58d9dc86f4dc65cd784423dc0d3f101a73fe8d137fcd181e198e895bc859b690,947,154,TIGHT_CROP,VALID
FIG_LECH205_P16_1,lech205,10,on,16,/extracted_figures/lech205_p16_img1.jpx,SOURCE_lech205_10_on,9f628221ddad416467e1e131b41b84ffcf0716e62fafb60b86166df96d6b1328,768,823,TIGHT_CROP,VALID
FIG_LECH205_P17_1,lech205,10,on,17,/extracted_figures/lech205_p17_img1.jpx,SOURCE_lech205_10_on,9f628221ddad416467e1e131b41b84ffcf0716e62fafb60b86166df96d6b1328,768,823,TIGHT_CROP,VALID
FIG_LECH205_P17_2,lech205,10,on,17,/extracted_figures/lech205_p17_img2.jpx,SOURCE_lech205_10_on,ccd9442ba992a6114e0c841ac7eeb3a1bc4e4efc5988adbf81e867faed6a96a2,976,375,TIGHT_CROP,VALID
FIG_LECH205_P17_3,lech205,10,on,17,/extracted_figures/lech205_p17_img3.jpx,SOURCE_lech205_10_on,dabe3628b7c5f1173749012569273be44f205d67f133babec772fb7348b1a87b,190,192,TIGHT_CROP,VALID
FIG_LECH205_10_5a,lech205,10,10.5a,18,/extracted_figures/lech205_fig_10_5a.png,SOURCE_lech205_10_10.5a,0224c3587e69ddd4142f133b7fa0331c309cac6d992983b2e8f1c290de4795cf,506,491,TIGHT_CROP,VALID
FIG_LECH205_10_5,lech205,10,10.5,18,/extracted_figures/lech205_fig_10_5.png,SOURCE_lech205_10_10.5,11734e6b34b2fd1da5c6287c93540f669cfb0cb98ef9b770ef8f96b7383bc11c,276,165,TIGHT_CROP,VALID
FIG_LECH205_10_6,lech205,10,10.6,19,/extracted_figures/lech205_fig_10_6.png,SOURCE_lech205_10_10.6,c68b48d2395108105532c5fd9bc71ff2ad0429460dd3eb8014029ae452af6210,506,267,TIGHT_CROP,VALID
FIG_LECH205_10_7,lech205,10,10.7,19,/extracted_figures/lech205_fig_10_7.png,SOURCE_lech205_10_10.7,80c519ddfb5e3821acb4192561a8ecb11cfc5738424f10d9b452bdd2392ccc6c,276,36,TIGHT_CROP,VALID
FIG_LECH205_P20_1,lech205,10,on,20,/extracted_figures/lech205_p20_img1.jpx,SOURCE_lech205_10_on,039788f98b8f8634a76b114b3ae5b397576b1d5f79ee2426253047564d53cb01,150,182,TIGHT_CROP,VALID
FIG_LECH205_P20_2,lech205,10,on,20,/extracted_figures/lech205_p20_img2.jpx,SOURCE_lech205_10_on,3acace44c79a271c103d7781a12415d5cdf744db4722e1774ed5b9f6ca1a7304,995,260,TIGHT_CROP,VALID
FIG_LECH205_P21_1,lech205,10,on,21,/extracted_figures/lech205_p21_img1.jpx,SOURCE_lech205_10_on,22b66f692d25de0905a9f1e1eae05ac21d81df626063db686b7ee9cb171dc037,995,204,TIGHT_CROP,VALID
FIG_LECH205_P21_2,lech205,10,on,21,/extracted_figures/lech205_p21_img2.jpx,SOURCE_lech205_10_on,44ce568e76c037c6072ec61500ce80a9848fd68105682b550510a1221bc940f0,983,490,TIGHT_CROP,VALID
FIG_LECH205_P22_1,lech205,10,on,22,/extracted_figures/lech205_p22_img1.jpx,SOURCE_lech205_10_on,44ce568e76c037c6072ec61500ce80a9848fd68105682b550510a1221bc940f0,983,490,TIGHT_CROP,VALID
FIG_LEPH101_P1_1,leph101,1,on,1,/extracted_figures/leph101_p1_img1.jpeg,SOURCE_leph101_1_on,d847536c93b0c2509342dc0b3cd088ff7ceee5a5b327ec80fc7d0ab728acfd2f,132,132,TIGHT_CROP,VALID
FIG_LEPH101_1_1,leph101,1,1.1,2,/extracted_figures/leph101_fig_1_1.png,SOURCE_leph101_1_1.1,672a10c60350a8d1a3951edd41068f4ac91a7001769a87a2025fd0f83f481406,542,201,TIGHT_CROP,VALID
FIG_LEPH101_1_2,leph101,1,1.2,4,/extracted_figures/leph101_fig_1_2.png,SOURCE_leph101_1_1.2,c7aeaf9b33626e753b7823d4dca96f80b6953069d2181e2ac279cc0190ac5c11,295,44,TIGHT_CROP,VALID
FIG_LEPH101_P7_1,leph101,1,on,7,/extracted_figures/leph101_p7_img1.jpeg,SOURCE_leph101_1_on,906994ad3be6a3d56af2e5dd23641e23789d42880f948266eb6ff93c29bbbeb8,69,98,TIGHT_CROP,VALID
FIG_LEPH101_1_3,leph101,1,1.3,8,/extracted_figures/leph101_fig_1_3.png,SOURCE_leph101_1_1.3,63cf9ab6ee99ad020fced74f1b91fc41dd529fbab5be12a825bc94438264880f,295,84,TIGHT_CROP,VALID
FIG_LEPH101_1_4,leph101,1,1.4,10,/extracted_figures/leph101_fig_1_4.png,SOURCE_leph101_1_1.4,d6a51248f0f1b34a291b5e63a0a8e89f0c06292c31f2bb0d171cd7721b98f2c3,295,361,TIGHT_CROP,VALID
FIG_LEPH101_1_5,leph101,1,1.5,11,/extracted_figures/leph101_fig_1_5.png,SOURCE_leph101_1_1.5,c4e5803bba294e1f09f8bf831111097bbbbdb986a8d07e27f8b928c03b219058,295,118,TIGHT_CROP,VALID
FIG_LEPH101_1_6,leph101,1,1.6,12,/extracted_figures/leph101_fig_1_6.png,SOURCE_leph101_1_1.6,9ec7808c5afa03d73ad8951f9ff068b0e7b4463412bbcd09b8cdcd8948a214f5,295,163,TIGHT_CROP,VALID
FIG_LEPH101_1_7,leph101,1,1.7,13,/extracted_figures/leph101_fig_1_7.png,SOURCE_leph101_1_1.7,42db4e5ce3378bfd95165d421dd6bda8e8d3475d34ec98f399d0afc885b92c03,295,199,TIGHT_CROP,VALID
FIG_LEPH101_1_8,leph101,1,1.8,14,/extracted_figures/leph101_fig_1_8.png,SOURCE_leph101_1_1.8,079417914f0769d0d84054883d86ee43673f6a5eaceb722ba93d0373e462fa1f,295,68,TIGHT_CROP,VALID
FIG_LEPH101_1_9,leph101,1,1.9,16,/extracted_figures/leph101_fig_1_9.png,SOURCE_leph101_1_1.9,2ba3ca116444f876d43ccac93ff8873cd88f113bc832b54eec7624906aec20ca,295,70,TIGHT_CROP,VALID
FIG_LEPH101_1_10,leph101,1,1.10,17,/extracted_figures/leph101_fig_1_10.png,SOURCE_leph101_1_1.10,8b5e83b0567ac4d920c98f5c03ec60069a0e2ad85884f2c5ae4196402328f691,295,106,TIGHT_CROP,VALID
FIG_LEPH101_1_11,leph101,1,1.11,18,/extracted_figures/leph101_fig_1_11.png,SOURCE_leph101_1_1.11,5cd6ec0f647f71b9bc65bc5a132d4ccea48890a6df0733cc501872db2dbd9ea3,295,187,TIGHT_CROP,VALID
FIG_LEPH101_1_12,leph101,1,1.12,19,/extracted_figures/leph101_fig_1_12.png,SOURCE_leph101_1_1.12,f49d44cf7c17538f7402317f78454adeea105bae4481f1e86111d4a9af89d517,295,344,TIGHT_CROP,VALID
FIG_LEPH101_1_13,leph101,1,1.13,20,/extracted_figures/leph101_fig_1_13.png,SOURCE_leph101_1_1.13,fe64000a93ba5e611d346425d9d6db512faf3786be99608b4b8986b418233d54,295,197,TIGHT_CROP,VALID
FIG_LEPH101_1_14,leph101,1,1.14,21,/extracted_figures/leph101_fig_1_14.png,SOURCE_leph101_1_1.14,f67f857d775223f1d7ef2da0b1b26da3d0c9cbe63c99ecfe01976325ae11ca1c,295,209,TIGHT_CROP,VALID
FIG_LEPH101_P22_1,leph101,1,1.15,22,/extracted_figures/leph101_p22_img1.jpeg,SOURCE_leph101_1_1.15,fc7ae5747ea3f41b7fc99fe3989a80e25d521e4276948cf12a0b937156c82f19,177,408,TIGHT_CROP,VALID
FIG_LEPH101_1_15,leph101,1,1.15,22,/extracted_figures/leph101_fig_1_15.png,SOURCE_leph101_1_1.15,0dae464909db4858b8f4ecf7943293e92d41a6e89a1a920e2a1eeeaa83b64e22,295,279,TIGHT_CROP,VALID
FIG_LEPH101_1_16,leph101,1,1.16,22,/extracted_figures/leph101_fig_1_16.png,SOURCE_leph101_1_1.16,5afdef6ff62152ee56214c2ecf3c7732a9323b151fee4d95ba42692a2e4a47b8,295,97,TIGHT_CROP,VALID
FIG_LEPH101_1_17,leph101,1,1.17,24,/extracted_figures/leph101_fig_1_17.png,SOURCE_leph101_1_1.17,bba3e67bde85738268117d563874b79ed9cdf0b9aa39e3ef7eb99aa2f070868d,295,90,TIGHT_CROP,VALID
FIG_LEPH101_1_18,leph101,1,1.18,25,/extracted_figures/leph101_fig_1_18.png,SOURCE_leph101_1_1.18,16a621dc37e56f666ea982fed03f1b0c4bcffd1a61504d81cf63002497492d37,295,219,TIGHT_CROP,VALID
FIG_LEPH101_1_19,leph101,1,1.19,27,/extracted_figures/leph101_fig_1_19.png,SOURCE_leph101_1_1.19,c8e4a489c28dbeb974165fbeac7c0911a1e137af5162dca7ca085d0e60fad641,295,64,TIGHT_CROP,VALID
FIG_LEPH101_1_20,leph101,1,1.20,27,/extracted_figures/leph101_fig_1_20.png,SOURCE_leph101_1_1.20,569e2ab97ebd4361533ae351111e47c577a0964cfb758dfb12c428eceee60f8f,295,110,TIGHT_CROP,VALID
FIG_LEPH101_1_21,leph101,1,1.21,28,/extracted_figures/leph101_fig_1_21.png,SOURCE_leph101_1_1.21,084c7f06fd1c50495222d9afb53b9040a15e21371794132b33ae0d6746e57f7b,295,219,TIGHT_CROP,VALID
FIG_LEPH101_1_22,leph101,1,1.22,29,/extracted_figures/leph101_fig_1_22.png,SOURCE_leph101_1_1.22,dd28f85955bf6f1c5525580985135dc32c903c0b79b0685cc49bde101fffbbd5,295,197,TIGHT_CROP,VALID
FIG_LEPH101_1_23,leph101,1,1.23,30,/extracted_figures/leph101_fig_1_23.png,SOURCE_leph101_1_1.23,bb380348c92818ef7593f6670b44dbe1741f811dca3b72f8f9a91d455ab382f9,295,145,TIGHT_CROP,VALID
FIG_LEPH101_1_24,leph101,1,1.24,31,/extracted_figures/leph101_fig_1_24.png,SOURCE_leph101_1_1.24,6f8459670740410cf2bfb8ad4e2c7dadca2aa08d78506cc8e3a1388bedbed130,542,199,TIGHT_CROP,VALID
FIG_LEPH101_1_25,leph101,1,1.25,32,/extracted_figures/leph101_fig_1_25.png,SOURCE_leph101_1_1.25,9d2e6581ce11cc45c4ca73edeba6a016dda688a209780287f7b2624872cc3ea7,295,139,TIGHT_CROP,VALID
FIG_LEPH101_1_26,leph101,1,1.26,33,/extracted_figures/leph101_fig_1_26.png,SOURCE_leph101_1_1.26,8271d98fa464eb1e3adacd9e723d313236ac8b934299bee52f2275131f0c0a32,295,447,TIGHT_CROP,VALID
FIG_LEPH101_1_27,leph101,1,1.27,34,/extracted_figures/leph101_fig_1_27.png,SOURCE_leph101_1_1.27,775d859c8cbf8f0c300bb1b412ac85663505143ab96d95dec89558b897d75f15,295,74,TIGHT_CROP,VALID
FIG_LEPH101_1_28,leph101,1,1.28,35,/extracted_figures/leph101_fig_1_28.png,SOURCE_leph101_1_1.28,1f554be1a7a779504579cc6aaeed6ce1e2c70412732740ee23798078b3b88975,295,209,TIGHT_CROP,VALID
FIG_LEPH101_P36_1,leph101,1,1.29,36,/extracted_figures/leph101_p36_img1.jpeg,SOURCE_leph101_1_1.29,79a1246dff84023bd9e140bd8ba0bc36133c69093053e7b45c816ff4d5187e14,164,171,TIGHT_CROP,VALID
FIG_LEPH101_1_29,leph101,1,1.29,36,/extracted_figures/leph101_fig_1_29.png,SOURCE_leph101_1_1.29,9b554e1db4073b7be27fbecd413cb9c4356f696035f288a286131bc4d56e53eb,295,141,TIGHT_CROP,VALID
FIG_LEPH101_1_30,leph101,1,1.30,43,/extracted_figures/leph101_fig_1_30.png,SOURCE_leph101_1_1.30,26e9c173dd3d1c365ba8354882f0d04a9e7937a806f9efd4b9e810e362ed7c7a,295,150,TIGHT_CROP,VALID
FIG_LEPH101_1_31,leph101,1,1.31,43,/extracted_figures/leph101_fig_1_31.png,SOURCE_leph101_1_1.31,b9b944802245ad61118fc5bfe431b17ae632587ef39b222d247de60763c0d34d,295,184,TIGHT_CROP,VALID
FIG_LEPH102_P1_1,leph102,2,on,1,/extracted_figures/leph102_p1_img1.jpeg,SOURCE_leph102_2_on,ba0d790fc26c6b96953c738f9eb768e29581781d60c93d6c61660e6d0922d20d,132,132,TIGHT_CROP,VALID
FIG_LEPH102_2_1,leph102,2,2.1,2,/extracted_figures/leph102_fig_2_1.png,SOURCE_leph102_2_2.1,3ed9b3ad56b3d7f0b838ee47ce115100e99f90af69f917df8d81fbbc88504371,295,69,TIGHT_CROP,VALID
FIG_LEPH102_P3_1,leph102,2,on,3,/extracted_figures/leph102_p3_img1.jpeg,SOURCE_leph102_2_on,9e73b8a4eefda0f1d5ce2039de725addb87e785415dfdd19351b9ef3845e6c84,87,109,TIGHT_CROP,VALID
FIG_LEPH102_2_2,leph102,2,2.2,4,/extracted_figures/leph102_fig_2_2.png,SOURCE_leph102_2_2.2,0758da0d5b23179a7635c14a005403b3fa92f9fc17681df8c674e4cc88888e3f,295,72,TIGHT_CROP,VALID
FIG_LEPH102_2_3,leph102,2,2.3,4,/extracted_figures/leph102_fig_2_3.png,SOURCE_leph102_2_2.3,ec101dcd92c291f65281005aa4f4c208421a48161b09c538fba2ba483d18c2e5,295,139,TIGHT_CROP,VALID
FIG_LEPH102_2_4,leph102,2,2.4,5,/extracted_figures/leph102_fig_2_4.png,SOURCE_leph102_2_2.4,8c9fc33fb3ea76041ff059c23a9d1d39cafce32d0cb1f2c32f39d1a46348038f,295,258,TIGHT_CROP,VALID
FIG_LEPH102_2_5,leph102,2,2.5,6,/extracted_figures/leph102_fig_2_5.png,SOURCE_leph102_2_2.5,6a4b76cd86cd097a36c9bf54fa7d5fa361007e22814b2910a7d1e33eb32b997f,295,271,TIGHT_CROP,VALID
FIG_LEPH102_2_6,leph102,2,2.6,7,/extracted_figures/leph102_fig_2_6.png,SOURCE_leph102_2_2.6,bcd351d62c15a420cb4990377918b4764802b32181e7640b46335c66a5230af8,295,169,TIGHT_CROP,VALID
FIG_LEPH102_2_7,leph102,2,2.7,8,/extracted_figures/leph102_fig_2_7.png,SOURCE_leph102_2_2.7,acf3471705efebea0ae40d04de448f9178fd7dd2028cb28fe3febe922ec698ba,295,65,TIGHT_CROP,VALID
FIG_LEPH102_2_8,leph102,2,2.8,9,/extracted_figures/leph102_fig_2_8.png,SOURCE_leph102_2_2.8,d546850d6759449d484ab47c052a4e76c454825440bd30ad02cf00c17db0de5d,295,175,TIGHT_CROP,VALID
FIG_LEPH102_2_9,leph102,2,2.9,10,/extracted_figures/leph102_fig_2_9.png,SOURCE_leph102_2_2.9,2218d03ecb7b495345f44fad76c50d5e1320cee19d185fd25dd8b0333312272a,295,62,TIGHT_CROP,VALID
FIG_LEPH102_2_10,leph102,2,2.10,10,/extracted_figures/leph102_fig_2_10.png,SOURCE_leph102_2_2.10,914a74e9de654302964268653d893361cd2edbdd221f189375f20b1725834c3d,295,69,TIGHT_CROP,VALID
FIG_LEPH102_2_11,leph102,2,2.11,10,/extracted_figures/leph102_fig_2_11.png,SOURCE_leph102_2_2.11,fa4e0f9027a4f48956c2fb093e586a2103024de1467be23f4b8fb946d161bb7e,295,130,TIGHT_CROP,VALID
FIG_LEPH102_2_12,leph102,2,2.12,11,/extracted_figures/leph102_fig_2_12.png,SOURCE_leph102_2_2.12,c40e42ef405d532517e160256d9c379927e6f8538c0ecc6d6058edcb039b8832,295,125,TIGHT_CROP,VALID
FIG_LEPH102_2_13,leph102,2,2.13,12,/extracted_figures/leph102_fig_2_13.png,SOURCE_leph102_2_2.13,3264ba997829e7584e9818bcdaff09ebdbadbeb18d47ca4d2c13f4fbd4dbd3ab,295,134,TIGHT_CROP,VALID
FIG_LEPH102_2_14,leph102,2,2.14,12,/extracted_figures/leph102_fig_2_14.png,SOURCE_leph102_2_2.14,d30784051f750c04b72cd7a5f1bf08dbfa121a9e2427a6031566363727b73599,295,51,TIGHT_CROP,VALID
FIG_LEPH102_2_15,leph102,2,2.15,13,/extracted_figures/leph102_fig_2_15.png,SOURCE_leph102_2_2.15,9a69815e6781807b8da753bf0549fb9e3269f419456c811e9c1cfe9b28c0e80d,295,174,TIGHT_CROP,VALID
FIG_LEPH102_2_16,leph102,2,2.16,16,/extracted_figures/leph102_fig_2_16.png,SOURCE_leph102_2_2.16,eb4dac9bec6aff16bf37176c2a6ad5603ad882fd8f9126bff5c22f6d652e2382,295,196,TIGHT_CROP,VALID
FIG_LEPH102_2_17,leph102,2,2.17,19,/extracted_figures/leph102_fig_2_17.png,SOURCE_leph102_2_2.17,8601a23663a55e61a5ae7c6eccfcadd79c375d5ebe55a4afbb614f13f8afac40,295,106,TIGHT_CROP,VALID
FIG_LEPH102_2_18,leph102,2,2.18,20,/extracted_figures/leph102_fig_2_18.png,SOURCE_leph102_2_2.18,574ae1e72d7833245cb4d57c51e8c7da5f4b0b8fa43bbae443131145355a76a4,295,111,TIGHT_CROP,VALID
FIG_LEPH102_2_19,leph102,2,2.19,20,/extracted_figures/leph102_fig_2_19.png,SOURCE_leph102_2_2.19,db577d20ead0d040f2df40893a352cc04bf4a8de0c2658de138463673353b03e,542,203,TIGHT_CROP,VALID
FIG_LEPH102_2_20,leph102,2,2.20,21,/extracted_figures/leph102_fig_2_20.png,SOURCE_leph102_2_2.20,fb83a367c3caa7c18c6094df02ef4b08e31b799a6494b870feee1d2424e83296,295,246,TIGHT_CROP,VALID
FIG_LEPH102_2_21,leph102,2,2.21,21,/extracted_figures/leph102_fig_2_21.png,SOURCE_leph102_2_2.21,79dbba1fb038d8d8fc0a18cbcbc1d4e5b2ecd95b143257a3c6c7325a8d33086b,295,164,TIGHT_CROP,VALID
FIG_LEPH102_2_22,leph102,2,2.22,22,/extracted_figures/leph102_fig_2_22.png,SOURCE_leph102_2_2.22,2a34f4c28d510e9d738f092cc9b1ec771d7c39099b7ad96bfa93850ad5943736,295,371,TIGHT_CROP,VALID
FIG_LEPH102_2_23,leph102,2,2.23,23,/extracted_figures/leph102_fig_2_23.png,SOURCE_leph102_2_2.23,d4254ed8a419e09567259ee7333043836b73d90ca73e04b3a6035b0ae13ddb8e,295,72,TIGHT_CROP,VALID
FIG_LEPH102_2_24,leph102,2,2.24,23,/extracted_figures/leph102_fig_2_24.png,SOURCE_leph102_2_2.24,0dcc3dfc9e0fb8ae731e8fde2a91909ffeb7ee04a6974dd4715d638656bd92f5,295,140,TIGHT_CROP,VALID
FIG_LEPH102_2_25,leph102,2,2.25,24,/extracted_figures/leph102_fig_2_25.png,SOURCE_leph102_2_2.25,7d2705a6da48b17880f2ff25cbe11feae6e4ec8548072f71f38505bc2d5c5f7e,295,38,TIGHT_CROP,VALID
FIG_LEPH102_2_26,leph102,2,2.26,27,/extracted_figures/leph102_fig_2_26.png,SOURCE_leph102_2_2.26,e8012c87eb44753b635ff7bb7a30c4e60cf6562b0e87a30bc0135fd0417ace17,295,215,TIGHT_CROP,VALID
FIG_LEPH102_2_27,leph102,2,2.27,27,/extracted_figures/leph102_fig_2_27.png,SOURCE_leph102_2_2.27,147ce95816b9b9490b0bfdb5d5f6b743b56a0fb176eabeb1556234b1b977341d,295,379,TIGHT_CROP,VALID
FIG_LEPH102_2_28,leph102,2,2.28,28,/extracted_figures/leph102_fig_2_28.png,SOURCE_leph102_2_2.28,0a81de9e2bc810c542349a0bb5ea61220edd54623739d78cfe06c7b7da5c634b,295,195,TIGHT_CROP,VALID
FIG_LEPH102_2_29,leph102,2,2.29,29,/extracted_figures/leph102_fig_2_29.png,SOURCE_leph102_2_2.29,a2ef7a9e420f9229346b1a00d889cf10ecf2b5716d4a6425596535e0157f2310,295,172,TIGHT_CROP,VALID
FIG_LEPH102_2_30,leph102,2,2.30,30,/extracted_figures/leph102_fig_2_30.png,SOURCE_leph102_2_2.30,6f4a79ac7cc3ccb7e4712e3d26ae1bb7c9db7c609016adf5c256a00fb64bc67f,295,138,TIGHT_CROP,VALID
FIG_LEPH102_2_31,leph102,2,2.31,31,/extracted_figures/leph102_fig_2_31.png,SOURCE_leph102_2_2.31,52153b88c56ced2274daebc0692a30d5f72fa6306b235ea4818bd07559a5523b,295,234,TIGHT_CROP,VALID
FIG_LEPH103_P1_1,leph103,3,on,1,/extracted_figures/leph103_p1_img1.jpeg,SOURCE_leph103_3_on,8b012a053b0039d788a95029a5177b0ba71db30151d5854c5f3c04461e7eee2c,132,132,TIGHT_CROP,VALID
FIG_LEPH103_3_1,leph103,3,3.1,3,/extracted_figures/leph103_fig_3_1.png,SOURCE_leph103_3_3.1,f607800efbe208d085bf5bc77e6c4fe88d0b6f4dbbdaa03eda50b094ccbd352d,295,69,TIGHT_CROP,VALID
FIG_LEPH103_3_2,leph103,3,3.2,3,/extracted_figures/leph103_fig_3_2.png,SOURCE_leph103_3_3.2,c84f5faf2c089d6d4b45047b305049c44f8eb0cd8cacfa1c78c37d0287ca1ee5,295,128,TIGHT_CROP,VALID
FIG_LEPH103_P4_1,leph103,3,on,4,/extracted_figures/leph103_p4_img1.jpeg,SOURCE_leph103_3_on,5dbd2e8a5fb11a33823f8ebb8826917908e0d33551c904171154bcbd68f1732b,84,123,TIGHT_CROP,VALID
FIG_LEPH103_3_3,leph103,3,3.3,5,/extracted_figures/leph103_fig_3_3.png,SOURCE_leph103_3_3.3,00836ea9c3e035d68615d091473d55d83396b322bbeb79f425cc66fd8bd4e300,295,47,TIGHT_CROP,VALID
FIG_LEPH103_3_4,leph103,3,3.4,6,/extracted_figures/leph103_fig_3_4.png,SOURCE_leph103_3_3.4,933b2bac9f82558c9ea27273a090c7f0445acaee2d52fd56ed9a6035fc0acd6b,295,87,TIGHT_CROP,VALID
FIG_LEPH103_3_5,leph103,3,3.5,9,/extracted_figures/leph103_fig_3_5.png,SOURCE_leph103_3_3.5,038dcfd989b0ce53820b6c932f3b12aff17285d22a3c09bd84b3229dc788d362,295,92,TIGHT_CROP,VALID
FIG_LEPH103_3_6,leph103,3,3.6,9,/extracted_figures/leph103_fig_3_6.png,SOURCE_leph103_3_3.6,ed96ddbe63a1530d6f9f3043d88636aae06693f32651d81a7f93f87abea178ec,295,198,TIGHT_CROP,VALID
FIG_LEPH103_3_7,leph103,3,3.7,9,/extracted_figures/leph103_fig_3_7.png,SOURCE_leph103_3_3.7,53286d066285006847b72abe10fc88253698fcfb12f0df6b0515267083e361ef,295,199,TIGHT_CROP,VALID
FIG_LEPH103_3_8,leph103,3,3.8,10,/extracted_figures/leph103_fig_3_8.png,SOURCE_leph103_3_3.8,843e4a71efa04a9a652a9977d951623f36eaed05952961909732937c9bf7ae6b,295,182,TIGHT_CROP,VALID
FIG_LEPH103_3_9,leph103,3,3.9,10,/extracted_figures/leph103_fig_3_9.png,SOURCE_leph103_3_3.9,d9bae9f23a5377d39434291bb78d23101511c2a45b4a6b48905d2444381d759e,295,158,TIGHT_CROP,VALID
FIG_LEPH103_3_10,leph103,3,3.10,10,/extracted_figures/leph103_fig_3_10.png,SOURCE_leph103_3_3.10,8a6d7b8992b4d4d1aa5a797becb3adcefdb5f4e7f089f0f8660b11a5c90dabd1,295,169,TIGHT_CROP,VALID
FIG_LEPH103_3_11,leph103,3,3.11,13,/extracted_figures/leph103_fig_3_11.png,SOURCE_leph103_3_3.11,cb974d139dd880e70673c9c80b457492bacd4c185517d85af574bfc0b9b338cc,295,43,TIGHT_CROP,VALID
FIG_LEPH103_3_12,leph103,3,3.12,14,/extracted_figures/leph103_fig_3_12.png,SOURCE_leph103_3_3.12,5d2c69d0ed679d5de3dcf8732c3e9abb22a8411147fc8ff3ea67abcccb8f7027,295,42,TIGHT_CROP,VALID
FIG_LEPH103_3_13,leph103,3,3.13,15,/extracted_figures/leph103_fig_3_13.png,SOURCE_leph103_3_3.13,75cf3d6a5924425d814d703404805228e05c23527b7af46db120581470d8b631,612,707,TIGHT_CROP,VALID
FIG_LEPH103_3_14,leph103,3,3.14,16,/extracted_figures/leph103_fig_3_14.png,SOURCE_leph103_3_3.14,ab78c42bbfb9193ab5c8f06c8f9e5166741c7249b1e78cb76a3f270d2c6c261a,295,195,TIGHT_CROP,VALID
FIG_LEPH103_P17_1,leph103,3,on,17,/extracted_figures/leph103_p17_img1.jpeg,SOURCE_leph103_3_on,2a180f92dc1e8e2ef8c19c60b914caea78f6bc2092c53f9fe4ed973f693b54fc,88,129,TIGHT_CROP,VALID
FIG_LEPH103_3_15,leph103,3,3.15,18,/extracted_figures/leph103_fig_3_15.png,SOURCE_leph103_3_3.15,1a42fc939c49abd08be4e50b8917357f3cca0c2a6a1fb6eec8b4471e4bbd6e55,295,144,TIGHT_CROP,VALID
FIG_LEPH103_3_16,leph103,3,3.16,18,/extracted_figures/leph103_fig_3_16.png,SOURCE_leph103_3_3.16,36f2586777808277dd2277ff1b48bc533d53ce84ef11a994941519d6a60c080e,295,293,TIGHT_CROP,VALID
FIG_LEPH103_3_17,leph103,3,3.17,19,/extracted_figures/leph103_fig_3_17.png,SOURCE_leph103_3_3.17,64420f44cdeb08d1c2be3b72db392cf0a5c6e210718a2762d56967ee96ce666b,295,199,TIGHT_CROP,VALID
FIG_LEPH103_3_18,leph103,3,3.18,21,/extracted_figures/leph103_fig_3_18.png,SOURCE_leph103_3_3.18,ae45cb1fd6f6b7a7d38f0f9a6951f8d2f36bac479c571100b25d34decc4e0a85,295,133,TIGHT_CROP,VALID
FIG_LEPH103_3_19,leph103,3,3.19,21,/extracted_figures/leph103_fig_3_19.png,SOURCE_leph103_3_3.19,d1bc8b1e3750872508319785bd37b855e9c8e23048ede38efa54b3a612b97044,295,204,TIGHT_CROP,VALID
FIG_LEPH103_3_20,leph103,3,3.20,26,/extracted_figures/leph103_fig_3_20.png,SOURCE_leph103_3_3.20,3beffc04cefc28dafc501759b46ed4c1636a0d71e72f46879364ab4d01a28ddc,295,203,TIGHT_CROP,VALID
FIG_LEPH104_P1_1,leph104,4,on,1,/extracted_figures/leph104_p1_img1.jpeg,SOURCE_leph104_4_on,446453d9725ae71481a64033d8b0fac91ba995ca77e2ed97b91c59cee49da69d,132,132,TIGHT_CROP,VALID
FIG_LEPH104_P2_1,leph104,4,4.1,2,/extracted_figures/leph104_p2_img1.jpeg,SOURCE_leph104_4_4.1,98d499598e08ce7292d14fb019f8068c4b6ace4873a438427c6975c91dd742b8,85,128,TIGHT_CROP,VALID
FIG_LEPH104_4_1,leph104,4,4.1,2,/extracted_figures/leph104_fig_4_1.png,SOURCE_leph104_4_4.1,10829c9e487adad0d40a5d2350c9b558d582e34a7f4562178cd2f3249bcf87a4,542,112,TIGHT_CROP,VALID
FIG_LEPH104_P3_1,leph104,4,on,3,/extracted_figures/leph104_p3_img1.jpeg,SOURCE_leph104_4_on,a7ccc9beadee89923e51b9d91988615b978753d46a26e14ab4cd90da68bd8d9a,87,116,TIGHT_CROP,VALID
FIG_LEPH104_4_2,leph104,4,4.2,4,/extracted_figures/leph104_fig_4_2.png,SOURCE_leph104_4_4.2,915d936fec0397251ab20b19563430834a3e5ec48958d1bf9282e657f6e3c560,295,125,TIGHT_CROP,VALID
FIG_LEPH104_4_3,leph104,4,4.3,5,/extracted_figures/leph104_fig_4_3.png,SOURCE_leph104_4_4.3,6b041241e4fb61d67ed70e2d94be1fa05117fa160fe66a4cdebef60761284c35,295,96,TIGHT_CROP,VALID
FIG_LEPH104_4_4,leph104,4,4.4,5,/extracted_figures/leph104_fig_4_4.png,SOURCE_leph104_4_4.4,f6c749d3d52ca3290f0f3c97221a8c39a3d6a674798fd4886a3d36aea09701f0,295,151,TIGHT_CROP,VALID
FIG_LEPH104_4_5,leph104,4,4.5,6,/extracted_figures/leph104_fig_4_5.png,SOURCE_leph104_4_4.5,8dd36d835ff32f82446a3615fc526233bb0e81f734e688268f3be8fa6fa65b69,295,67,TIGHT_CROP,VALID
FIG_LEPH104_4_6,leph104,4,4.6,6,/extracted_figures/leph104_fig_4_6.png,SOURCE_leph104_4_4.6,282cd7edffbfef5d55e3e5773abf41f3731fc8ea72b013892a08ab6c05193a89,295,245,TIGHT_CROP,VALID
FIG_LEPH104_4_7,leph104,4,4.7,7,/extracted_figures/leph104_fig_4_7.png,SOURCE_leph104_4_4.7,f9d78414ab5049f487da24e31bee3e53c1ccee258305a863b309658a2decfd83,295,195,TIGHT_CROP,VALID
FIG_LEPH104_4_8,leph104,4,4.8,8,/extracted_figures/leph104_fig_4_8.png,SOURCE_leph104_4_4.8,c6ea8a07cb87b6992d8372e620880df5588846275555aed2d218f0a31781fae9,295,106,TIGHT_CROP,VALID
FIG_LEPH104_4_9,leph104,4,4.9,9,/extracted_figures/leph104_fig_4_9.png,SOURCE_leph104_4_4.9,7e2f3971a1b36d0a2bb2d081702a7248669f6e58f83f3f94c5a0354f660bcd2d,295,109,TIGHT_CROP,VALID
FIG_LEPH104_4_10,leph104,4,4.10,10,/extracted_figures/leph104_fig_4_10.png,SOURCE_leph104_4_4.10,bbc22827c6da5111a767f282a7fa6b89e7d26261af076a05f0f80d77c097c2a7,542,188,TIGHT_CROP,VALID
FIG_LEPH104_4_11,leph104,4,4.11,11,/extracted_figures/leph104_fig_4_11.png,SOURCE_leph104_4_4.11,451aab02e905606863b82e412faa04049a8096509b44aba3935209f0a5db67c4,295,108,TIGHT_CROP,VALID
FIG_LEPH104_4_12,leph104,4,4.12,11,/extracted_figures/leph104_fig_4_12.png,SOURCE_leph104_4_4.12,8c92424eaa28723d6d24244b4107450bac3ab503e1e3aca4b967e7cf6b60693c,612,707,TIGHT_CROP,VALID
FIG_LEPH104_P12_1,leph104,4,on,12,/extracted_figures/leph104_p12_img1.jpeg,SOURCE_leph104_4_on,358fb9d01c83e4936e9b12c6022834723b64dc0f36fe3697c4650a5636bad978,123,165,TIGHT_CROP,VALID
FIG_LEPH104_4_13,leph104,4,4.13,13,/extracted_figures/leph104_fig_4_13.png,SOURCE_leph104_4_4.13,4bc7096b095410409c153ce5b5f7597ecb575e5112b02afdff00d18e6f08349d,295,117,TIGHT_CROP,VALID
FIG_LEPH104_4_14,leph104,4,4.14,14,/extracted_figures/leph104_fig_4_14.png,SOURCE_leph104_4_4.14,e895eac5a13dc15e55e281d185a9aa8ec0b43cdf2cbc2b76da3d028e40855da6,295,262,TIGHT_CROP,VALID
FIG_LEPH104_4_15,leph104,4,4.15,15,/extracted_figures/leph104_fig_4_15.png,SOURCE_leph104_4_4.15,4b97cd40e940e69e8e00685502b98fe65dd9a958add73674556c5ddd3213f241,542,201,TIGHT_CROP,VALID
FIG_LEPH104_4_16,leph104,4,4.16,15,/extracted_figures/leph104_fig_4_16.png,SOURCE_leph104_4_4.16,ea1b878ab8249cfa69cd0f889b8ecaeb39c4cb1a0c36e5c3bb20f9726a411132,542,267,TIGHT_CROP,VALID
FIG_LEPH104_4_17,leph104,4,4.17,17,/extracted_figures/leph104_fig_4_17.png,SOURCE_leph104_4_4.17,d72f9830e66a1619dcd26965e79008b86195515b11e3585438abe116a01cc8b8,542,138,TIGHT_CROP,VALID
FIG_LEPH104_4_18,leph104,4,4.18,19,/extracted_figures/leph104_fig_4_18.png,SOURCE_leph104_4_4.18,0acfb4827c1c3030482cf04ec6dbd67c96e354aa78893639af2153af64e26645,295,101,TIGHT_CROP,VALID
FIG_LEPH104_4_19,leph104,4,4.19,20,/extracted_figures/leph104_fig_4_19.png,SOURCE_leph104_4_4.19,37e3e2760582c7932e245a232007e62ae9353b8902f1e3537d7202a2ca868004,295,63,TIGHT_CROP,VALID
FIG_LEPH104_4_20,leph104,4,4.20,24,/extracted_figures/leph104_fig_4_20.png,SOURCE_leph104_4_4.20,959c45ec41a3aa067806b62abf02477572c26e16319472f9c398020606924cae,295,78,TIGHT_CROP,VALID
FIG_LEPH104_4_21,leph104,4,4.21,24,/extracted_figures/leph104_fig_4_21.png,SOURCE_leph104_4_4.21,803503dea0da138673441cd1941335795ab4ef30068fbeb572813e723fe22b56,295,97,TIGHT_CROP,VALID
FIG_LEPH104_4_23,leph104,4,4.23,25,/extracted_figures/leph104_fig_4_23.png,SOURCE_leph104_4_4.23,5df9873f6b5201d98189b41ce06eca0cec2a4fb76bf556d0037f899acaf0c6b3,295,142,TIGHT_CROP,VALID
FIG_LEPH104_4_22,leph104,4,4.22,25,/extracted_figures/leph104_fig_4_22.png,SOURCE_leph104_4_4.22,0cacb587a2d3d8dacc34b4971bbc94a033bc702c9228599c701a519618e2be2e,295,202,TIGHT_CROP,VALID
FIG_LEPH105_P1_1,leph105,5,on,1,/extracted_figures/leph105_p1_img1.jpeg,SOURCE_leph105_5_on,a122428d4b4456aa55eff19bc4463a96c1b463f98f08968d18b70e359715c01c,132,132,TIGHT_CROP,VALID
FIG_LEPH105_P2_1,leph105,5,1.14(d),2,/extracted_figures/leph105_p2_img1.jpeg,SOURCE_leph105_5_1.14(d),170986eaac70a0fde231d56583db8a9178d789a755598dce81e12e1440ba48ec,329,459,TIGHT_CROP,VALID
FIG_LEPH105_1_14,leph105,5,1.14,2,/extracted_figures/leph105_fig_1_14.png,SOURCE_leph105_5_1.14,4d49fac1f03ca129b97681b3be6d6f6cc75d8681be3063196920528993134d19,612,707,TIGHT_CROP,VALID
FIG_LEPH105_5_1,leph105,5,5.1,2,/extracted_figures/leph105_fig_5_1.png,SOURCE_leph105_5_5.1,4d49fac1f03ca129b97681b3be6d6f6cc75d8681be3063196920528993134d19,612,707,TIGHT_CROP,VALID
FIG_LEPH105_P3_1,leph105,5,5.3,3,/extracted_figures/leph105_p3_img1.jpeg,SOURCE_leph105_5_5.3,ccc0f74358e38b3b5a9e4adfae99c9e752e59634c43786a7fb44418bef5cd6e6,379,386,TIGHT_CROP,VALID
FIG_LEPH105_5_3,leph105,5,5.3,3,/extracted_figures/leph105_fig_5_3.png,SOURCE_leph105_5_5.3,54d45a89490f9206becc4561d6f620c77cb50cb33a571a8482f61b66c8770e85,295,291,TIGHT_CROP,VALID
FIG_LEPH105_5_2,leph105,5,5.2,3,/extracted_figures/leph105_fig_5_2.png,SOURCE_leph105_5_5.2,eb40f5011f31580b87048e773e5257645ceca0c3b4649d6891467b422c76fa19,542,299,TIGHT_CROP,VALID
FIG_LEPH105_5_4,leph105,5,5.4,6,/extracted_figures/leph105_fig_5_4.png,SOURCE_leph105_5_5.4,70e3e5a8cb659f1731ad694a3d35fa784365801b37774b17cf66ebc386b2ba59,295,176,TIGHT_CROP,VALID
FIG_LEPH105_P7_1,leph105,5,5.5,7,/extracted_figures/leph105_p7_img1.jpeg,SOURCE_leph105_5_5.5,4f1834d16cf8c7a7a5853d8511a6f9e885546856c8bec8381518d9f8fb0d806e,85,96,TIGHT_CROP,VALID
FIG_LEPH105_5_5,leph105,5,5.5,7,/extracted_figures/leph105_fig_5_5.png,SOURCE_leph105_5_5.5,575ef4062061736d4bbab5ad7f38a832ec00589292e777397a5cd3ae672697f1,295,155,TIGHT_CROP,VALID
FIG_LEPH105_5_6,leph105,5,5.6,8,/extracted_figures/leph105_fig_5_6.png,SOURCE_leph105_5_5.6,87fe238d8c76f128f9953514c9d42970935655f2a2cc3e841c41e60512637818,295,444,TIGHT_CROP,VALID
FIG_LEPH105_5_7,leph105,5,5.7,12,/extracted_figures/leph105_fig_5_7.png,SOURCE_leph105_5_5.7,95cade62523b5ed743c9d03148cf913eb076a0c7a5fa46242a19f3caae229dde,295,225,TIGHT_CROP,VALID
FIG_LEPH105_5_8,leph105,5,5.8,14,/extracted_figures/leph105_fig_5_8.png,SOURCE_leph105_5_5.8,0ae1f647f6b4dbf07e72f11c1d4b6cfa114942bfeb3a19810a8b1147fa2a1f67,295,170,TIGHT_CROP,VALID
FIG_LEPH106_P1_1,leph106,6,on,1,/extracted_figures/leph106_p1_img1.jpeg,SOURCE_leph106_6_on,39c70876a6e76119867d4a0a6f89a9ea295c6460d493f37691fbb3df2b42a837,132,132,TIGHT_CROP,VALID
FIG_LEPH106_P2_1,leph106,6,6.1,2,/extracted_figures/leph106_p2_img1.jpeg,SOURCE_leph106_6_6.1,4de7dbf197c99d3b84b60d813dbfbceb3f029beda2411a9749785b85c46e2ceb,87,128,TIGHT_CROP,VALID
FIG_LEPH106_6_1,leph106,6,6.1,2,/extracted_figures/leph106_fig_6_1.png,SOURCE_leph106_6_6.1,04aaab6845d8f5cba63eb4450a87ec3f1e6012a5a32870d3742d777cf6f669aa,295,213,TIGHT_CROP,VALID
FIG_LEPH106_6_2,leph106,6,6.2,3,/extracted_figures/leph106_fig_6_2.png,SOURCE_leph106_6_6.2,c6f53187fb95fcff044cebaad0a44dbc7b4d8c02754feab85380dc6a33cc8655,295,99,TIGHT_CROP,VALID
FIG_LEPH106_6_3,leph106,6,6.3,3,/extracted_figures/leph106_fig_6_3.png,SOURCE_leph106_6_6.3,6085d8e54e23c52ec8cb9a83f3269af28e7124174254f2d4cd03615905f6dbfd,295,221,TIGHT_CROP,VALID
FIG_LEPH106_6_4,leph106,6,6.4,4,/extracted_figures/leph106_fig_6_4.png,SOURCE_leph106_6_6.4,a2a34e7fe5f23421a43dab6c5e1244ad45c5fb559672035cf678e1b255528ae9,295,50,TIGHT_CROP,VALID
FIG_LEPH106_6_5,leph106,6,6.5,4,/extracted_figures/leph106_fig_6_5.png,SOURCE_leph106_6_6.5,fdf1b97da1c31c4cd8a98fb80b003b1f16ef6be92fcf1fdb62b4e5affa9b8e85,295,83,TIGHT_CROP,VALID
FIG_LEPH106_P5_1,leph106,6,on,5,/extracted_figures/leph106_p5_img1.jpeg,SOURCE_leph106_6_on,406de2fbfc2a8ba9cf62c111f18fce532d09ab581b6a273939eba4645cf9c88c,87,117,TIGHT_CROP,VALID
FIG_LEPH106_6_6,leph106,6,6.6,7,/extracted_figures/leph106_fig_6_6.png,SOURCE_leph106_6_6.6,ba872f87066be2ab8a3c7df95ea1aac703703775b0f3bf2a58a931631a4217e2,295,208,TIGHT_CROP,VALID
FIG_LEPH106_6_7,leph106,6,6.7,8,/extracted_figures/leph106_fig_6_7.png,SOURCE_leph106_6_6.7,8c21f5143bd4dba1728033f3889fdffcbe99a5d2812696f631ad116a4c52f791,295,222,TIGHT_CROP,VALID
FIG_LEPH106_6_8,leph106,6,6.8,9,/extracted_figures/leph106_fig_6_8.png,SOURCE_leph106_6_6.8,66d3cfb0c80a35da2838711de3eadb7509045bebac864c76b51ec2911afb1cc9,295,137,TIGHT_CROP,VALID
FIG_LEPH106_6_9,leph106,6,6.9,9,/extracted_figures/leph106_fig_6_9.png,SOURCE_leph106_6_6.9,d238462e19d652482753821e98597ac82ce5b7797c4315ee847ae5d636971e8d,542,121,TIGHT_CROP,VALID
FIG_LEPH106_6_10,leph106,6,6.10,9,/extracted_figures/leph106_fig_6_10.png,SOURCE_leph106_6_6.10,026f822cac9dde3a85d5efd403737179b21293ea214fc1f80fee8f337534f6e1,295,175,TIGHT_CROP,VALID
FIG_LEPH106_6_11,leph106,6,6.11,11,/extracted_figures/leph106_fig_6_11.png,SOURCE_leph106_6_6.11,419ae0365fc52b66bdb6b37cfb6107ebb24e0f021e82c7c897223216c06c850a,542,363,TIGHT_CROP,VALID
FIG_LEPH106_6_12,leph106,6,6.12,13,/extracted_figures/leph106_fig_6_12.png,SOURCE_leph106_6_6.12,61ae202565d2e37eee6143737802e1eb0e73ebda4a65f9402a9ef64ec29bff2e,295,67,TIGHT_CROP,VALID
FIG_LEPH106_6_13,leph106,6,6.13,17,/extracted_figures/leph106_fig_6_13.png,SOURCE_leph106_6_6.13,25ce4dbc205f436ebbfcc5320ae164a68095bafc78618f92810762f08a3e413e,295,305,TIGHT_CROP,VALID
FIG_LEPH106_6_14,leph106,6,6.14,19,/extracted_figures/leph106_fig_6_14.png,SOURCE_leph106_6_6.14,4f7a5df17af405f175d361504a6a60390378fb19049a2ab50efa47d8d8490854,542,346,TIGHT_CROP,VALID
FIG_LEPH106_6_15,leph106,6,6.15,22,/extracted_figures/leph106_fig_6_15.png,SOURCE_leph106_6_6.15,782ae03b1f8a1c19ade01ede80612cb36a426744992d38221354fea4e435f1cf,295,519,TIGHT_CROP,VALID
FIG_LEPH106_6_16,leph106,6,6.16,23,/extracted_figures/leph106_fig_6_16.png,SOURCE_leph106_6_6.16,bee6fa0da06148a96a57f6889cb09adfd03c7b038e68e6dbf12f54b5bd2ddc26,295,140,TIGHT_CROP,VALID
FIG_LEPH107_P1_1,leph107,7,on,1,/extracted_figures/leph107_p1_img1.jpeg,SOURCE_leph107_7_on,e4a8af5cac7f643bfc864bcaefe5357161be441a3ceaf4ca11c3afca8c914871,132,132,TIGHT_CROP,VALID
FIG_LEPH107_P2_1,leph107,7,7.1,2,/extracted_figures/leph107_p2_img1.jpeg,SOURCE_leph107_7_7.1,6816812d76bb352fdf218470518205f69e1eb45e7f43eba7ee2a2c6eae6d08c4,141,156,TIGHT_CROP,VALID
FIG_LEPH107_7_2,leph107,7,7.2,2,/extracted_figures/leph107_fig_7_2.png,SOURCE_leph107_7_7.2,6ab0f178e7af70995a34ca94d97d9b78c0265f54e9666afbb358295c9ef560b6,295,148,TIGHT_CROP,VALID
FIG_LEPH107_7_1,leph107,7,7.1,2,/extracted_figures/leph107_fig_7_1.png,SOURCE_leph107_7_7.1,7b146efc6f1e729b984446ccc9fa2ad138f0fd9dce447a9aaad756a234ee1cef,295,140,TIGHT_CROP,VALID
FIG_LEPH107_P3_1,leph107,7,7.3,3,/extracted_figures/leph107_p3_img1.jpeg,SOURCE_leph107_7_7.3,e51029409dee4c61f6f69368ca20ef74361727e72ef882ff1987cf3780ced1ba,225,243,TIGHT_CROP,VALID
FIG_LEPH107_7_3,leph107,7,7.3,3,/extracted_figures/leph107_fig_7_3.png,SOURCE_leph107_7_7.3,a9827beab333b97e45ae71c185806f569e58959c0585ccee1e598a407a17a826,295,151,TIGHT_CROP,VALID
FIG_LEPH107_7_4,leph107,7,7.4,5,/extracted_figures/leph107_fig_7_4.png,SOURCE_leph107_7_7.4,85457b91cfa128736fb349c88685344b65610cc6a2194925440a6b0e52dd7f7a,295,281,TIGHT_CROP,VALID
FIG_LEPH107_7_5,leph107,7,7.5,5,/extracted_figures/leph107_fig_7_5.png,SOURCE_leph107_7_7.5,09efebc34252f88d03d727df2f03f90f497c87b9fe28f96c81a11cea1227bb7f,295,60,TIGHT_CROP,VALID
FIG_LEPH107_7_6,leph107,7,7.6,7,/extracted_figures/leph107_fig_7_6.png,SOURCE_leph107_7_7.6,eaa67c8bfb9e513de950d7839739c5ad22bba32d18ba88b9d68e3e72c2feed34,295,191,TIGHT_CROP,VALID
FIG_LEPH107_7_7,leph107,7,7.7,8,/extracted_figures/leph107_fig_7_7.png,SOURCE_leph107_7_7.7,99780350a8fce23fcb8e79e72390b66fb86a4288256207ce254b7da4c75543ae,295,198,TIGHT_CROP,VALID
FIG_LEPH107_7_8,leph107,7,7.8,9,/extracted_figures/leph107_fig_7_8.png,SOURCE_leph107_7_7.8,9715b801bafc1ee2ed24b68d9b9197be1411730d25aafea1c644a9ccaa83838e,295,176,TIGHT_CROP,VALID
FIG_LEPH107_7_9,leph107,7,7.9,10,/extracted_figures/leph107_fig_7_9.png,SOURCE_leph107_7_7.9,72bdc5ad9b24cf1453158ba10d7907456dc2cd29741305a19655e504778d75f4,295,110,TIGHT_CROP,VALID
FIG_LEPH107_7_10,leph107,7,7.10,10,/extracted_figures/leph107_fig_7_10.png,SOURCE_leph107_7_7.10,792114ee3e12c0fd910443d48760e7c2e35b68dac1188caf5fa74cde443c6e5e,295,98,TIGHT_CROP,VALID
FIG_LEPH107_7_11,leph107,7,7.11,11,/extracted_figures/leph107_fig_7_11.png,SOURCE_leph107_7_7.11,2a3aad6998b4dc9c07b419ecf78232126a99f1648694eaa3438635319b9644c6,295,43,TIGHT_CROP,VALID
FIG_LEPH107_7_12,leph107,7,7.12,12,/extracted_figures/leph107_fig_7_12.png,SOURCE_leph107_7_7.12,1a1794ccd5f6680ccf5f8e2ede03aa88c7d6044573e4a594d20f7f676ea299f9,295,110,TIGHT_CROP,VALID
FIG_LEPH107_7_13,leph107,7,7.13,12,/extracted_figures/leph107_fig_7_13.png,SOURCE_leph107_7_7.13,8afcf3547d4239fc42bb51ac9da0efe2bf8add80bd613ba67be1a0458280baeb,295,205,TIGHT_CROP,VALID
FIG_LEPH107_7_14,leph107,7,7.14,13,/extracted_figures/leph107_fig_7_14.png,SOURCE_leph107_7_7.14,04330f200acd38c4112d5e8c5b77f7ae83db3558a4934fa65f2fc7fdddcf5c29,295,215,TIGHT_CROP,VALID
FIG_LEPH107_7_15,leph107,7,7.15,16,/extracted_figures/leph107_fig_7_15.png,SOURCE_leph107_7_7.15,322eecb46d49a4c8e0f2b426a7aaa0807c7b2703bf546a6be7b2ac8fe4ae5200,295,231,TIGHT_CROP,VALID
FIG_LEPH107_7_16,leph107,7,7.16,18,/extracted_figures/leph107_fig_7_16.png,SOURCE_leph107_7_7.16,6ddb7bd13abed02d9d528c83cfbd8e8d713a4e1bdf3efe8b61629ad6a6bb1df0,542,200,TIGHT_CROP,VALID
FIG_LEPH107_7_17,leph107,7,7.17,24,/extracted_figures/leph107_fig_7_17.png,SOURCE_leph107_7_7.17,a75c3cf595cb00f3cb37f92483ca649872f4fb8f4739af48fc7cee94d61febe0,295,110,TIGHT_CROP,VALID
FIG_LEPH108_P1_1,leph108,8,on,1,/extracted_figures/leph108_p1_img1.jpeg,SOURCE_leph108_8_on,b23b000d1d25cd24a646272907f7472fb8a8cf37bf298bcbcaa868cae6981725,132,132,TIGHT_CROP,VALID
FIG_LEPH108_P2_1,leph108,8,8.1(a),2,/extracted_figures/leph108_p2_img1.jpeg,SOURCE_leph108_8_8.1(a),41b72944669e294ad43db41370c2a237fd21bab9495ff330c39af0b82e099724,85,129,TIGHT_CROP,VALID
FIG_LEPH108_8_1,leph108,8,8.1,3,/extracted_figures/leph108_fig_8_1.png,SOURCE_leph108_8_8.1,2bc042194201a7be28751cc3efd51ec69cf3d4fd38f205c316b70640df4412ac,295,197,TIGHT_CROP,VALID
FIG_LEPH108_8_2,leph108,8,8.2,4,/extracted_figures/leph108_fig_8_2.png,SOURCE_leph108_8_8.2,53be9d93a71e28528b692a0a8b59725be98d69ed9d280b042f4b0a012d24e245,295,167,TIGHT_CROP,VALID
FIG_LEPH108_P6_1,leph108,8,8.3,6,/extracted_figures/leph108_p6_img1.jpeg,SOURCE_leph108_8_8.3,0870f7ce666074b6b3e2ad66467a6d08d0b1e46e04de9f76789754b706697d84,87,106,TIGHT_CROP,VALID
FIG_LEPH108_8_3,leph108,8,8.3,6,/extracted_figures/leph108_fig_8_3.png,SOURCE_leph108_8_8.3,35961de2b72806db8a0da5aa6666d721b5b02cd708e7a1cd372778aedcec6fbc,295,117,TIGHT_CROP,VALID
FIG_LEPH108_P9_1,leph108,8,8.4,9,/extracted_figures/leph108_p9_img1.jpeg,SOURCE_leph108_8_8.4,222c322ee036b7a524bc7730a44053fafc20b8aca4a8f5e7301e9f1d1526b93d,174,103,TIGHT_CROP,VALID
FIG_LEPH108_8_4,leph108,8,8.4,9,/extracted_figures/leph108_fig_8_4.png,SOURCE_leph108_8_8.4,29d915ce31c1c4004353c17041787342e8ec0f3eb8e04ed42def66abcff29236,542,393,TIGHT_CROP,VALID
FIG_LEPH108_8_5,leph108,8,8.5,13,/extracted_figures/leph108_fig_8_5.png,SOURCE_leph108_8_8.5,5d6e631f577738d05551e12f04a943ef442f3ba525d76486bf2acd26975669a8,295,91,TIGHT_CROP,VALID
FIG_LEPH108_8_6,leph108,8,8.6,14,/extracted_figures/leph108_fig_8_6.png,SOURCE_leph108_8_8.6,90760bfce8aa0fdefa87190c8e033038ed3c71bbff6cf59def520aa9a470f4f7,542,467,TIGHT_CROP,VALID
FIG_LEPH201_P1_1,leph201,9,on,1,/extracted_figures/leph201_p1_img1.jpx,SOURCE_leph201_9_on,3c744d9ac3aad4d8f930e88917c5f8a82b5032a31276032e41424f2d571a54d9,177,177,TIGHT_CROP,VALID
FIG_LEPH201_9_1,leph201,9,9.1,2,/extracted_figures/leph201_fig_9_1.png,SOURCE_leph201_9_9.1,ae3fa54cb76070d9ec64d8aa98e4b42c3174844632d4aea5bd94f469db8bd148,271,197,TIGHT_CROP,VALID
FIG_LEPH201_9_2,leph201,9,9.2,2,/extracted_figures/leph201_fig_9_2.png,SOURCE_leph201_9_9.2,e4b3a78b68f9e93ddef17bbdee0b8831153d2914dadbfbd92efd5d00e8ed2871,271,189,TIGHT_CROP,VALID
FIG_LEPH201_9_3,leph201,9,9.3,3,/extracted_figures/leph201_fig_9_3.png,SOURCE_leph201_9_9.3,206bff263319f45ddcf77d2fcc8ec930af33500d07b3c2a9426b7e1ad55e4138,497,454,TIGHT_CROP,VALID
FIG_LEPH201_9_4,leph201,9,9.4,4,/extracted_figures/leph201_fig_9_4.png,SOURCE_leph201_9_9.4,85cb135db38d63c6a2087114148b0ff07593c3f2039626b0cf08498cd71dc2a0,271,75,TIGHT_CROP,VALID
FIG_LEPH201_9_5,leph201,9,9.5,4,/extracted_figures/leph201_fig_9_5.png,SOURCE_leph201_9_9.5,85a151bda9c82362ec3a519c15328fa3dc8fba2efe60c940d8e045b934b9f54c,271,195,TIGHT_CROP,VALID
FIG_LEPH201_P6_1,leph201,9,9.6,6,/extracted_figures/leph201_p6_img1.jpx,SOURCE_leph201_9_9.6,56bb6528245af924dbb231c9756780f8cf7a7fc7988e28499f77224dd72dd7bf,491,255,TIGHT_CROP,VALID
FIG_LEPH201_9_6,leph201,9,9.6,6,/extracted_figures/leph201_fig_9_6.png,SOURCE_leph201_9_9.6,014774351c16a26e79c1f030c267f0bb75de0e445f7107ebb6aacbe30310df8b,497,114,TIGHT_CROP,VALID
FIG_LEPH201_9_7,leph201,9,9.7,6,/extracted_figures/leph201_fig_9_7.png,SOURCE_leph201_9_9.7,bf4cd2a84997be586c8a0f2f01f9a82a7131b7b23015a18767030fdcf9012249,271,135,TIGHT_CROP,VALID
FIG_LEPH201_9_8,leph201,9,9.8,8,/extracted_figures/leph201_fig_9_8.png,SOURCE_leph201_9_9.8,ac71afb47dff8ae6d4b5f140c794bfde15ffc1aab81c7d3c0cc370ce7d891943,271,140,TIGHT_CROP,VALID
FIG_LEPH201_P9_1,leph201,9,9.10,9,/extracted_figures/leph201_p9_img1.jpx,SOURCE_leph201_9_9.10,cbdbbecab4061a85b51cb685951c5fe7195529dd56c3fb117b99435f9ef85046,446,502,TIGHT_CROP,VALID
FIG_LEPH201_9_10,leph201,9,9.10,9,/extracted_figures/leph201_fig_9_10.png,SOURCE_leph201_9_9.10,273c5dd234f5e3fe97dc590f16d1d1f76cc3a2e61f1ffb778b92aa61c61dbb8e,271,114,TIGHT_CROP,VALID
FIG_LEPH201_9_9,leph201,9,9.9,9,/extracted_figures/leph201_fig_9_9.png,SOURCE_leph201_9_9.9,b00fc71440ff026c84aedd4db38debb35934dfe1b884d4d49d231c0fbe6df857,271,192,TIGHT_CROP,VALID
FIG_LEPH201_9_11,leph201,9,9.11,10,/extracted_figures/leph201_fig_9_11.png,SOURCE_leph201_9_9.11,2af07aa1e401939375b03429093e843e4e546400e0b349a41db58a485a504528,271,213,TIGHT_CROP,VALID
FIG_LEPH201_9_12,leph201,9,9.12,11,/extracted_figures/leph201_fig_9_12.png,SOURCE_leph201_9_9.12,0f4e62595bb2f3f1064930659351f4d4d18f2c08bde92929bd1e905c37ee53b6,494,480,TIGHT_CROP,VALID
FIG_LEPH201_9_13,leph201,9,9.13,11,/extracted_figures/leph201_fig_9_13.png,SOURCE_leph201_9_9.13,7801c72f981b616d8f56ab8133424258e8ec69a83311c1d75a83a056b2a5a577,567,696,TIGHT_CROP,VALID
FIG_LEPH201_9_14,leph201,9,9.14,12,/extracted_figures/leph201_fig_9_14.png,SOURCE_leph201_9_9.14,34207c5a091ad96a4791dce712ef718aeed78dceff06dfb4f30dca6b2b155d45,271,171,TIGHT_CROP,VALID
FIG_LEPH201_9_15,leph201,9,9.15,13,/extracted_figures/leph201_fig_9_15.png,SOURCE_leph201_9_9.15,051def4cd47d94aee104720bcadf0a0dd94257b9b723fd732ee4fa31d209bb89,271,51,TIGHT_CROP,VALID
FIG_LEPH201_9_16,leph201,9,9.16,14,/extracted_figures/leph201_fig_9_16.png,SOURCE_leph201_9_9.16,db7aff8669bee18c340c31a44fffafdfd3df3391aa5764001aafca4ab40d8f8a,271,603,TIGHT_CROP,VALID
FIG_LEPH201_9_17,leph201,9,9.17,15,/extracted_figures/leph201_fig_9_17.png,SOURCE_leph201_9_9.17,49a4e3da429837aa8df38a68d62f5626d71fff20caef49cc305fa15cefb764b1,271,57,TIGHT_CROP,VALID
FIG_LEPH201_9_18,leph201,9,9.18,16,/extracted_figures/leph201_fig_9_18.png,SOURCE_leph201_9_9.18,b906bdac518e5b2024170ac2d0580e1f01572098fccab73e627444f95116fb07,271,195,TIGHT_CROP,VALID
FIG_LEPH201_9_19,leph201,9,9.19,17,/extracted_figures/leph201_fig_9_19.png,SOURCE_leph201_9_9.19,3af43acc848c89a546d7a22f3a22e1c48b8357c0a44e84e0f1b94f675353a2eb,271,174,TIGHT_CROP,VALID
FIG_LEPH201_9_20,leph201,9,9.20,18,/extracted_figures/leph201_fig_9_20.png,SOURCE_leph201_9_9.20,c81ce336458538be3024e92403c374e9a3b8100a4a554f8aee0677442ddd60e6,271,135,TIGHT_CROP,VALID
FIG_LEPH201_9_21,leph201,9,9.21,19,/extracted_figures/leph201_fig_9_21.png,SOURCE_leph201_9_9.21,9cf9cfd949296b2eab8bb9ed5b20bc00e9e3d0aef9c6931c93b8f13bb245b51f,271,148,TIGHT_CROP,VALID
FIG_LEPH201_9_22,leph201,9,9.22,20,/extracted_figures/leph201_fig_9_22.png,SOURCE_leph201_9_9.22,ec154a6ab7f335d6649e35721e3996381f2e19762447293467807da83d90f928,271,125,TIGHT_CROP,VALID
FIG_LEPH201_9_23,leph201,9,9.23,21,/extracted_figures/leph201_fig_9_23.png,SOURCE_leph201_9_9.23,d7747521b0329239bc709765531d3a24c7d5c86d1b70dc8f8bf9759c6aebed80,497,534,TIGHT_CROP,VALID
FIG_LEPH201_9_24,leph201,9,9.24,23,/extracted_figures/leph201_fig_9_24.png,SOURCE_leph201_9_9.24,cc83cdb83d2e1492f42e8f085925cf2fa93edc60b40eff4dec67877470336221,271,292,TIGHT_CROP,VALID
FIG_LEPH201_9_25,leph201,9,9.25,25,/extracted_figures/leph201_fig_9_25.png,SOURCE_leph201_9_9.25,44bcc5c527bd78655b6d0eb7c94dea6e518e902697d844f42dd14d8d91ecbbc9,271,222,TIGHT_CROP,VALID
FIG_LEPH201_9_26,leph201,9,9.26,26,/extracted_figures/leph201_fig_9_26.png,SOURCE_leph201_9_9.26,98abaa0b76bb135f6d2e924cf52b5ad6a9acc9d0be4d7e20046859b9e9034665,497,241,TIGHT_CROP,VALID
FIG_LEPH201_9_27,leph201,9,9.27,29,/extracted_figures/leph201_fig_9_27.png,SOURCE_leph201_9_9.27,00286272161d90032a6635048925a64a7be989b76f8b9141b9edd43e7007f043,271,128,TIGHT_CROP,VALID
FIG_LEPH201_9_28,leph201,9,9.28,30,/extracted_figures/leph201_fig_9_28.png,SOURCE_leph201_9_9.28,6e33d39c96b602be9b25b5eb4c9dd1cd510557f3831ecfd6d2630ae316bda039,271,86,TIGHT_CROP,VALID
FIG_LEPH201_9_29,leph201,9,9.29,33,/extracted_figures/leph201_fig_9_29.png,SOURCE_leph201_9_9.29,346f17df3b6b70a2e8f0fa58a401224d81cbedf35270371e2d62316057de4c4e,271,173,TIGHT_CROP,VALID
FIG_LEPH201_9_30,leph201,9,9.30,33,/extracted_figures/leph201_fig_9_30.png,SOURCE_leph201_9_9.30,162ed9502078a091ec6a1a5e5ec88b3ad7b1349ac02bab7836aa65d9721e82cf,271,188,TIGHT_CROP,VALID
FIG_LEPH202_P1_1,leph202,10,on,1,/extracted_figures/leph202_p1_img1.jpx,SOURCE_leph202_10_on,9a90d6172d99f12b5565f356a4d07be5ae62594ca9e9216d8e9a44f998107735,177,177,TIGHT_CROP,VALID
FIG_LEPH202_10_1,leph202,10,10.1,3,/extracted_figures/leph202_fig_10_1.png,SOURCE_leph202_10_10.1,c6fd1d9fdf7c485c1bbc3ea89b250126e4f9c2f7f0def21ef7772cd485ff2285,271,72,TIGHT_CROP,VALID
FIG_LEPH202_10_2,leph202,10,10.2,3,/extracted_figures/leph202_fig_10_2.png,SOURCE_leph202_10_10.2,e1b681755655a36908dfd894e09b2edd12c33c9e00c6384ff4200d2412214cb7,497,171,TIGHT_CROP,VALID
FIG_LEPH202_P4_1,leph202,10,10.3,4,/extracted_figures/leph202_p4_img1.jpx,SOURCE_leph202_10_10.3,91ca8e9851d0bdb8e7957113d0bea9f79d90c25db6c7969535f8423b19111ee6,465,330,TIGHT_CROP,VALID
FIG_LEPH202_10_3,leph202,10,10.3,4,/extracted_figures/leph202_fig_10_3.png,SOURCE_leph202_10_10.3,97ab1a667addf33601fa1b52fd8bf862c601fcbdb615ae8502995f03c9b5e46c,271,56,TIGHT_CROP,VALID
FIG_LEPH202_10_4,leph202,10,10.4,4,/extracted_figures/leph202_fig_10_4.png,SOURCE_leph202_10_10.4,6f8fbe61002882d034f65773091cfea0b26a34d47b83a3d1b570ee90228fa0de,497,216,TIGHT_CROP,VALID
FIG_LEPH202_P5_1,leph202,10,on,5,/extracted_figures/leph202_p5_img1.jpx,SOURCE_leph202_10_on,1a03ddf686f4bffec1804b47c3eafe6b716d281f39d4d468f3f04ea6fbc1ad0c,114,172,TIGHT_CROP,VALID
FIG_LEPH202_P6_1,leph202,10,10.5,6,/extracted_figures/leph202_p6_img1.jpx,SOURCE_leph202_10_10.5,64fb53ac6bf989bbd2a1bf7933842fadde9e13997c498af44742ba29dc852071,511,315,TIGHT_CROP,VALID
FIG_LEPH202_10_5,leph202,10,10.5,6,/extracted_figures/leph202_fig_10_5.png,SOURCE_leph202_10_10.5,d5e7aa828846b846d8035b86a25d16c0163184362183b44ef2c70bfef7a8926b,271,199,TIGHT_CROP,VALID
FIG_LEPH202_P7_1,leph202,10,10.6,7,/extracted_figures/leph202_p7_img1.jpx,SOURCE_leph202_10_10.6,39683dab6aa974cc8848bb09d1b1322784a5102292f3dcf6323e4b079f2281aa,425,194,TIGHT_CROP,VALID
FIG_LEPH202_P7_2,leph202,10,10.7,7,/extracted_figures/leph202_p7_img2.jpx,SOURCE_leph202_10_10.7,ff55b76591eaa3e89892f7b56e387b943fd3f393fb54cba893dadd370f1ae64a,921,272,TIGHT_CROP,VALID
FIG_LEPH202_10_6,leph202,10,10.6,7,/extracted_figures/leph202_fig_10_6.png,SOURCE_leph202_10_10.6,7cebc8dfe787f6a5908adfc973aab3643ae31bbb3db05ee0bf8321238c0691d0,497,184,TIGHT_CROP,VALID
FIG_LEPH202_10_7,leph202,10,10.7,7,/extracted_figures/leph202_fig_10_7.png,SOURCE_leph202_10_10.7,f5ab79e765c562b2012454b104e1eae31aa4fd7f36789be622a114d3322c5088,497,144,TIGHT_CROP,VALID
FIG_LEPH202_P8_1,leph202,10,10.8(b),8,/extracted_figures/leph202_p8_img1.jpx,SOURCE_leph202_10_10.8(b),b58a2699c2009030799efffee639015b4ead42691dff010fd8a7428b3e4d9cf1,216,186,TIGHT_CROP,VALID
FIG_LEPH202_P8_2,leph202,10,10.8,8,/extracted_figures/leph202_p8_img2.jpx,SOURCE_leph202_10_10.8,ff0b174cddba0567b487750536f471d8dddac39e8ddb9636b375f1c19aecce1e,202,182,TIGHT_CROP,VALID
FIG_LEPH202_10_8,leph202,10,10.8,8,/extracted_figures/leph202_fig_10_8.png,SOURCE_leph202_10_10.8,de1351a1f1afd82e2d9d22b2814c48be5ac7642421387e6cf029d6839e764571,271,204,TIGHT_CROP,VALID
FIG_LEPH202_10_9,leph202,10,10.9,9,/extracted_figures/leph202_fig_10_9.png,SOURCE_leph202_10_10.9,487d062b0fbb8c5385424719b043f4e6d1b7406f0ed8353ed7114bc90a743ee1,271,106,TIGHT_CROP,VALID
FIG_LEPH202_10_10,leph202,10,10.10,9,/extracted_figures/leph202_fig_10_10.png,SOURCE_leph202_10_10.10,51ba84c8be069bf9347a3eece3e281521af0ddb3d1941f03d7e17d45cdbd87f0,271,54,TIGHT_CROP,VALID
FIG_LEPH202_P11_1,leph202,10,10.12,11,/extracted_figures/leph202_p11_img1.jpx,SOURCE_leph202_10_10.12,f21040c6a92ae4b74e04107495c95d612607114bfaf6895ed27852df92bbd3ef,818,281,TIGHT_CROP,VALID
FIG_LEPH202_10_11,leph202,10,10.11,11,/extracted_figures/leph202_fig_10_11.png,SOURCE_leph202_10_10.11,6318b8b58840e755d2512340d5b0ffd5a5ff65e245f16102c0b5df735880b0db,271,77,TIGHT_CROP,VALID
FIG_LEPH202_10_12,leph202,10,10.12,11,/extracted_figures/leph202_fig_10_12.png,SOURCE_leph202_10_10.12,2f16158d2a9e1fa0b16b4209c175b94a1cb0d047740d00ab42d7f59479b662a0,497,190,TIGHT_CROP,VALID
FIG_LEPH202_P12_1,leph202,10,on,12,/extracted_figures/leph202_p12_img1.jpeg,SOURCE_leph202_10_on,82aeee3a861493c79ce9f752c8695a8850a0086d5fe39532ad8ba213e6d8b05a,593,507,TIGHT_CROP,VALID
FIG_LEPH202_P12_2,leph202,10,on,12,/extracted_figures/leph202_p12_img2.jpx,SOURCE_leph202_10_on,295b97cc38e419c7df062bcc7af27cc2de722b438f53f9e44938d5902cea928d,200,259,TIGHT_CROP,VALID
FIG_LEPH202_P12_3,leph202,10,on,12,/extracted_figures/leph202_p12_img3.jpeg,SOURCE_leph202_10_on,da5cccf9fe9af54b68c4fa40263f4bd03bc061fa554885f90d7e823d290ca8c4,592,514,TIGHT_CROP,VALID
FIG_LEPH202_10_13,leph202,10,10.13,12,/extracted_figures/leph202_fig_10_13.png,SOURCE_leph202_10_10.13,9f28b3be619b9de9ae28e9fd196790a222c9384521f620b92cc3ec2a8ff60a74,497,153,TIGHT_CROP,VALID
FIG_LEPH202_10_14,leph202,10,10.14,13,/extracted_figures/leph202_fig_10_14.png,SOURCE_leph202_10_10.14,460df7cd971d3954e687b521a76c52b68356dd1ad21511e9575f3b37397b8dd2,271,161,TIGHT_CROP,VALID
FIG_LEPH202_10_15,leph202,10,10.15,13,/extracted_figures/leph202_fig_10_15.png,SOURCE_leph202_10_10.15,21a7c46106273093b8bbe13b3279fb7a0535a9b82f3f941702ec68629e62cfec,271,82,TIGHT_CROP,VALID
FIG_LEPH202_10_16,leph202,10,10.16,14,/extracted_figures/leph202_fig_10_16.png,SOURCE_leph202_10_10.16,709d8c362e82808aa737d35b4f1b69b922c4d437cdc11ffdfeb9e0296743dc59,497,480,TIGHT_CROP,VALID
FIG_LEPH202_10_17,leph202,10,10.17,15,/extracted_figures/leph202_fig_10_17.png,SOURCE_leph202_10_10.17,9fa098280211d952a6d956193d221b495403e837a5f0b9704dcb4893b83dc02a,497,293,TIGHT_CROP,VALID
FIG_LEPH202_10_18,leph202,10,10.18,17,/extracted_figures/leph202_fig_10_18.png,SOURCE_leph202_10_10.18,85aefa9393833ebcda3531be85472cbc8b607417b100ce13bc401c056541b8e3,497,257,TIGHT_CROP,VALID
FIG_LEPH203_P1_1,leph203,11,on,1,/extracted_figures/leph203_p1_img1.jpx,SOURCE_leph203_11_on,5178a0cfe553dcbad823a38aec337557870c3cd61347413c9114ba92a8e2931c,177,177,TIGHT_CROP,VALID
FIG_LEPH203_11_1,leph203,11,11.1,4,/extracted_figures/leph203_fig_11_1.png,SOURCE_leph203_11_11.1,e9189de33ab08e756bb4a02c195e655f0fb1081bdcaa7923a73e7e7716c4f546,271,412,TIGHT_CROP,VALID
FIG_LEPH203_11_2,leph203,11,11.2,5,/extracted_figures/leph203_fig_11_2.png,SOURCE_leph203_11_11.2,0ca19e01c45caa56af7fe625907fbc92ac7197ffaa3b20f6c126a8961fa3c173,271,136,TIGHT_CROP,VALID
FIG_LEPH203_11_3,leph203,11,11.3,5,/extracted_figures/leph203_fig_11_3.png,SOURCE_leph203_11_11.3,90a061bd19ca0925afb44438da076e0f5e1de4412ff48eaaf8c900cb97706484,271,228,TIGHT_CROP,VALID
FIG_LEPH203_11_4,leph203,11,11.4,6,/extracted_figures/leph203_fig_11_4.png,SOURCE_leph203_11_11.4,b9246a8bd58c0620d3b0e885d58ef8d7b404429a9dd7c2c8922f1165f843470e,271,162,TIGHT_CROP,VALID
FIG_LEPH203_11_5,leph203,11,11.5,6,/extracted_figures/leph203_fig_11_5.png,SOURCE_leph203_11_11.5,bff47387b45d2eb4b8286656b18a10de79694041faaf7a819a6fea801d80680e,271,366,TIGHT_CROP,VALID
FIG_LEPH203_P9_1,leph203,11,on,9,/extracted_figures/leph203_p9_img1.jpx,SOURCE_leph203_11_on,76731451dd3b72852087889110e92e9f5912546ea41c98b9df70213fc72173a8,85,104,TIGHT_CROP,VALID
FIG_LEPH203_P12_1,leph203,11,on,12,/extracted_figures/leph203_p12_img1.jpx,SOURCE_leph203_11_on,aef3070aa17b152660efbc469d7b49f7fe91ebf0ba7dfe64ee0e45f58b1b2a39,154,218,TIGHT_CROP,VALID
FIG_LEPH204_P1_1,leph204,12,on,1,/extracted_figures/leph204_p1_img1.jpx,SOURCE_leph204_12_on,6fd95ab5b04834698b66c870f0424e0f70116074dd8fe3c207bfe5d46f0eec09,177,177,TIGHT_CROP,VALID
FIG_LEPH204_P2_1,leph204,12,on,2,/extracted_figures/leph204_p2_img1.jpx,SOURCE_leph204_12_on,8f1ae08fea664e124504456084fc2fc70aab844c5c8f3f344797d6019def6554,195,225,TIGHT_CROP,VALID
FIG_LEPH204_12_2,leph204,12,12.2,3,/extracted_figures/leph204_fig_12_2.png,SOURCE_leph204_12_12.2,3b2dfd7b25ec4cf8ce9f7f079ce9722d88a501e45452afaa6335b9f97f84d1c7,497,232,TIGHT_CROP,VALID
FIG_LEPH204_12_1,leph204,12,12.1,3,/extracted_figures/leph204_fig_12_1.png,SOURCE_leph204_12_12.1,d624bb6368d5de6a38a9c9873cb2f2d3986c4fd70caee276998cdf41a9137b88,271,316,TIGHT_CROP,VALID
FIG_LEPH204_12_3,leph204,12,12.3,4,/extracted_figures/leph204_fig_12_3.png,SOURCE_leph204_12_12.3,52dccfb60aadde2e72e3fe5c2c4140926068b936d9f929607a330a7676f64a5d,494,480,TIGHT_CROP,VALID
FIG_LEPH204_12_4,leph204,12,12.4,5,/extracted_figures/leph204_fig_12_4.png,SOURCE_leph204_12_12.4,d86477b7ab74a5e09afd49328f0ca33b7b1bf6815a45f0b6dfe58052e03cd5ce,271,187,TIGHT_CROP,VALID
FIG_LEPH204_P8_1,leph204,12,12.5,8,/extracted_figures/leph204_p8_img1.jpx,SOURCE_leph204_12_12.5,649f8088dec3f8f7401853dd83602ae1588e199a9f0ca53787e055e93976b6f5,189,258,TIGHT_CROP,VALID
FIG_LEPH204_12_5,leph204,12,12.5,8,/extracted_figures/leph204_fig_12_5.png,SOURCE_leph204_12_12.5,199df4107a089b486e677499afa2e3806b5c38140239ace1a74ba91d1e79e570,271,225,TIGHT_CROP,VALID
FIG_LEPH204_12_6,leph204,12,12.6,9,/extracted_figures/leph204_fig_12_6.png,SOURCE_leph204_12_12.6,a700d25d20595800927235e56bf72e6e45bcf1465af07e1a336424f6fa308a7f,497,208,TIGHT_CROP,VALID
FIG_LEPH204_12_7,leph204,12,12.7,11,/extracted_figures/leph204_fig_12_7.png,SOURCE_leph204_12_12.7,101650cda31cd3d39a2a67ca2fa47ce7108babf61cedfe62ced7cb3807e3bb07,271,130,TIGHT_CROP,VALID
FIG_LEPH204_12_8,leph204,12,12.8,13,/extracted_figures/leph204_fig_12_8.png,SOURCE_leph204_12_12.8,f9a0dce17b5bc2338af437d1e6282e0e87b8e5199b398dec13f4762afce39df1,497,155,TIGHT_CROP,VALID
FIG_LEPH205_P1_1,leph205,13,on,1,/extracted_figures/leph205_p1_img1.jpx,SOURCE_leph205_13_on,77732da5af5d511a4134c08baa7111b69fa6ef4b4a189940eca7daf0d92e945e,177,177,TIGHT_CROP,VALID
FIG_LEPH205_13_1,leph205,13,13.1,7,/extracted_figures/leph205_fig_13_1.png,SOURCE_leph205_13_13.1,30c76118ab6aeead96519cd90123d7cc40e5731dd7fa445601a69c76f798a00a,271,202,TIGHT_CROP,VALID
FIG_LEPH205_13_2,leph205,13,13.2,8,/extracted_figures/leph205_fig_13_2.png,SOURCE_leph205_13_13.2,f95fa2d45104e563ed955f2210198d89dee9f05f3d649a28cca9d50453affb32,271,306,TIGHT_CROP,VALID
FIG_LEPH206_P1_1,leph206,14,on,1,/extracted_figures/leph206_p1_img1.jpx,SOURCE_leph206_14_on,1c51cd790c20b0cbd502e98a8d93df4d1a72cdc70f3967f5d890fb8c83144395,177,177,TIGHT_CROP,VALID
FIG_LEPH206_14_1,leph206,14,14.1,4,/extracted_figures/leph206_fig_14_1.png,SOURCE_leph206_14_14.1,6618059a0ddc0c1d3a1f955c7925d0e5d1dfff55cd7391766bcb45d80bd8c7c2,271,289,TIGHT_CROP,VALID
FIG_LEPH206_14_2,leph206,14,14.2,4,/extracted_figures/leph206_fig_14_2.png,SOURCE_leph206_14_14.2,679b273f6091a6d044280518142c335c2c5b8dbface39762c1346ac28e01a1db,497,300,TIGHT_CROP,VALID
FIG_LEPH206_14_3,leph206,14,14.3,5,/extracted_figures/leph206_fig_14_3.png,SOURCE_leph206_14_14.3,55acf9bf745bc85d72deba2268a1f4c5ef7e97b5df0e822503ceb7641a2968e7,271,224,TIGHT_CROP,VALID
FIG_LEPH206_14_4,leph206,14,14.4,6,/extracted_figures/leph206_fig_14_4.png,SOURCE_leph206_14_14.4,7115640e8b9b2c859935500d767eec60f15287be718f308da2279c587f7e8a01,271,238,TIGHT_CROP,VALID
FIG_LEPH206_14_5,leph206,14,14.5,6,/extracted_figures/leph206_fig_14_5.png,SOURCE_leph206_14_14.5,2cbc02f0f06b48314e53da0eefdcbca29cc67410578cc9ed7080230a9466bd3f,497,255,TIGHT_CROP,VALID
FIG_LEPH206_14_6,leph206,14,14.6,7,/extracted_figures/leph206_fig_14_6.png,SOURCE_leph206_14_14.6,e15b8038686b33ab69bb1a6766c9b4073f0f8dadaaadd65a8b163e9f04772032,271,237,TIGHT_CROP,VALID
FIG_LEPH206_14_7,leph206,14,14.7,8,/extracted_figures/leph206_fig_14_7.png,SOURCE_leph206_14_14.7,e1dcb96cb3bb5d7e9170ae70a71b49ce3b87c7d1c5c6faed444bf030d1c0c4c3,271,378,TIGHT_CROP,VALID
FIG_LEPH206_14_8,leph206,14,14.8,9,/extracted_figures/leph206_fig_14_8.png,SOURCE_leph206_14_14.8,8ead13bfbe0e35d0ca5602a5312f903d417c8546a7486e9995ed65149bdac2e0,271,318,TIGHT_CROP,VALID
FIG_LEPH206_14_9,leph206,14,14.9,10,/extracted_figures/leph206_fig_14_9.png,SOURCE_leph206_14_14.9,80665c36610e9920d9d09ffc3d4f59ba6229ab49f9ec7e6022f06a067340980c,497,210,TIGHT_CROP,VALID
FIG_LEPH206_14_10,leph206,14,14.10,11,/extracted_figures/leph206_fig_14_10.png,SOURCE_leph206_14_14.10,aea65b14a83d7ce94978f9e5d7c56d41255956dfb7ede0f8b73cc8c0fb293b90,271,208,TIGHT_CROP,VALID
FIG_LEPH206_14_11,leph206,14,14.11,12,/extracted_figures/leph206_fig_14_11.png,SOURCE_leph206_14_14.11,f5789edf8af405cda620c26e35c0e49dd3d326d0730dc0694e55a0ba4dbbc3a7,271,116,TIGHT_CROP,VALID
FIG_LEPH206_14_12,leph206,14,14.12,12,/extracted_figures/leph206_fig_14_12.png,SOURCE_leph206_14_14.12,4d156a1b3859cb50810475b8a2792c8acb9b0ceb25b31296ff538f0b93ae2bf8,271,66,TIGHT_CROP,VALID
FIG_LEPH206_14_13,leph206,14,14.13,13,/extracted_figures/leph206_fig_14_13.png,SOURCE_leph206_14_14.13,428939168f1f0f527a198471c3a74be9c05a5a8ab029c68ae73143473e6f4e0b,271,82,TIGHT_CROP,VALID
FIG_LEPH206_14_14,leph206,14,14.14,13,/extracted_figures/leph206_fig_14_14.png,SOURCE_leph206_14_14.14,a47c3924846dd5661c2155f7888a826d66ae413469de074eb878b5ec628b1b16,271,39,TIGHT_CROP,VALID
FIG_LEPH206_14_15,leph206,14,14.15,14,/extracted_figures/leph206_fig_14_15.png,SOURCE_leph206_14_14.15,bbccf6181d51158a4920a254948fa222835af6edf1f687b6fe3427be174e7183,271,197,TIGHT_CROP,VALID
FIG_LEPH206_14_16,leph206,14,14.16,14,/extracted_figures/leph206_fig_14_16.png,SOURCE_leph206_14_14.16,7f944d5635c6edf76e761464eef3243bf46eecd42c3e911371b379e61bce7fd8,497,312,TIGHT_CROP,VALID
FIG_LEPH206_14_17,leph206,14,14.17,15,/extracted_figures/leph206_fig_14_17.png,SOURCE_leph206_14_14.17,07840508a0859da283e38f5bae77a44ffb19181f48fafdcaccf9d9ae1e80ef2a,271,209,TIGHT_CROP,VALID
FIG_LEPH206_14_18,leph206,14,14.18,16,/extracted_figures/leph206_fig_14_18.png,SOURCE_leph206_14_14.18,c00313a334d6cbb4f72a24bef32c63658a45e7e36f0d06c11b74bc24321c0a8a,271,220,TIGHT_CROP,VALID
FIG_LEPH206_14_19,leph206,14,14.19,17,/extracted_figures/leph206_fig_14_19.png,SOURCE_leph206_14_14.19,07dd67f1aff76569bafe8b02ff93a747f64927f4c82d5992b25062f765a90575,271,472,TIGHT_CROP,VALID
FIG_LEPH206_14_20,leph206,14,14.20,18,/extracted_figures/leph206_fig_14_20.png,SOURCE_leph206_14_14.20,ccc9ce1c09b269d78238d6044828f5f2dc51cb6a7912a3a8cc08e90e70b448ae,497,199,TIGHT_CROP,VALID
